ply
format ascii 1.0
comment created by gply, a Houdini tool.
comment converted from .[b]geo
comment for more information about Houdini, try:
comment www.sidefx.com
element vertex 3551
property float x
property float y
property float z
property float nx
property float ny
property float nz
property float s
property float t
element face 3225
property list uchar int vertex_indices
end_header
-1.16340864 0.229881763 -0.0418016426 -0.883282542 -0.459803849 0.0914614946 0.296821684 0.485388458 
-1.16340864 0.217324048 -0.0831989124 -0.883284271 -0.43313086 0.179404825 0.341844022 0.471731067 
-1.16340864 0.212228686 -0.092731677 -0.720649481 -0.68583554 -0.101294391 0.352211535 0.466189504 
-1.16340864 0.207593858 -0.0879326537 -0.881620288 -0.282120854 -0.378276497 0.346992254 0.461148858 
-1.16340864 0.147684157 -0.0568257384 -0.886997759 -0.172608554 -0.428258359 0.313161463 0.395992994 
-1.16340864 0.0937549174 -0.0414776728 -0.895349503 -0.115512811 -0.430099219 0.296469092 0.337341249 
-1.16340864 0.0516319275 -0.0309603307 -0.883530617 -0.168894097 -0.436774731 0.285030842 0.291529775 
-1.16340864 0.0256902575 -0.0169348624 -0.866751313 -0.35548377 -0.349737167 0.269777149 0.263316482 
-1.16340864 0.0169787407 -8.16664181e-10 -0.850978494 -0.525162756 -0 0.25135982 0.253842354 
-1.16340864 0.025690347 0.0169348605 -0.866751313 -0.35548377 0.349737167 0.232941955 0.263316214 
-1.16340864 0.0516319275 0.0309603252 -0.883557737 -0.168891773 0.436768711 0.217688173 0.291529506 
-1.16340864 0.0937549174 0.0414776616 -0.895349503 -0.115512811 0.430099219 0.20624952 0.337341338 
-1.16340864 0.147684187 0.0568257459 -0.886997759 -0.172608554 0.428258359 0.18955785 0.395992994 
-1.16340864 0.207593918 0.0879326388 -0.881687641 -0.282052517 0.378178596 0.155726805 0.461148947 
-1.16340864 0.213093281 0.0936141983 -0.721028805 -0.685439765 0.101308256 0.149547711 0.467129827 
-1.16340864 0.217324167 0.085698761 -0.883284271 -0.43313086 -0.179404825 0.158156306 0.471731216 
-1.16340864 0.229881823 0.0443014614 -0.883282542 -0.459803849 -0.0914614946 0.203178689 0.485388517 
-1.16340864 0.234121978 0.00125007634 -0.883279264 -0.468804747 -0 0.25 0.49000001 
1.00047159 0.586851835 -0.335621238 0.576857507 -0.5461905 -0.607339501 0.401304424 0.792467058 
1.05334914 0.628858447 -0.31876114 0.636160612 -0.50163424 -0.586165309 0.431117892 0.797799587 
1.07250524 0.589281797 -0.258651137 0.665758312 -0.535848141 -0.519191682 0.425593138 0.818019927 
1.01848817 0.537651062 -0.269216686 0.605666161 -0.572511733 -0.552582681 0.399628729 0.814155698 
1.10577369 0.676443696 -0.298467129 0.682773411 -0.457503885 -0.56963414 0.456391633 0.803091764 
1.1264497 0.646303594 -0.244431421 0.705862403 -0.501972318 -0.499702066 0.449843287 0.821904838 
1.0908705 0.555903077 -0.194082782 0.709509492 -0.552308857 -0.437604666 0.423151881 0.841444135 
1.03600276 0.492563337 -0.198811725 0.661680341 -0.56396395 -0.49403432 0.399375051 0.839241922 
1.14612162 0.622225523 -0.185616404 0.735764384 -0.538075566 -0.411183149 0.445523977 0.843803346 
0.932391346 0.613030553 -0.414482266 0.499285638 -0.532142043 -0.683738351 0.355695248 0.769304812 
0.983913958 0.640724659 -0.394541651 0.563291907 -0.487552345 -0.667057693 0.412994355 0.775917649 
0.947998703 0.55265528 -0.349755138 0.49879092 -0.598207831 -0.627108097 0.36685583 0.787101626 
1.03580213 0.674234211 -0.371553868 0.617327809 -0.446257651 -0.647864044 0.444181085 0.782341778 
1.08683026 0.712356567 -0.345539808 0.665030718 -0.404242694 -0.627932131 0.467955083 0.78867209 
1.13577294 0.753888965 -0.316520303 0.706653714 -0.356512845 -0.611147583 0.488354504 0.79486829 
1.15686703 0.727623284 -0.274113834 0.719278991 -0.406194001 -0.563572109 0.479271948 0.808296263 
1.17968273 0.706045151 -0.225422367 0.734364331 -0.460137576 -0.498925954 0.473504871 0.825587571 
1.20126212 0.689200938 -0.172126099 0.752993166 -0.514296234 -0.410414338 0.46829021 0.845605969 
1.21864676 0.677137077 -0.115905285 0.773266971 -0.56284982 -0.291918546 0.45661366 0.869187474 
1.16207969 0.604751647 -0.124244645 0.769517303 -0.566489398 -0.294746518 0.441566765 0.867443442 
1.10625291 0.5311445 -0.128225833 0.763544142 -0.558921933 -0.323347837 0.421928585 0.866474867 
1.0520072 0.456671298 -0.128495753 0.746144235 -0.538040876 -0.392077416 0.399229527 0.866022825 
0.981217563 0.439966261 -0.20329152 0.556923449 -0.600687027 -0.573551953 0.3746984 0.837173462 
0.995725095 0.374804437 -0.124764822 0.68842566 -0.488008529 -0.536495745 0.37500006 0.86582917 
0.964862049 0.496059954 -0.277920038 0.511089385 -0.624658704 -0.590368986 0.372586936 0.810327649 
1.05323565 1.21093225 -0.605887294 0.504769087 0.388005197 -0.771124601 0.62500006 0.773466229 
0.99708575 1.21093225 -0.640990615 0.466026604 0.415738195 -0.780992448 0.62500006 0.765854537 
0.99708575 1.21716547 -0.637666821 0.46410659 0.416209251 -0.781866372 0.62500006 0.765854418 
1.05323565 1.21716547 -0.602745533 0.50281173 0.388523817 -0.772129953 0.62500006 0.773466229 
0.94270438 1.21093225 -0.67188555 0.42589581 0.440816671 -0.790066004 0.625 0.758586705 
0.94270438 1.21716547 -0.668401659 0.424131215 0.441247493 -0.790810823 0.62500006 0.758586824 
0.99708575 1.2233988 -0.634343088 0.462231547 0.416674018 -0.782756448 0.62500006 0.765854537 
1.05323565 1.2233988 -0.599603832 0.500850379 0.389015615 -0.773164034 0.62500006 0.773466289 
0.94270438 1.2233988 -0.664917648 0.422312796 0.441655993 -0.79156661 0.62500006 0.758586764 
1.11027026 1.20469892 -0.569822788 0.59313184 -0.0284363944 -0.804598033 0.62500006 0.78125006 
1.05323565 1.2046988 -0.609028995 0.558274448 0.00173642626 -0.829611003 0.62500006 0.773466229 
1.11027026 1.21093225 -0.566883266 0.544199526 0.357317656 -0.759047747 0.62500006 0.781250119 
0.99708575 1.20469904 -0.644314289 0.522524357 0.0298002176 -0.852068543 0.62500006 0.765854478 
0.94270438 1.20469892 -0.675369561 0.483775675 0.0554216579 -0.873417675 0.62500006 0.758586764 
0.890976369 1.20469892 -0.701886058 0.440577269 0.0781969577 -0.89427191 0.62500006 0.751835346 
0.890976489 1.21093225 -0.698265254 0.383437991 0.463292092 -0.798915505 0.62500006 0.751835287 
0.890976369 1.21716547 -0.69464457 0.38174668 0.463660628 -0.799525142 0.62500006 0.751835406 
0.890976369 1.2233988 -0.691023767 0.380000323 0.464006126 -0.800144732 0.625 0.751835287 
0.890976369 1.22963214 -0.687403023 0.416040599 0.237200618 -0.877830207 0.62500006 0.751835346 
0.94270438 1.22963214 -0.661433756 0.45784983 0.224750414 -0.860114455 0.62500006 0.758586764 
0.99708575 1.22963214 -0.631019294 0.496146977 0.211118758 -0.842160225 0.62500006 0.765854478 
1.05323565 1.22963214 -0.596462071 0.532236218 0.196325064 -0.823487401 0.62500006 0.773466229 
1.11027014 1.2233988 -0.561004281 0.540206492 0.358411402 -0.761354566 0.625 0.78125 
1.11027026 1.22963214 -0.558064878 0.568344295 0.180194423 -0.802785635 0.62500006 0.78125006 
1.11027026 1.21716547 -0.563943803 0.542185128 0.357855141 -0.760223329 0.62500006 0.78125006 
-1.36376393 0.980229855 0.751618564 -0.165869355 -0.0923577026 0.981806517 0.57444042 0.23927404 
-1.36461627 1.05984235 0.756907165 -0.166105971 -0.0469626859 0.984978199 0.594985187 0.239274025 
-1.40445507 1.05977523 0.748497844 -0.288030893 -0.0467835926 0.956448138 0.594985068 0.243486345 
-1.4032557 0.980253994 0.743268132 -0.285034984 -0.0913543329 0.954148591 0.57444042 0.24348636 
-1.36493027 1.13370752 0.7588557 -0.166224271 -0.0153419208 0.985959947 0.611100018 0.23927401 
-1.40489674 1.13364911 0.750424743 -0.28819716 -0.0153378109 0.957416177 0.611100018 0.243486345 
-1.43652117 1.05977893 0.735911608 -0.709540427 -0.0408100076 0.703449011 0.594985127 0.247404546 
-1.43494463 0.980316639 0.730911374 -0.70429045 -0.077195771 0.705668986 0.57444042 0.247380823 
-1.43710732 1.13363969 0.737805545 -0.709902883 -0.0136473505 0.704150319 0.611100018 0.247404635 
-1.31185591 0.891651511 0.747630477 -0.0936870947 -0.148135111 0.984505415 0.547250986 0.233915105 
-1.31299126 0.980255008 0.758017063 -0.0935057849 -0.0921065435 0.991331637 0.57444042 0.233915135 
-1.36210442 0.891996264 0.741319716 -0.16651991 -0.148974016 0.974688113 0.547251105 0.239274025 
-1.31357408 1.05999422 0.763350725 -0.093807973 -0.0469344035 0.994473994 0.594985127 0.233915105 
-1.31378901 1.13382411 0.765315711 -0.0939892605 -0.0153302876 0.995434463 0.611100078 0.23391512 
-1.31381953 1.20469892 0.765596449 -0.0670275092 0.700924933 0.710034549 0.62500006 0.23391512 
-1.36497509 1.20469904 0.759133995 -0.119115725 0.697239876 0.706862628 0.62500006 0.23927401 
-1.40495992 1.20469892 0.750699997 -0.21000652 0.684216738 0.698351264 0.62500006 0.243486345 
-1.43719101 1.20469892 0.73807615 -0.588522375 0.558773339 0.584268808 0.62500006 0.247404665 
-1.4622432 1.20469892 0.692372143 -0.870503128 0.422720104 0.251931816 0.625000119 0.256244838 
-1.46214175 1.13376713 0.692118585 -0.960445464 -0.00906304456 0.278210044 0.611100018 0.256244719 
-1.46143043 1.05997038 0.690348387 -0.960172176 -0.0268503744 0.277996302 0.594985127 0.256243348 
-1.45955634 0.980447531 0.68610543 -0.959162951 -0.0500565767 0.278318673 0.57444042 0.256145626 
-1.43191528 0.892459869 0.721595109 -0.690764248 -0.126458332 0.711918056 0.547251046 0.247263119 
-1.45607162 0.892368555 0.6795277 -0.955643117 -0.0810415819 0.283140182 0.547251046 0.255669445 
-1.40092075 0.892261386 0.733083546 -0.279581279 -0.148318425 0.948568821 0.547251046 0.243486345 
1.03599894 0.492558658 0.199038267 0.662318051 -0.564772725 0.492251247 0.399796009 0.910758197 
1.0908643 0.555895746 0.194468036 0.708757043 -0.554973722 0.435426056 0.423283815 0.908556104 
1.07250023 0.589275479 0.259588629 0.664325058 -0.542138577 0.514481246 0.426673114 0.931980252 
1.01848471 0.537647009 0.269882768 0.606754482 -0.575258732 0.548488617 0.403009683 0.935844541 
1.14611387 0.622216046 0.186658189 0.733804345 -0.544097245 0.40674752 0.445536673 0.906196773 
1.12644327 0.646295607 0.246402368 0.702030778 -0.514517248 0.492274374 0.449975461 0.928095281 
1.05334532 0.628854156 0.320861191 0.633526325 -0.51462853 0.577674925 0.434206754 0.95220536 
1.00046921 0.586848974 0.337277621 0.578006864 -0.553542316 0.599538803 0.411523521 0.957543194 
1.1057694 0.676438212 0.301985025 0.676449537 -0.479673237 0.558819056 0.456776053 0.946908951 
0.995723665 0.374802738 0.124902382 0.689216852 -0.488142222 0.535374701 0.37500006 0.884171069 
1.05200374 0.456667066 0.128578767 0.746331811 -0.538243771 0.39142251 0.399227083 0.883977354 
0.981215894 0.439963967 0.203679964 0.559053421 -0.600923717 0.571229994 0.375510126 0.912826657 
1.10624743 0.531137705 0.128398508 0.763203681 -0.559864461 0.322471082 0.421924204 0.883525431 
1.1620723 0.604742885 0.124763802 0.768741131 -0.568733633 0.292530596 0.441561341 0.882556736 
1.21863878 0.67712754 0.117130101 0.771986485 -0.567324758 0.286567301 0.456608534 0.880813062 
1.20125318 0.689190626 0.174505889 0.750163853 -0.526024103 0.400625646 0.468285829 0.90439415 
1.17967546 0.706036389 0.229456469 0.72905302 -0.482714266 0.485199153 0.473501563 0.924412608 
1.15686202 0.727617323 0.280341715 0.710650861 -0.441967845 0.547372401 0.479269832 0.941703975 
1.13577032 0.753885746 0.32552135 0.693888962 -0.405293018 0.595145226 0.488353401 0.955131829 
1.08682775 0.712353647 0.351434082 0.655524015 -0.438607186 0.614698231 0.468473941 0.961332798 
1.03580034 0.674231946 0.375699729 0.612516105 -0.469657809 0.635773957 0.448339581 0.967696548 
0.983912885 0.640723109 0.397999823 0.563208163 -0.50318414 0.655388892 0.428035349 0.974168837 
0.947997391 0.55265379 0.351624399 0.503301501 -0.602539003 0.619348645 0.388772607 0.962898552 
0.932390749 0.613029778 0.418015808 0.503433883 -0.542763829 0.672233939 0.407646149 0.980695248 
0.96486038 0.496057838 0.278811127 0.514644384 -0.62591666 0.58592093 0.379080802 0.93967247 
0.748901188 0.976153612 -0.685655057 0.325055182 -0.298992187 -0.897152245 0.574458361 0.734194577 
0.748284101 1.05438209 -0.711244226 0.301766425 -0.289158463 -0.908451259 0.594990373 0.734277487 
0.795891881 1.0537374 -0.693326056 0.365459085 -0.29548806 -0.882642865 0.595027626 0.73994559 
0.797151804 0.976104856 -0.666408241 0.383079082 -0.304799229 -0.871932507 0.574583828 0.739916801 
0.749648988 1.13015461 -0.734877527 0.293342322 -0.295319974 -0.909219444 0.611100674 0.734495223 
0.795932889 1.12964845 -0.718206823 0.350247622 -0.29211536 -0.889926791 0.611105323 0.740015566 
0.842998922 1.05322003 -0.671720445 0.423148334 -0.300735742 -0.854673266 0.595128477 0.74569416 
0.844589889 0.976300836 -0.643559933 0.442601055 -0.306455135 -0.842723429 0.574924588 0.745690584 
0.842475832 1.12919545 -0.698186278 0.39954862 -0.29878819 -0.86664319 0.611117959 0.745702863 
0.699653447 0.892577946 -0.674580216 0.303850919 -0.312889934 -0.899864078 0.547250986 0.72818011 
0.697662175 0.976183772 -0.702481151 0.273156762 -0.28430602 -0.918983221 0.57444036 0.728196681 
0.751375139 0.894240618 -0.656332612 0.345909238 -0.321742177 -0.881369829 0.547293544 0.734182835 
0.697548628 1.05501044 -0.72609663 0.233084247 -0.271074772 -0.933891356 0.594985127 0.728311956 
0.700087786 1.13065124 -0.747858465 0.184435531 -0.281744689 -0.941579163 0.611099958 0.728657842 
0.709417462 1.2046988 -0.772606492 -0.224865735 0.315027535 -0.92203325 0.625 0.72976166 
0.752596319 1.20469892 -0.757956326 0.317591608 0.112524375 -0.941507757 0.62500006 0.734849989 
0.796659291 1.20469892 -0.742094219 0.354096562 0.110121414 -0.928697407 0.62500006 0.740110278 
0.842491329 1.20469904 -0.723807991 0.395456523 0.0971150845 -0.91331768 0.62500006 0.745714724 
0.891063392 1.12885761 -0.673901975 0.445384622 -0.311864972 -0.83924228 0.611142457 0.751835406 
0.891671002 1.05297375 -0.64540416 0.474303216 -0.309078991 -0.824284792 0.595325172 0.751835287 
0.893320858 0.977004886 -0.615879238 0.496594816 -0.308222741 -0.811374962 0.575588107 0.751835406 
0.847743332 0.897966266 -0.612829447 0.455485582 -0.3184641 -0.831298947 0.548398733 0.745690107 
0.896533668 0.900908589 -0.584813416 0.510430813 -0.311990768 -0.801315606 0.549971581 0.751835406 
0.800047815 0.895890117 -0.63620919 0.397782087 -0.322947264 -0.858738244 0.54759109 0.739912629 
-1.46028805 1.2046988 0.263392806 0 1 0 0.794437528 0.50322634 
-1.45356441 1.20469892 0.407059759 0 1 0 0.818673968 0.503178954 
-1.41607881 1.20469892 0.412130207 0 1 0 0.818627179 0.506677628 
-1.42073178 1.20469904 0.266506881 0 1 0 0.79437995 0.506746292 
-1.44574189 1.20469892 0.568870723 0 1 0 0.846051753 0.503124177 
-1.41070056 1.20469892 0.576682746 0 1 0 0.846025765 0.506598353 
-1.37181342 1.20469904 0.416515321 0 1 0 0.818586409 0.510815859 
-1.3746748 1.20469904 0.269199014 0 1 0 0.794329703 0.51085341 
-1.3685056 1.20469892 0.583025992 0 1 0 0.846003234 0.510772407 
-1.50343931 1.20469892 0.145933673 -0.893827021 0.445599735 0.0495368429 0.774970055 0.50000006 
-1.49659395 1.20469904 0.260067761 -0.892662466 0.447299123 0.0549372472 0.79449898 0.50000006 
-1.46544003 1.20469892 0.147660524 0 1 0 0.774913132 0.503262639 
-1.48766005 1.20469892 0.401646703 -0.892496228 0.447216272 0.0583805442 0.818723798 0.50000006 
-1.47702742 1.20469892 0.558646798 -0.894021213 0.440868646 0.0795749947 0.84607923 0.50000006 
-1.4622432 1.20469892 0.692372143 -0.870503128 0.422720104 0.251931816 0.875000119 0.50000006 
-1.43719101 1.20469892 0.73807615 -0.588522375 0.558773339 0.584268808 0.875000119 0.503065825 
-1.40495992 1.20469892 0.750699997 -0.21000652 0.684216738 0.698351264 0.875000119 0.506513715 
-1.36497509 1.20469904 0.759133995 -0.119115725 0.697239876 0.706862628 0.87500006 0.510726094 
-1.31381953 1.20469892 0.765596449 -0.0670275092 0.700924933 0.710034549 0.875000119 0.516084969 
-1.31565678 1.20469892 0.587884843 0 1 0 0.845985711 0.515996397 
-1.31737757 1.20469892 0.419872373 0 1 0 0.818554759 0.515913308 
-1.31886685 1.20469904 0.271258235 0 1 0 0.794290721 0.515841544 
-1.37686765 1.20469904 0.150674373 0 1 0 0.774813116 0.510882139 
-1.32000744 1.20469892 0.15174143 0 1 0 0.774776876 0.515786469 
-1.42429721 1.20469892 0.149277419 0 1 0 0.774859607 0.506798744 
0.034984991 0.304896533 -0.237383038 0.0247143265 -0.908236325 -0.417672157 0.296453297 0.656083524 
0.0349339247 0.349441707 -0.347894818 0.0350800864 -0.91854912 -0.393720567 0.321145982 0.656083524 
0.174773678 0.353583425 -0.341493964 0.0569392219 -0.91188097 -0.406438768 0.321147591 0.670629144 
0.174988851 0.307974279 -0.233440787 0.0412347056 -0.900301278 -0.433238953 0.296455443 0.670629203 
0.0348354578 0.401194096 -0.462489098 0.0466551855 -0.873458326 -0.484634608 0.351959825 0.656083465 
0.174512342 0.406120002 -0.454022646 0.0730975047 -0.867606461 -0.49179396 0.351960897 0.670629263 
0.302116632 0.360162139 -0.334405243 0.0847344548 -0.902190566 -0.422880888 0.321149468 0.683822691 
0.302792907 0.313237667 -0.229494497 0.0628966838 -0.88905561 -0.453410745 0.296457946 0.683822691 
0.301370144 0.413629353 -0.4441863 0.105516903 -0.858844399 -0.501174867 0.35196206 0.683822751 
-0.115907647 0.257712543 -0.149122462 0.00805668999 -0.82153821 -0.570071816 0.278439969 0.640362024 
-0.115912803 0.303452015 -0.240647584 0.0123287756 -0.913153291 -0.407368392 0.296451539 0.640361965 
0.0350084752 0.258543342 -0.147449076 0.0157460868 -0.814249694 -0.580255508 0.278442025 0.656083524 
-0.115948699 0.347341359 -0.352923036 0.0177596714 -0.922556937 -0.385433704 0.32114476 0.640361965 
-0.116046131 0.398613662 -0.468956143 0.0245923363 -0.87687242 -0.480038792 0.35195905 0.640361905 
-0.11623586 0.46650216 -0.571754336 0.0309956316 -0.74679333 -0.66427052 0.388334095 0.640362024 
0.0346700847 0.469168961 -0.564670444 0.0559053011 -0.746735156 -0.662724793 0.388334483 0.656083465 
0.17421402 0.474249005 -0.555188417 0.0850977078 -0.745457113 -0.66105938 0.388335019 0.670629263 
0.300627291 0.481847972 -0.54377532 0.120256767 -0.741907239 -0.659591138 0.388335615 0.683822691 
0.412141383 0.492071629 -0.530897677 0.163857207 -0.734487474 -0.658510208 0.38833636 0.695487618 
0.413794518 0.42396006 -0.433609813 0.145800725 -0.846164942 -0.512542844 0.351963282 0.695487618 
0.415508568 0.369573414 -0.327313274 0.119716316 -0.888705492 -0.442531496 0.321151495 0.695487738 
0.417091191 0.321239054 -0.226217985 0.0903015137 -0.8740201 -0.477368832 0.296460688 0.695487678 
0.303325117 0.264647305 -0.144516692 0.0391022824 -0.788084924 -0.61425972 0.278447777 0.683822691 
0.418349862 0.271284223 -0.144533828 0.0548712574 -0.769294977 -0.636506617 0.278451145 0.695487618 
0.175148681 0.260627598 -0.14570114 0.0259341877 -0.803105474 -0.595235348 0.278444737 0.670629263 
0.812390864 0.380689204 -0.221751451 0.160243407 -0.757060885 -0.633357346 0.296463817 0.734160483 
0.801529825 0.436442018 -0.2993536 0.223655805 -0.778513789 -0.586385369 0.321076512 0.734204471 
0.85780853 0.449700743 -0.293586999 0.285645872 -0.739337862 -0.609732628 0.320483029 0.740085304 
0.870442092 0.392192572 -0.218821362 0.240352347 -0.717116892 -0.654163182 0.296391666 0.739733398 
0.789832056 0.495416969 -0.382187456 0.281419903 -0.738446116 -0.612742424 0.351727992 0.734299362 
0.844210684 0.50961262 -0.372478694 0.330328822 -0.701919496 -0.630976021 0.350036681 0.74084425 
0.911714852 0.46791786 -0.286220044 0.39119485 -0.686055362 -0.613381147 0.319039375 0.746172547 
0.926139772 0.409141749 -0.211887941 0.389210612 -0.6624856 -0.639988005 0.29621318 0.745072901 
0.896349251 0.527655423 -0.361856163 0.409079224 -0.653573632 -0.63676405 0.345566392 0.748740375 
0.75719291 0.314999104 -0.156615123 0.0681205317 -0.671547771 -0.737779379 0.278464854 0.72818017 
0.750047326 0.370268464 -0.222332463 0.141448066 -0.785960495 -0.601866066 0.296471983 0.72818017 
0.820972979 0.324113607 -0.159562677 0.092478238 -0.6430583 -0.760177195 0.278467864 0.734154224 
0.741089463 0.424337745 -0.304290831 0.206812143 -0.805930793 -0.554651678 0.32115972 0.728180289 
0.731440365 0.482103854 -0.391726822 0.264229387 -0.764286578 -0.588232696 0.351968586 0.72818023 
0.722220898 0.548463702 -0.473876923 0.307682157 -0.668164432 -0.677400768 0.388339102 0.728180289 
0.778667092 0.561680973 -0.460251093 0.326672167 -0.646904528 -0.689026535 0.388020873 0.734360039 
0.831312835 0.575399697 -0.44645372 0.367541164 -0.616927564 -0.695880711 0.385789782 0.741330206 
0.881955326 0.591792166 -0.43151927 0.42936945 -0.577422023 -0.694368303 0.379131019 0.75083375 
0.947998703 0.55265528 -0.349755138 0.49879092 -0.598207831 -0.627108097 0.338200182 0.758144319 
0.964862049 0.496059954 -0.277920038 0.511089385 -0.624658704 -0.590368986 0.317085505 0.752413213 
0.981217563 0.439966261 -0.20329152 0.556923449 -0.600687027 -0.573551953 0.295970857 0.750301719 
0.935706317 0.347605705 -0.150046691 0.39631629 -0.549929738 -0.735160172 0.278473228 0.744915724 
0.995725095 0.374804437 -0.124764822 0.68842566 -0.488008529 -0.536495745 0.278475821 0.75000006 
0.87986654 0.33379364 -0.158662781 0.192582667 -0.605221093 -0.772376835 0.278470665 0.739683151 
0.944852531 0.97848475 -0.582493484 0.541551828 -0.312796623 -0.780252934 0.576640248 0.75858295 
0.943312109 1.05316305 -0.613568902 0.516744077 -0.321361631 -0.793510795 0.595636845 0.758585691 
0.997235954 1.05403638 -0.576665938 0.552229464 -0.337196589 -0.76243794 0.596033633 0.765845418 
0.998367608 0.981028438 -0.544014573 0.579590142 -0.320704073 -0.749127746 0.577979207 0.76582396 
0.942761004 1.12871313 -0.644504249 0.484870255 -0.329598784 -0.81006521 0.611181498 0.758586705 
0.996949494 1.12890315 -0.610255539 0.518051386 -0.350831568 -0.78004998 0.611231089 0.765853286 
1.0522337 1.05586314 -0.535461545 0.583955407 -0.355954766 -0.729549348 0.596472859 0.773435712 
1.05246866 0.984928191 -0.501424491 0.614298165 -0.331620753 -0.71598357 0.579461694 0.773363233 
1.05258751 1.12958443 -0.571695983 0.547164381 -0.374791473 -0.748400509 0.611285985 0.773462415 
0.947876513 0.905114233 -0.551208258 0.557374477 -0.306804508 -0.771461368 0.55246532 0.758577824 
1.10863411 1.13091397 -0.529365361 0.573952913 -0.400924951 -0.713985324 0.61134088 0.78124094 
1.10709691 1.05891228 -0.490721762 0.613370001 -0.377402753 -0.69375813 0.596912146 0.781177759 
1.10575736 0.990476608 -0.45570603 0.646933675 -0.346066058 -0.67946738 0.580944121 0.781005919 
1.05358624 0.918172657 -0.470683575 0.63538295 -0.303930879 -0.70984304 0.559153259 0.773222089 
1.10471463 0.927390099 -0.426131785 0.671578884 -0.30776149 -0.673937321 0.562667191 0.780671299 
1.00076723 0.910808146 -0.512770355 0.59773761 -0.304091036 -0.741767049 0.555639207 0.765782118 
0.709417462 1.21093225 -0.0658947974 -1 0 0 0.739283681 0.687829912 
0.709417582 1.21093225 -3.72529035e-10 -1 0 0 0.750000119 0.686416507 
0.709417582 1.21716547 -2.23517427e-09 -1 0 0 0.75 0.686416388 
0.709417582 1.21716547 -0.0655531138 -1 0 0 0.739283681 0.687829912 
0.709417462 1.21093225 0.0658948049 -1 0 0 0.760716498 0.687829852 
0.709417582 1.21716547 0.0655531213 -1 0 0 0.760716498 0.687829912 
0.709417582 1.2233988 -7.45058071e-10 -1 0 0 0.750000119 0.686416447 
0.709417462 1.2233988 -0.0652114302 -1 0 0 0.739283681 0.687829912 
0.709417462 1.2233988 0.0652114302 -1 0 0 0.760716498 0.687829852 
0.709417582 1.20469892 -0.152219713 -0.894397557 0.447198778 0 0.725372434 0.692070186 
0.709417462 1.2046988 -0.0662364885 -0.894397557 0.447198778 0 0.739283621 0.687829852 
0.709417641 1.21093225 -0.151434481 -1 0 0 0.725372493 0.692070127 
0.709417462 1.20469904 -1.49011614e-09 -0.894397557 0.447198778 0 0.750000119 0.686416447 
0.709417462 1.20469892 0.0662364885 -0.894397557 0.447198778 0 0.760716438 0.687829852 
0.709417582 1.20469892 0.152219713 -0.89440918 0.447223872 0 0.774627686 0.692070186 
0.709417641 1.21093225 0.151434466 -1 0 0 0.774627745 0.692070127 
0.709417582 1.21716547 0.150649235 -1 0 0 0.774627745 0.692070186 
0.709417462 1.2233988 0.149863988 -1 0 0 0.774627686 0.692070127 
0.709417582 1.22963214 0.149078757 -0.894397557 0.447198778 0 0.774627686 0.692070186 
0.709417462 1.22963214 0.0648697391 -0.894397557 0.447198778 0 0.760716438 0.687829852 
0.709417462 1.22963214 -2.98023228e-09 -0.894424558 0.447192997 0 0.750000119 0.686416447 
0.709417462 1.22963214 -0.0648697391 -0.894397557 0.447198778 0 0.739283621 0.687829852 
0.709417462 1.2233988 -0.149863988 -1 0 0 0.725372434 0.692070127 
0.709417582 1.22963214 -0.149078757 -0.894397557 0.447198778 0 0.725372434 0.692070186 
0.709417582 1.21716547 -0.150649235 -1 0 0 0.725372493 0.692070186 
0.789832115 0.495416939 0.38551569 0.281921029 -0.743601501 0.606251538 0.153657988 0.734154046 
0.801529825 0.436441988 0.30144915 0.224520102 -0.781868756 0.58156693 0.180505976 0.734154165 
0.857808292 0.449700505 0.295416981 0.289748311 -0.741830111 0.60472554 0.180504411 0.739683151 
0.844210684 0.509612441 0.375489742 0.33525911 -0.706059158 0.623704612 0.153657168 0.73968327 
0.812390983 0.380689114 0.222963735 0.161251023 -0.759958804 0.6296224 0.203734055 0.734154105 
0.870441973 0.392192304 0.219851598 0.243490845 -0.71931529 0.650581777 0.20373179 0.739683151 
0.911714256 0.467916995 0.287575126 0.396164179 -0.687496781 0.608550608 0.180502906 0.744915783 
0.896348894 0.527654827 0.36427924 0.415297806 -0.65708977 0.62906909 0.153656378 0.744915783 
0.926138937 0.409140825 0.212596461 0.392668486 -0.663420796 0.636902392 0.203729659 0.744915783 
0.722220898 0.548463702 0.478458971 0.299073964 -0.678001165 0.671427846 0.125 0.72818017 
0.731440365 0.482103854 0.394797087 0.258814722 -0.770019948 0.58312124 0.153658882 0.72818023 
0.778667092 0.561680973 0.465219975 0.326186836 -0.655798912 0.680770814 0.125000015 0.734154105 
0.741089463 0.424337745 0.306224734 0.203554705 -0.809502423 0.550643086 0.180507705 0.72818017 
0.750047445 0.370268464 0.223451763 0.139538065 -0.788756669 0.598626196 0.203736469 0.72818017 
0.757193089 0.314999104 0.157188222 0.0670882389 -0.674355567 0.735319972 0.221535146 0.72818017 
0.820972979 0.324113548 0.160183012 0.0934453458 -0.646147847 0.757448733 0.221532151 0.734154224 
0.879866302 0.333793461 0.15918386 0.19486329 -0.607691944 0.769857407 0.221529394 0.739683151 
0.935705841 0.34760496 0.150388911 0.398640543 -0.5511024 0.733036876 0.221526787 0.744915783 
0.995723665 0.374802738 0.124902382 0.689216852 -0.488142222 0.535374701 0.221524268 0.750000119 
0.981215894 0.439963967 0.203679964 0.559053421 -0.600923717 0.571229994 0.203727588 0.75000006 
0.96486038 0.496057838 0.278811127 0.514644384 -0.62591666 0.58592093 0.180501461 0.75000006 
0.947997391 0.55265379 0.351624399 0.503301501 -0.602539003 0.619348645 0.153655633 0.75000006 
0.881955087 0.591791809 0.435579032 0.435887873 -0.585639596 0.683335602 0.125000015 0.744915724 
0.932390749 0.613029778 0.418015808 0.503433883 -0.542763829 0.672233939 0.125000015 0.750000119 
0.831312835 0.575399637 0.451120198 0.372729778 -0.62492317 0.685956836 0.125000015 0.739683151 
-1.4219327 0.427728802 -0.231097892 -0.894433916 -0.429228693 -0.12531957 0.295223951 0.50305289 
-1.41683304 0.452422917 -0.34315291 -0.876131475 -0.452577174 -0.165927067 0.320052475 0.50306201 
-1.3908335 0.417864025 -0.346128434 -0.679106057 -0.689744055 -0.251042664 0.320485979 0.506483138 
-1.39498591 0.386440307 -0.230319336 -0.740814805 -0.643946648 -0.190997541 0.29492712 0.506410003 
-1.41223407 0.488604575 -0.450371712 -0.846564054 -0.477554262 -0.23499985 0.349344164 0.503030717 
-1.38773012 0.46191296 -0.459921211 -0.617950737 -0.700060546 -0.357751429 0.351176679 0.50650996 
-1.3553369 0.396575332 -0.348747224 -0.403773576 -0.852693558 -0.331436276 0.320462674 0.510638118 
-1.35948241 0.357086539 -0.228293046 -0.525418639 -0.802585423 -0.282384664 0.294194967 0.510423422 
-1.35303986 0.446810037 -0.467130393 -0.32656461 -0.834033549 -0.444650084 0.351820678 0.510715008 
-1.44812882 0.476590574 -0.132676825 -0.964001834 -0.255153269 -0.0744007975 0.275652617 0.50000006 
-1.44286859 0.488477737 -0.232703328 -0.961087883 -0.260950774 -0.090411745 0.295234859 0.50000006 
-1.42634141 0.411910474 -0.131626949 -0.907870829 -0.406905025 -0.100773968 0.275529236 0.503034711 
-1.43638623 0.507065833 -0.34524259 -0.955151737 -0.273608506 -0.113130383 0.319321036 0.50000006 
-1.42974985 0.533264101 -0.451683581 -0.941948295 -0.300179362 -0.150301486 0.346202135 0.499792337 
-1.4248333 0.559588432 -0.527989388 -0.916433156 -0.337540448 -0.214840665 0.369362414 0.494362473 
-1.41062713 0.539776802 -0.54286164 -0.793070793 -0.492181271 -0.358827174 0.384209275 0.50289619 
-1.38685048 0.522485852 -0.558769643 -0.548122704 -0.651644409 -0.524297059 0.387260765 0.506513715 
-1.35262072 0.512371719 -0.568880618 -0.276120991 -0.731759131 -0.623094678 0.388222396 0.510726035 
-1.30513656 0.506323397 -0.574214637 -0.13404046 -0.745831192 -0.652469635 0.388349146 0.516084969 
-1.30517781 0.438031346 -0.471265227 -0.16219902 -0.863389432 -0.477713585 0.351886481 0.516069651 
-1.30686915 0.38354519 -0.3511388 -0.213543519 -0.900541782 -0.378649861 0.320379704 0.51596266 
-1.31079459 0.33607164 -0.227780491 -0.316180736 -0.873518288 -0.370100528 0.293735623 0.515662968 
-1.36607981 0.327675998 -0.124150217 -0.663423419 -0.697493792 -0.270764709 0.273792773 0.509937406 
-1.31880772 0.283003926 -0.109975159 -0.523779452 -0.701708913 -0.482928038 0.270876288 0.51494348 
-1.39943755 0.365496635 -0.129641876 -0.797647119 -0.581906438 -0.158368766 0.275042534 0.506264806 
1.34621108 1.01461601 -0.204182968 0.698999822 -0.3986893 -0.593625188 0.581649423 0.826441765 
1.36584699 1.0772531 -0.226075441 0.6977337 -0.429791689 -0.573039412 0.597121119 0.827410102 
1.41257262 1.0781039 -0.16861701 0.721979737 -0.408956707 -0.558049321 0.597053826 0.839320898 
1.38926673 1.01503909 -0.153400287 0.716314912 -0.389561772 -0.578873217 0.581422329 0.838505387 
1.38180268 1.14075875 -0.256436735 0.702797472 -0.444212377 -0.555598438 0.611366987 0.827805221 
1.43185365 1.1413548 -0.19122678 0.734363794 -0.416850775 -0.535617888 0.611358583 0.83967793 
1.45289993 1.07828426 -0.115064897 0.754320085 -0.388759285 -0.528966844 0.597028971 0.850755572 
1.42654228 1.01474559 -0.106172167 0.744730353 -0.387851268 -0.543038428 0.581338644 0.850168943 
1.47508276 1.14155793 -0.129734889 0.769746244 -0.387557387 -0.507189035 0.611355484 0.851038516 
1.2802211 0.953399301 -0.241570115 0.706950665 -0.349397391 -0.614871919 0.565387666 0.813202798 
1.30029702 1.01299667 -0.256262809 0.691229761 -0.40501824 -0.598409057 0.582091808 0.815072536 
1.32105374 0.953282237 -0.194993839 0.709421039 -0.352085888 -0.610503674 0.564339221 0.824614167 
1.31579769 1.0753603 -0.284064025 0.680528045 -0.441522241 -0.584743321 0.597252131 0.816048563 
1.32824814 1.13956857 -0.320604295 0.673813581 -0.461072087 -0.577381015 0.611383379 0.816428542 
1.33917308 1.20469892 -0.361514032 0.750539243 -0.134119287 -0.647033393 0.62500006 0.816510797 
1.39591801 1.20469904 -0.291032523 0.783473849 -0.145360097 -0.604150116 0.62500006 0.82791394 
1.44912183 1.20469892 -0.217533022 0.810593069 -0.150551766 -0.565867722 0.62500006 0.839805484 
1.49517798 1.20469904 -0.147293493 0.837870181 -0.152769551 -0.524015367 0.62500006 0.851169527 
1.53047955 1.20469892 -0.0865919515 0.877202451 -0.155607089 -0.454140157 0.62500006 0.860990405 
1.50817263 1.14156866 -0.0767216831 0.816353858 -0.367190868 -0.445731282 0.611355066 0.860879481 
1.48375475 1.07816553 -0.068795152 0.80183816 -0.381177276 -0.460100591 0.597025454 0.860688686 
1.45511532 1.01421583 -0.0647560582 0.79029572 -0.40409264 -0.460564554 0.581326604 0.860337794 
1.39392138 0.95080936 -0.105945304 0.746250331 -0.390428394 -0.53907764 0.563602328 0.849126339 
1.42014313 0.949446559 -0.0665481016 0.78482455 -0.437585562 -0.438771993 0.563573837 0.859747112 
1.35992253 0.952253461 -0.149273083 0.721986532 -0.363184452 -0.588897467 0.563800693 0.83700192 
0.769151926 0.637949765 -0.525629401 0.352726549 -0.531763315 -0.769907534 0.429045081 0.734313071 
0.761467218 0.721511602 -0.578573644 0.361910522 -0.433695585 -0.825137377 0.471657932 0.734228313 
0.81156069 0.72969687 -0.559506953 0.402919114 -0.421394855 -0.812416375 0.471695095 0.740276635 
0.820367038 0.649457037 -0.508652151 0.391296595 -0.511057258 -0.765279412 0.427766681 0.74095422 
0.755559385 0.808298111 -0.621376991 0.358928233 -0.364091396 -0.859408855 0.512214541 0.734188497 
0.804814041 0.812910676 -0.601273954 0.404877126 -0.358919024 -0.840964675 0.512674868 0.739958167 
0.860212982 0.739007473 -0.538249552 0.45558095 -0.401682943 -0.794392228 0.472335279 0.746780157 
0.86985749 0.662726045 -0.490049571 0.44514519 -0.482259423 -0.754477203 0.425203085 0.749031067 
0.852886498 0.818224669 -0.578411818 0.45973739 -0.347056657 -0.817404211 0.513991594 0.745826364 
0.71435833 0.62667048 -0.542168796 0.330114335 -0.545004487 -0.77068603 0.429227442 0.72818023 
0.708004236 0.713402212 -0.596794546 0.333975643 -0.438795835 -0.834208786 0.471652478 0.728180289 
0.703116536 0.803693235 -0.640137315 0.324407876 -0.36192742 -0.873903692 0.512148798 0.72818017 
0.901783049 0.824933767 -0.551374614 0.514557838 -0.331591189 -0.790715277 0.516896188 0.752061009 
0.909351885 0.75049293 -0.513456345 0.51091516 -0.377356857 -0.772366464 0.476305693 0.753640115 
0.919476211 0.679290533 -0.46863395 0.504368901 -0.44830963 -0.737967551 0.427650571 0.758077025 
-1.35402656 0.596282244 0.643338442 -0.231305644 -0.556287706 0.798118114 0.423600018 0.239274025 
-1.35659611 0.692834675 0.69296664 -0.192699656 -0.375499547 0.906536937 0.469985127 0.23927401 
-1.39296877 0.695303082 0.684256315 -0.348398119 -0.383604556 0.855254173 0.469985068 0.243486345 
-1.38898599 0.602013826 0.633315206 -0.452354193 -0.537012696 0.712001622 0.423599958 0.243486345 
-1.359532 0.79410094 0.72358489 -0.172132373 -0.236350074 0.956264138 0.51194036 0.23927404 
-1.39727581 0.79494071 0.715419292 -0.289360881 -0.240878031 0.92640388 0.51194042 0.243486345 
-1.42090869 0.698606133 0.671918392 -0.693643093 -0.335476339 0.637405038 0.469985098 0.247121558 
-1.41452062 0.611121297 0.617471516 -0.73506695 -0.443671495 0.512631059 0.423599988 0.247120991 
-1.42707515 0.79569912 0.70459336 -0.679233909 -0.212294534 0.70250684 0.51194042 0.247145504 
-1.30513656 0.506323397 0.574214637 -0.13404046 -0.745831192 0.652469635 0.375 0.233915105 
-1.30625999 0.592392743 0.649205923 -0.114848636 -0.556539059 0.822798371 0.423600018 0.233915105 
-1.35262096 0.512371719 0.568880618 -0.276120991 -0.731759131 0.623094678 0.375 0.23927401 
-1.30807054 0.690635502 0.699004412 -0.102019556 -0.371143281 0.92291826 0.469985068 0.233915105 
-1.31009424 0.793054283 0.729762077 -0.0957414359 -0.233879194 0.967511654 0.51194036 0.23391512 
-1.45029104 0.795509338 0.665462434 -0.94871819 -0.133428708 0.286515117 0.51194042 0.255190134 
-1.44229555 0.699865341 0.633683264 -0.939170837 -0.20991978 0.271684915 0.469985068 0.255082935 
-1.43290436 0.616762817 0.580679357 -0.927796304 -0.284860879 0.240823716 0.423600018 0.255067408 
-1.41062701 0.539776802 0.54286164 -0.793070793 -0.492181271 0.358827174 0.375 0.247120366 
-1.4248333 0.559588432 0.527989388 -0.916433156 -0.337540448 0.214840665 0.37500003 0.255050808 
-1.38685024 0.522485852 0.558769643 -0.548122704 -0.651644409 0.524297059 0.37500003 0.24348633 
-1.44574177 1.20469904 -0.568870664 0 1 0 0.653948426 0.503124177 
-1.45356429 1.20469892 -0.407059819 0 1 0 0.681326151 0.503179014 
-1.41607881 1.20469892 -0.412130207 0 1 0 0.681372941 0.506677628 
-1.41070056 1.20469892 -0.576682746 0 1 0 0.653974295 0.506598353 
-1.46028805 1.2046988 -0.263392776 0 1 0 0.705562472 0.50322634 
-1.42073166 1.20469904 -0.266506881 0 1 0 0.705620229 0.506746233 
-1.3718133 1.20469904 -0.416515321 0 1 0 0.68141371 0.510815859 
-1.3685056 1.20469892 -0.583026052 0 1 0 0.653996885 0.510772347 
-1.37467492 1.20469904 -0.269199014 0 1 0 0.705670416 0.51085341 
-1.46224356 1.20469904 -0.692372262 -0.87050885 0.422722876 -0.251953512 0.62500006 0.50000006 
-1.47702742 1.20469892 -0.558646798 -0.894021213 0.440868646 -0.0795749947 0.653920889 0.50000006 
-1.43719101 1.20469892 -0.73807615 -0.588522375 0.558773339 -0.584268808 0.62500006 0.503065825 
-1.48766005 1.20469892 -0.401646703 -0.892496228 0.447216272 -0.0583805442 0.681276381 0.50000006 
-1.49659383 1.20469904 -0.260067761 -0.892661095 0.447298437 -0.0549178049 0.705501199 0.50000006 
-1.50343931 1.20469892 -0.145933673 -0.893827021 0.445599735 -0.0495368429 0.725030065 0.50000006 
-1.46544003 1.20469892 -0.147660524 0 1 0 0.725087106 0.503262639 
-1.42429721 1.20469892 -0.149277419 0 1 0 0.725140512 0.506798744 
-1.37686765 1.20469904 -0.150674388 0 1 0 0.725187004 0.510882139 
-1.32000744 1.20469892 -0.15174143 0 1 0 0.725223243 0.515786469 
-1.31886685 1.20469904 -0.271258235 0 1 0 0.705709517 0.515841484 
-1.31737757 1.20469892 -0.419872433 0 1 0 0.681445301 0.515913308 
-1.31565678 1.20469892 -0.587884843 0 1 0 0.654014409 0.515996337 
-1.36497509 1.20469904 -0.759133995 -0.119115725 0.697239876 -0.706862628 0.62500006 0.510726094 
-1.31381965 1.20469892 -0.765596449 -0.0670275092 0.700924933 -0.710034549 0.62500006 0.516084969 
-1.40495992 1.20469892 -0.750699937 -0.21000652 0.684216738 -0.698351264 0.62500006 0.506513715 
0.653951764 0.614487827 0.564013839 0.285923034 -0.569125772 0.770898104 0.423599988 0.0284084287 
0.649050474 0.704601169 0.621631265 0.278521955 -0.454538107 0.846050382 0.469985098 0.0284084305 
0.581712365 0.695468664 0.637281179 0.23193711 -0.452124923 0.861258566 0.469985068 0.0358680673 
0.585170209 0.601879716 0.578892946 0.245314255 -0.576724112 0.779214203 0.423599988 0.0358680673 
0.645280361 0.798587799 0.666258454 0.259775102 -0.36486268 0.894077182 0.51194036 0.0284084342 
0.579050779 0.793212771 0.681483686 0.208497092 -0.354018837 0.911672056 0.51194036 0.035868071 
0.502902508 0.686646938 0.651753902 0.183025911 -0.444728225 0.876740456 0.469985127 0.0444767326 
0.505070806 0.589726388 0.59315151 0.19994238 -0.580139518 0.789549887 0.423600018 0.0444767326 
0.501229227 0.787984192 0.695018947 0.157396331 -0.338374913 0.927719176 0.51194036 0.0444767289 
0.722220898 0.548463702 0.478458971 0.299073964 -0.678001165 0.671427846 0.37500003 0.0218198448 
0.71435827 0.62667048 0.548602045 0.317754388 -0.558930933 0.765896738 0.423599988 0.0218198467 
0.660016 0.534121096 0.491334409 0.275506407 -0.696145713 0.662922561 0.375 0.0284084287 
0.708004236 0.713402212 0.605024993 0.31802541 -0.453068852 0.832792401 0.469985098 0.0218198486 
0.703116655 0.803693295 0.649628282 0.306041032 -0.371133596 0.876660407 0.51194042 0.0218198486 
0.699653387 0.892578006 0.684312046 0.285423338 -0.311150461 0.906452596 0.547251046 0.0218198486 
0.642608881 0.890574396 0.699967027 0.233313546 -0.297754228 0.925662339 0.547250986 0.0284084342 
0.577164114 0.888349771 0.713808894 0.179439455 -0.279469728 0.943232954 0.547250986 0.0358680673 
0.500040591 0.886135757 0.725592613 0.128773212 -0.257546425 0.957610488 0.547251046 0.0444767289 
0.407959759 0.884164274 0.735073447 0.0858846754 -0.233702496 0.968500376 0.547251046 0.0545124076 
0.408616781 0.783318281 0.706579626 0.112141691 -0.318504244 0.941236794 0.51194042 0.0545124076 
0.409534276 0.678778291 0.664828062 0.137626931 -0.432121933 0.891242027 0.469985098 0.0545124114 
0.410710037 0.578908086 0.606701314 0.155615464 -0.578583539 0.800606251 0.423599988 0.0545124076 
0.507743835 0.504824758 0.51656574 0.200583726 -0.726898074 0.656750858 0.375 0.0444767289 
0.412141383 0.492071629 0.529082179 0.157811731 -0.736908197 0.65727675 0.37500003 0.0545124076 
0.589446068 0.519208014 0.504009902 0.241779506 -0.71289444 0.658223987 0.37500003 0.0358680673 
1.25379193 1.00973833 0.330013871 0.700630426 -0.366932213 0.611917496 0.582695603 0.944784224 
1.26491892 1.07218027 0.356295109 0.684431195 -0.387736171 0.617379189 0.597431064 0.943980694 
1.21338713 1.06797075 0.408815712 0.662890613 -0.373900503 0.648647308 0.597493052 0.952862322 
1.20634353 1.00455284 0.380007952 0.685036004 -0.353082001 0.637178838 0.582904756 0.953413904 
1.27393258 1.137676 0.388626397 0.667685568 -0.402140141 0.626428246 0.61140573 0.943675876 
1.21930325 1.13534558 0.442481577 0.637936056 -0.389660418 0.664213538 0.611413479 0.952656686 
1.16084206 1.06323004 0.457774937 0.637861609 -0.355410546 0.68319416 0.59729296 0.961015522 
1.1570909 0.997573972 0.427599043 0.662889957 -0.337042391 0.668537319 0.582229257 0.96134752 
1.16423738 1.13294876 0.491386563 0.608299255 -0.370297313 0.70202142 0.611388505 0.960892797 
1.28022027 0.953398526 0.264887244 0.723462701 -0.350266725 0.594877779 0.565387428 0.936797321 
1.3002969 1.0129962 0.277249843 0.712941051 -0.374667346 0.59269315 0.582091689 0.934927702 
1.23949564 0.951877713 0.312807769 0.715578377 -0.340352416 0.609975755 0.566818655 0.946336389 
1.31579769 1.0753603 0.299721658 0.704348385 -0.393115699 0.591003597 0.597252131 0.933951676 
1.3282479 1.13956857 0.328932971 0.69751972 -0.404284209 0.591578424 0.611383379 0.933571517 
1.33917308 1.20469892 0.361514002 0.754187405 -0.105700858 0.648047447 0.62500006 0.933489442 
1.28188992 1.20469904 0.42398268 0.71374315 -0.0839881301 0.695318997 0.62500006 0.943620622 
1.22465599 1.20469892 0.478576422 0.670826674 -0.0574547127 0.739359975 0.62500006 0.952623785 
1.16745484 1.20469904 0.526716113 0.629160941 -0.0282004159 0.776739657 0.62500006 0.960874915 
1.11027026 1.20469892 0.569822729 0.591274738 0.00115339993 0.8064363 0.62500006 0.968750119 
1.10863423 1.13091409 0.536225319 0.578877389 -0.348271787 0.737261891 0.611340821 0.968759179 
1.10709679 1.05891228 0.503629446 0.608708084 -0.336615175 0.71840626 0.596912146 0.96882242 
1.10575747 0.990476608 0.473036855 0.633104324 -0.323315561 0.703290462 0.580944121 0.9689942 
1.15280592 0.938012481 0.402576923 0.681485891 -0.316279203 0.659904659 0.565713644 0.961993635 
1.10471451 0.927390099 0.445448935 0.650113583 -0.310327321 0.693545341 0.562667251 0.969328761 
1.19760978 0.947070479 0.358487278 0.703012228 -0.327804416 0.631084025 0.567314684 0.954484046 
0.970494568 0.700309336 0.449685663 0.555485606 -0.43829909 0.706597447 0.454052329 0.984598458 
1.0218612 0.725445986 0.422308594 0.598423123 -0.414443523 0.685623527 0.470578074 0.977439463 
1.0117017 0.782258034 0.461740315 0.590770066 -0.363010257 0.72051394 0.498295277 0.982443929 
0.960268319 0.7649616 0.493297487 0.552143931 -0.37904948 0.742553234 0.486276239 0.989954472 
1.07194114 0.753988624 0.393348038 0.638676524 -0.392333508 0.661915064 0.486795545 0.970477104 
1.06175482 0.801985741 0.428569227 0.628008068 -0.347860426 0.696105063 0.509931862 0.975177646 
1.00493729 0.844281077 0.495856762 0.586574614 -0.32640928 0.741170228 0.527802885 0.984244406 
0.952868164 0.833602369 0.530641198 0.549743235 -0.335417449 0.765008271 0.52020371 0.991922259 
1.05614471 0.856891394 0.458829612 0.622347355 -0.317754477 0.715301096 0.535093904 0.976763308 
0.919475853 0.679290175 0.474571198 0.505966187 -0.465996921 0.725810766 0.437372595 0.99185586 
1.11910105 0.785225749 0.363712162 0.677647531 -0.369068831 0.636011124 0.50255096 0.963809609 
1.10852921 0.823747873 0.395057768 0.66536051 -0.332480699 0.668353558 0.520994484 0.968277574 
1.10464406 0.871354818 0.420837939 0.658816993 -0.30960837 0.685609758 0.541922629 0.969577134 
1.05358613 0.918172657 0.48717609 0.614666998 -0.308883607 0.725757599 0.559110761 0.97680676 
1.00076711 0.910808086 0.526909649 0.579665959 -0.308995068 0.753945827 0.555299163 0.98444736 
0.947876513 0.905114233 0.563571155 0.543570161 -0.309992254 0.780002177 0.551317573 0.992196739 
0.901783049 0.824933708 0.56190455 0.507957995 -0.345709622 0.788932681 0.512450516 0.99969846 
0.896533787 0.900908589 0.596081913 0.502589762 -0.312401325 0.806088805 0.547251046 1.00000012 
0.909351885 0.750492871 0.52196759 0.508180201 -0.397276103 0.764133751 0.47406587 0.997587025 
1.42654097 1.01474452 0.114687048 0.768153191 -0.383894324 0.512383163 0.581338167 0.899831295 
1.45289958 1.07828403 0.121467285 0.774735391 -0.372432381 0.510900855 0.597028911 0.899244606 
1.4125725 1.07810354 0.178573996 0.747335136 -0.380228043 0.544844627 0.597053707 0.910679221 
1.38926578 1.01503825 0.166659728 0.744045973 -0.377273917 0.551348269 0.581421971 0.911494851 
1.47508252 1.14155769 0.133153796 0.784123957 -0.365291327 0.50165391 0.611355484 0.898961663 
1.43185365 1.1413548 0.19654046 0.754081011 -0.380969435 0.534938037 0.611358583 0.910322368 
1.36584699 1.07725286 0.239364982 0.72467339 -0.389375299 0.56850034 0.597121119 0.922590077 
1.34621048 1.01461554 0.22192359 0.726365328 -0.376562715 0.574914694 0.581649244 0.923558295 
1.38180268 1.14075875 0.2635203 0.72619313 -0.395958662 0.561953783 0.611366987 0.922194898 
1.42014122 0.949444175 0.0714474842 0.796448231 -0.444781572 0.409625918 0.563572943 0.890253067 
1.45511436 1.01421475 0.0692343935 0.80467099 -0.403867602 0.435144842 0.581326187 0.889662325 
1.39391911 0.950806737 0.115266323 0.766521931 -0.402592927 0.500325382 0.563601315 0.90087384 
1.48375452 1.07816529 0.0721634775 0.814453542 -0.374235839 0.443376124 0.597025335 0.889311433 
1.50817239 1.14156866 0.078520678 0.824733615 -0.356447577 0.439002067 0.611355066 0.889120638 
1.53047955 1.20469892 0.0865919515 0.878973961 -0.150981486 0.452271581 0.62500006 0.889009833 
1.49517787 1.20469904 0.147293493 0.840772569 -0.142597079 0.522214472 0.62500006 0.898830712 
1.44912183 1.20469892 0.217533022 0.814317524 -0.133606389 0.564781845 0.62500006 0.910194755 
1.39591801 1.20469904 0.291032523 0.787535965 -0.121926785 0.604054272 0.62500006 0.922086179 
1.32105231 0.953280747 0.214552984 0.732400179 -0.360136479 0.577813327 0.564338684 0.92538625 
1.35992074 0.952251256 0.163823739 0.746232808 -0.375585049 0.549601972 0.563799977 0.912998199 
1.22090304 0.900173426 -0.283059508 0.726596534 -0.291454554 -0.622139692 0.549805164 0.801165283 
1.19596708 0.85602653 -0.293524921 0.735260546 -0.267410249 -0.622757196 0.533131838 0.797560751 
1.17800891 0.865662038 -0.318693846 0.732960165 -0.260905683 -0.628211081 0.538391471 0.792893708 
1.18713963 0.898190618 -0.321800649 0.726424992 -0.284905106 -0.625367939 0.551067948 0.793978274 
1.16143668 0.818767428 -0.318767369 0.726336479 -0.28127268 -0.62709862 0.517789602 0.792385995 
1.14958763 0.846666098 -0.344009131 0.719570518 -0.266055882 -0.641403019 0.531094134 0.788070858 
1.17800891 0.865662038 -0.318693846 0.732960165 -0.260905683 -0.628211081 0.538391531 0.792893648 
1.14868283 0.886758685 -0.361335963 0.713865876 -0.277510554 -0.642935038 0.547851086 0.787268937 
1.25417328 0.897412181 -0.243116662 0.72412473 -0.297736913 -0.622050285 0.5468961 0.810195386 
1.23949599 0.951877952 -0.287813365 0.709510684 -0.346328259 -0.613682926 0.566818833 0.80366379 
1.22127306 0.845562816 -0.259078145 0.736044645 -0.282900542 -0.614946008 0.527455807 0.806023002 
1.19760978 0.947070658 -0.333930969 0.709660053 -0.335353971 -0.619574308 0.567314804 0.795516133 
1.13577294 0.753888965 -0.316520303 0.706653714 -0.356512845 -0.611147583 0.488354474 0.79486835 
1.119102 0.78522706 -0.351415962 0.695543468 -0.313179702 -0.646627367 0.502551377 0.78619051 
1.18125165 0.798027337 -0.285707384 0.732711077 -0.309227496 -0.606213272 0.507949829 0.800784469 
1.10852945 0.823748291 -0.379392803 0.688335776 -0.282298058 -0.668169916 0.520994544 0.781722665 
1.15280581 0.938012421 -0.380243987 0.698842645 -0.31902945 -0.640123963 0.565713644 0.788006604 
1.10464382 0.871354818 -0.402416617 0.683792889 -0.279261768 -0.674079299 0.541922569 0.780423105 
0.0344290286 0.559218884 -0.641557455 0.0557228439 -0.553448558 -0.830995798 0.429225475 0.656083405 
0.034146741 0.664545536 -0.694725275 0.0457418337 -0.376455277 -0.925296247 0.471651912 0.656083465 
0.173570916 0.667649031 -0.687314987 0.0709129795 -0.39276287 -0.916873097 0.471651971 0.670629144 
0.173891351 0.563598514 -0.632557869 0.0843106061 -0.561715603 -0.822987199 0.429225713 0.670629203 
0.0338684618 0.77518779 -0.729362845 0.031849198 -0.24921082 -0.967922807 0.512148738 0.656083465 
0.173282817 0.776844144 -0.724048436 0.052437678 -0.268499196 -0.961835027 0.512148738 0.670629263 
0.29937017 0.672402382 -0.677499235 0.104431838 -0.409794629 -0.906149805 0.471652031 0.683822691 
0.299952149 0.570155203 -0.621281266 0.119716302 -0.569107711 -0.813457727 0.429225951 0.683822691 
0.298897147 0.779569387 -0.716395497 0.082675539 -0.290094912 -0.953416944 0.512148738 0.683822751 
-0.116533287 0.556997299 -0.648103297 0.031971138 -0.546346426 -0.836923778 0.429225266 0.640361965 
-0.116892226 0.663119197 -0.699902833 0.0263001304 -0.363381147 -0.931244314 0.471651793 0.640362024 
-0.11725115 0.774645209 -0.732830942 0.0178206842 -0.234293193 -0.971990228 0.512148738 0.640361905 
-0.117548555 0.881352961 -0.752565622 0.00994866528 -0.15344137 -0.988091648 0.547251046 0.640362024 
0.0336395055 0.881184697 -0.750659585 0.0191629808 -0.166455522 -0.985856175 0.547250986 0.656083524 
0.173056975 0.88162756 -0.74734664 0.0350800864 -0.184155181 -0.982242346 0.547250986 0.670629263 
0.298548758 0.882635951 -0.741936624 0.0607695729 -0.205714479 -0.976701796 0.547251046 0.683822691 
0.407959759 0.884164333 -0.733738959 0.100571573 -0.229812711 -0.968016565 0.547251046 0.695487618 
0.408616781 0.783318281 -0.705912113 0.126496226 -0.311417341 -0.941805363 0.512148738 0.695487678 
0.409534276 0.678778291 -0.665104687 0.149909139 -0.42461139 -0.892858028 0.471652091 0.695487738 
0.410709977 0.578908086 -0.607904136 0.16492258 -0.573090851 -0.802683651 0.429226249 0.695487678 
-0.954548955 0.310235798 -0.244257599 -0.0236773845 -0.904805541 -0.425094485 0.296451241 0.552950144 
-0.954637408 0.357755244 -0.358414024 -0.0351410359 -0.91488713 -0.402139157 0.321144491 0.552950144 
-0.886860311 0.355337948 -0.358411074 -0.0282516778 -0.9172948 -0.397171021 0.321143955 0.560014129 
-0.88677609 0.308644533 -0.244253591 -0.019040959 -0.907588601 -0.419389367 0.296450466 0.560014129 
-0.954877496 0.412167907 -0.47597 -0.0417220555 -0.870520949 -0.490295142 0.351958901 0.552950144 
-0.887088895 0.409087062 -0.475968093 -0.0337390564 -0.872395635 -0.487599552 0.351958573 0.560014129 
-0.808130741 0.353198171 -0.358408898 -0.0214203075 -0.91939491 -0.392705619 0.321143568 0.568219721 
-0.808051467 0.30723989 -0.244250536 -0.014342593 -0.910022199 -0.414256781 0.29644987 0.568219662 
-0.808345914 0.406344324 -0.475966692 -0.025690224 -0.874077916 -0.485063195 0.351958275 0.568219721 
-1.02130449 0.262287945 -0.151036635 -0.0169054419 -0.810118556 -0.58598417 0.278440684 0.545990765 
-1.02131772 0.312116265 -0.244262531 -0.0289834477 -0.901659846 -0.431456745 0.296452135 0.545990825 
-0.954536259 0.261292636 -0.15103063 -0.0123287747 -0.813821256 -0.580978215 0.278439522 0.552950144 
-1.02141035 0.360606253 -0.35841772 -0.0409910195 -0.912202716 -0.407653242 0.321145177 0.545990825 
-1.02166176 0.41578716 -0.475972265 -0.0477511026 -0.868545592 -0.493245095 0.351959348 0.545990765 
-1.02215159 0.48568821 -0.579396605 -0.0434885137 -0.743177891 -0.667637229 0.388334274 0.545990765 
-0.955345094 0.481790811 -0.579395354 -0.0382492058 -0.743236363 -0.667897046 0.388334036 0.552950144 
-0.887534261 0.478447974 -0.5793944 -0.0311785433 -0.743464887 -0.668020129 0.388333827 0.560014188 
-0.808765054 0.475439817 -0.579393625 -0.0239823721 -0.743789196 -0.667967081 0.388333678 0.568219721 
-0.709084392 0.472546458 -0.579393268 -0.0181257613 -0.744224191 -0.66766274 0.388333619 0.578603685 
-0.708698332 0.403739274 -0.475965798 -0.0193460174 -0.87563616 -0.482521415 0.351958126 0.578603625 
-0.708500028 0.35117957 -0.358407527 -0.015990166 -0.921326458 -0.388402343 0.32114327 0.578603685 
-0.708426952 0.305919349 -0.244248658 -0.010681022 -0.912250817 -0.409418821 0.296449542 0.578603625 
-0.808040142 0.259708107 -0.151021942 -0.00744636171 -0.819771171 -0.572637379 0.278437883 0.568219721 
-0.708416522 0.259010494 -0.151019722 -0.00555430446 -0.822342217 -0.56891942 0.278437495 0.578603685 
-0.886764169 0.26045078 -0.151025683 -0.00988763385 -0.81695044 -0.576565027 0.278438598 0.560014188 
0.0335096866 0.9748438 -0.7632792 0.0101927845 -0.1071463 -0.994162679 0.57444042 0.656084955 
0.0335472375 1.05754828 -0.769784868 0.00482188258 -0.0564587526 -0.998373806 0.594985068 0.656095266 
0.173869208 1.05713141 -0.768823206 0.0122677488 -0.066618152 -0.997685373 0.594985068 0.670723796 
0.173043057 0.974617541 -0.761402428 0.0216643289 -0.120954089 -0.992409348 0.57444036 0.670641065 
0.0337925851 1.13294935 -0.772214711 0.00183110824 -0.019959081 -0.999785125 0.611100018 0.65612042 
0.17602618 1.13266122 -0.771820724 0.0054932693 -0.0275579002 -0.999591887 0.611100018 0.67092514 
0.301175773 1.05678797 -0.766660273 0.0260561686 -0.0842401385 -0.996084034 0.594985127 0.684094965 
0.298701644 0.974632144 -0.757819295 0.0418438911 -0.140414923 -0.989187121 0.57444042 0.683856845 
0.30792737 1.13238358 -0.770807028 0.0125118541 -0.0439745896 -0.998934209 0.611099958 0.684721112 
-0.117738277 0.975350261 -0.764151812 0.0045777401 -0.0979636312 -0.995170236 0.57444036 0.640361845 
0.0336395055 0.881184697 -0.750659585 0.0191629808 -0.166455522 -0.985856175 0.547251046 0.656083405 
-0.117835715 1.05806684 -0.770101488 0.00170903478 -0.0509963781 -0.998686612 0.594985068 0.640361905 
-0.117871605 1.13326311 -0.772293389 0.000427259103 -0.0170598458 -0.999847353 0.611100018 0.640361905 
-0.117876731 1.20469892 -0.772606611 6.10370116e-05 0.125919357 -0.992034674 0.62500006 0.640361905 
0.0341579914 1.20469904 -0.772606552 0.000366222084 0.124942772 -0.992156744 0.62500006 0.656154394 
0.178976998 1.20469892 -0.772606611 0.00128177658 0.121494107 -0.992583394 0.62500006 0.671197534 
0.318985462 1.20469892 -0.772606611 0.00305184023 0.112551868 -0.99361819 0.62500006 0.685740769 
0.456588626 1.2046988 -0.772606373 0.414453447 0.484896302 -0.770085871 0.624999881 0.700034201 
0.422171295 1.13210154 -0.768869579 0.0258731991 -0.0710292533 -0.99712497 0.611099958 0.696861088 
0.411457062 1.05648959 -0.762740672 0.050125137 -0.11144001 -0.992502093 0.594985127 0.695866525 
0.408068299 0.974848747 -0.751827717 0.0749173537 -0.165944979 -0.983274937 0.57444042 0.695535123 
0.0348354578 0.401194096 0.461176962 0.0486033894 -0.873031437 0.485210627 0.153665662 0.656083465 
0.0349339247 0.349441707 0.346865922 0.036360018 -0.918090522 0.394652635 0.180520833 0.656083465 
0.174773708 0.353583455 0.339991063 0.0580338091 -0.911228299 0.407730132 0.180519298 0.670629144 
0.174512342 0.406120002 0.452118695 0.0746140704 -0.867076457 0.492513835 0.153664872 0.670629203 
0.0349850357 0.304896533 0.236705929 0.0256292261 -0.907671392 0.418824285 0.203755081 0.656083405 
0.174988851 0.307974279 0.232448459 0.042026639 -0.899455547 0.434966624 0.203752935 0.670629203 
0.302116632 0.360162139 0.332645357 0.0847949907 -0.901456594 0.424401075 0.180517539 0.683822811 
0.301370144 0.413629353 0.441991329 0.10533607 -0.858461618 0.501881063 0.153663933 0.683822691 
0.302792847 0.313237667 0.228323847 0.0630182102 -0.888014376 0.45544982 0.203750417 0.683822691 
-0.116235822 0.46650216 0.570990086 0.0333123393 -0.746782124 0.664202929 0.125000015 0.640362024 
-0.116046101 0.398613691 0.468254656 0.0261781495 -0.876632452 0.480390459 0.153666288 0.640361965 
0.0346701443 0.469168961 0.563245058 0.058641836 -0.746738553 0.662463784 0.125 0.656083465 
-0.115948662 0.347341359 0.352373809 0.0187358987 -0.922300518 0.385947287 0.180522054 0.640362024 
-0.115912773 0.303452015 0.240286425 0.0130000608 -0.912872791 0.408006608 0.203756794 0.640361965 
-0.115907639 0.257712483 0.148931429 0.00860598031 -0.82101661 0.570802331 0.221560061 0.640362024 
0.0350084752 0.258543313 0.147090882 0.0164172985 -0.813297153 0.581593513 0.221557975 0.656083524 
0.175148681 0.260627598 0.1451758 0.0264830962 -0.801632404 0.597181618 0.221555293 0.670629263 
0.303325117 0.264647305 0.143895805 0.0391022861 -0.786315918 0.616577804 0.221552223 0.683822691 
0.418349862 0.271284223 0.143960729 0.0538370684 -0.767589748 0.638636887 0.221548885 0.695487618 
0.417091191 0.321239054 0.225141913 0.0889103189 -0.873098135 0.47930029 0.203747675 0.695487618 
0.415508628 0.369573414 0.325725168 0.117733963 -0.888317704 0.443855256 0.180515617 0.695487738 
0.413794518 0.42396006 0.431706578 0.142283306 -0.846582592 0.512861907 0.153662965 0.695487678 
0.300627291 0.481847972 0.541492939 0.119295903 -0.742821872 0.658738017 0.125 0.683822691 
0.412141383 0.492071629 0.529082179 0.157811731 -0.736908197 0.65727675 0.125000015 0.695487678 
0.17421405 0.474249005 0.55314672 0.0869741142 -0.745701134 0.660552919 0.125000015 0.670629263 
0.641081572 0.975994587 0.724924207 0.199534193 -0.246997967 0.948223293 0.57444042 0.0283965897 
0.64105463 1.05550981 0.743678927 0.155081004 -0.210877493 0.965113163 0.594985068 0.0283137076 
0.576714516 1.05589342 0.752374828 0.106903002 -0.172205597 0.979235172 0.594985068 0.0358351171 
0.576166391 0.975635052 0.736604691 0.146158248 -0.220054731 0.964468777 0.57444036 0.0358639471 
0.642868638 1.13108861 0.75883162 0.0893942714 -0.195949316 0.976521373 0.611100018 0.0280959383 
0.579274178 1.13146734 0.763611495 0.0585202388 -0.139808521 0.988443434 0.611100018 0.0357651003 
0.501922488 1.05620527 0.759094894 0.0697597265 -0.135955319 0.988242507 0.594985127 0.0444726087 
0.499682426 0.975215971 0.746101379 0.0994852483 -0.191673279 0.97639668 0.57444042 0.0444762148 
0.508650959 1.13180065 0.767097056 0.0382492058 -0.0965990722 0.994570792 0.611099958 0.0444638543 
0.697662294 0.976183772 0.711094618 0.257458508 -0.268466085 0.928237021 0.57444036 0.0218033753 
0.697548628 1.05501056 0.73246491 0.222156748 -0.242581502 0.944330871 0.594985127 0.0216880571 
0.700087786 1.13065124 0.751230359 0.17955707 -0.24518767 0.952683568 0.611099958 0.0213421006 
0.709417462 1.2046988 0.772606492 -0.221118301 0.335811079 0.915595174 0.625 0.0202383343 
0.646210432 1.20469892 0.772606611 0.038858559 0.633235872 0.772962034 0.62500006 0.027741231 
0.583003163 1.20469892 0.772606611 0.023921378 0.659577072 0.751235008 0.62500006 0.0356703773 
0.519795895 1.20469892 0.772606611 0.0161122046 0.675949633 0.736736596 0.62500006 0.044452019 
0.456588626 1.2046988 0.772606492 0.374435246 0.513845325 0.771821618 0.62500006 0.0545124039 
0.422171354 1.13210154 0.769561112 0.0206272192 -0.0617290922 0.997856975 0.611099958 0.0545124114 
0.411457062 1.05648947 0.763980448 0.040503636 -0.105285056 0.99358958 0.594985127 0.0545124039 
0.408068299 0.974848628 0.753329635 0.06186359 -0.164776549 0.984362483 0.57444042 0.0545124076 
-1.43494451 0.980316639 -0.730911374 -0.70429045 -0.077195771 -0.705668986 0.57444042 0.502619267 
-1.43652117 1.05977905 -0.735911787 -0.709540427 -0.0408100076 -0.703449011 0.594985068 0.502595544 
-1.40445483 1.05977535 -0.748497963 -0.288030893 -0.0467835926 -0.956448138 0.594985127 0.506513715 
-1.4032557 0.980254054 -0.743268073 -0.285034984 -0.0913543329 -0.954148591 0.57444036 0.506513774 
-1.43710732 1.13363969 -0.737805545 -0.709902883 -0.0136473505 -0.704150319 0.611100018 0.502673805 
-1.40489674 1.13364911 -0.750424743 -0.28819716 -0.0153378109 -0.957416177 0.611100018 0.506513715 
-1.36461616 1.05984235 -0.756907225 -0.166105971 -0.0469626859 -0.984978199 0.594985187 0.510726035 
-1.36376393 0.980229855 -0.751618564 -0.165869355 -0.0923577026 -0.981806517 0.57444042 0.510725975 
-1.36493015 1.1337074 -0.7588557 -0.166224271 -0.0153419208 -0.985959947 0.611100018 0.510726035 
-1.45607173 0.892368615 -0.6795277 -0.955643117 -0.0810415819 -0.283140182 0.547251046 0.494330645 
-1.45955634 0.980447531 -0.68610543 -0.959162951 -0.0500565767 -0.278318673 0.57444042 0.493854433 
-1.43191528 0.892459869 -0.721595228 -0.690764248 -0.126458332 -0.711918056 0.547251046 0.502736926 
-1.46143043 1.05997026 -0.690348327 -0.960172176 -0.0268503744 -0.277996302 0.594985127 0.493756741 
-1.46214163 1.13376713 -0.692118645 -0.960445464 -0.00906304456 -0.278210044 0.611099958 0.49406895 
-1.31378901 1.13382411 -0.765315711 -0.0939892605 -0.0153302876 -0.995434463 0.611100018 0.516084969 
-1.31357408 1.05999422 -0.763350785 -0.093807973 -0.0469344035 -0.994473994 0.594985127 0.516084969 
-1.31299126 0.980255008 -0.758017004 -0.0935057849 -0.0921065435 -0.991331637 0.57444042 0.516084969 
-1.36210442 0.891996264 -0.741319656 -0.16651991 -0.148974016 -0.974688113 0.547251046 0.510726035 
-1.31185579 0.891651511 -0.747630537 -0.0936870947 -0.148135111 -0.984505415 0.547250986 0.516084969 
-1.40092063 0.892261386 -0.733083487 -0.279581279 -0.148318425 -0.948568821 0.547250986 0.506513715 
-1.41452062 0.611121297 -0.617471397 -0.73506695 -0.443671495 -0.512631059 0.426579118 0.502875507 
-1.42090869 0.698606133 -0.671918511 -0.693643093 -0.335476339 -0.637405038 0.470792234 0.502878487 
-1.39296865 0.695303082 -0.684256375 -0.348397732 -0.383575022 -0.855253279 0.471377879 0.506513715 
-1.38898575 0.602013826 -0.633315265 -0.452354193 -0.537012696 -0.712001622 0.428440541 0.506513774 
-1.42707503 0.79569912 -0.70459336 -0.679233909 -0.212294534 -0.70250684 0.51204133 0.502854586 
-1.39727581 0.79494071 -0.715419352 -0.289360881 -0.240878031 -0.92640388 0.512114465 0.506513774 
-1.35659599 0.692834675 -0.692966521 -0.192699656 -0.375499547 -0.906536937 0.47162044 0.510726035 
-1.35402644 0.596282244 -0.643338382 -0.231305644 -0.556287706 -0.798118114 0.429136693 0.510725975 
-1.35953188 0.79410094 -0.723584831 -0.172132373 -0.236350074 -0.956264138 0.512144744 0.510725975 
-1.43290448 0.616762817 -0.580679297 -0.927796304 -0.284860879 -0.240823716 0.424052864 0.494918287 
-1.44229555 0.699865341 -0.633683264 -0.939170837 -0.20991978 -0.271684915 0.470148563 0.494917095 
-1.45029116 0.795509338 -0.665462375 -0.94871819 -0.133428708 -0.286515117 0.511960864 0.494809926 
-1.31009424 0.793054223 -0.729762018 -0.0957414433 -0.233909622 -0.967511714 0.512148976 0.516084969 
-1.30807054 0.690635502 -0.699004471 -0.102019556 -0.371143281 -0.92291826 0.47165373 0.516084969 
-1.30625987 0.592392743 -0.649205983 -0.114848636 -0.556539059 -0.822798371 0.429231703 0.516084969 
-1.09600866 0.579533339 0.655026555 -0.034775313 -0.548107803 0.835644782 0.423599988 0.211625516 
-1.09699202 0.681798935 0.705295682 -0.0202001613 -0.361985683 0.931953669 0.469985098 0.211625516 
-1.17288601 0.684944868 0.704596817 -0.0321540348 -0.365469933 0.930239975 0.469985068 0.219558731 
-1.17177773 0.58392638 0.654380202 -0.0462898575 -0.551209033 0.833064914 0.423600018 0.219558716 
-1.09797883 0.788259268 0.736338317 -0.0112302806 -0.227535233 0.973677576 0.51194042 0.211625531 
-1.17402077 0.790014863 0.735607743 -0.0237383824 -0.229999885 0.972876966 0.51194036 0.219558731 
-1.24531603 0.687981188 0.702699363 -0.0555403605 -0.368572146 0.927908123 0.469985098 0.227193698 
-1.24395275 0.588321865 0.652624846 -0.0681205317 -0.554195225 0.829571545 0.423599988 0.227193668 
-1.24676895 0.791662216 0.733624399 -0.0485425144 -0.23216252 0.971460104 0.51194036 0.227193683 
-1.02215171 0.48568821 0.579396605 -0.0434885137 -0.743177891 0.667637229 0.37500003 0.204009265 
-1.02291954 0.575469613 0.655118346 -0.0294712782 -0.545371175 0.837643266 0.423599988 0.204009265 
-1.09519958 0.490283519 0.579316914 -0.0496990718 -0.743412673 0.666943252 0.375 0.211625502 
-1.02384603 0.678815901 0.705395281 -0.0153189432 -0.358743995 0.933295965 0.469985098 0.20400928 
-1.02477264 0.786542654 0.736442745 -0.00646982249 -0.22522305 0.974257588 0.51194042 0.20400928 
-1.02554047 0.88946557 0.754476011 -0.00238043861 -0.143589288 0.989621639 0.547251046 0.20400928 
-1.09879768 0.890093505 0.75436902 -0.00714119431 -0.14483808 0.989421725 0.547250986 0.211625531 
-1.1749717 0.890681982 0.753620386 -0.0200781412 -0.146100521 0.989046812 0.547250986 0.219558746 
-1.24800861 0.891208649 0.751588047 -0.04574183 -0.147227705 0.98802346 0.547251046 0.227193683 
-1.24298227 0.500840425 0.577212274 -0.0840684101 -0.745506048 0.66113323 0.375 0.227193654 
-1.17090678 0.495414019 0.578750968 -0.0617420375 -0.744195819 0.665083051 0.375 0.219558716 
-1.09914124 0.980511069 0.764849365 -0.00579844322 -0.0909745246 0.995806396 0.57444042 0.211606905 
-1.09815538 1.06084323 0.770231009 -0.00561533961 -0.0467538089 0.998889506 0.594985068 0.211476624 
-1.17539334 1.06054783 0.769466579 -0.0187969115 -0.046748165 0.99870795 0.594985127 0.219506934 
-1.17551732 0.980436444 0.76409024 -0.0189799499 -0.091421105 0.995623469 0.57444042 0.219552279 
-1.0949589 1.1344521 0.772213817 -0.00549326977 -0.0151980454 0.999866605 0.611100018 0.2111343 
-1.17444885 1.13423061 0.771447361 -0.018674884 -0.015104685 0.999686122 0.611100018 0.219396889 
-1.24915063 1.0602448 0.767391622 -0.0451328754 -0.0468406081 0.997863472 0.594985187 0.227187216 
-1.2487967 0.980335712 0.762029588 -0.0450719781 -0.0917906985 0.994724572 0.57444042 0.227192879 
-1.24916875 1.13400817 0.76936692 -0.0451328754 -0.0152170984 0.998839378 0.611100018 0.227173433 
-1.02578104 0.980513692 0.764957786 -0.000976591953 -0.0905178711 0.99587965 0.57444036 0.203983352 
-1.02428746 1.06107068 0.770340204 -0.000671407091 -0.0467543527 0.998901129 0.594985127 0.203802094 
-1.01914489 1.1346333 0.77232331 -0.000732444052 -0.015381326 0.999877751 0.611099958 0.203258291 
-1.00245547 1.2046988 0.772606492 -0.360132992 0.539503574 0.761063635 0.625 0.201523289 
-1.08960557 1.20469892 0.772497118 -0.00347909424 0.705340564 0.708850205 0.62500006 0.210576743 
-1.17303181 1.20469892 0.771730363 -0.0129390359 0.70475018 0.709327698 0.62500006 0.219247997 
-1.24901116 1.20469904 0.769649208 -0.031971138 0.703486979 0.7099545 0.62500006 0.227154836 
1.39591789 1.21093225 0.289531201 0.785210252 0.144815937 0.602019906 0.62500006 0.92208612 
1.44912207 1.21093225 0.216410875 0.817904949 0.102496617 0.566101074 0.625000119 0.910194695 
1.44912183 1.21716547 0.215288684 0.816503942 0.102866799 0.568044007 0.62500006 0.910194695 
1.39591801 1.21716547 0.288029879 0.783643782 0.145288572 0.603949487 0.62500006 0.922086239 
1.49517787 1.21093225 0.146533683 0.847899735 0.0654620826 0.526037574 0.62500006 0.898830652 
1.49517798 1.21716547 0.145773843 0.846661091 0.0656992346 0.528021872 0.62500006 0.898830652 
1.44912183 1.22339892 0.214166522 0.816769958 0.083614178 0.570845842 0.62500006 0.910194695 
1.39591789 1.2233988 0.286528558 0.784755051 0.121113844 0.607830346 0.62500006 0.922086239 
1.49517822 1.22339892 0.145014033 0.84619832 0.053385742 0.530140638 0.62500006 0.898830712 
1.33917296 1.21093225 0.359649122 0.743336797 0.190890193 0.641049147 0.625000119 0.933489323 
1.53047955 1.21093225 0.0861452445 0.887601435 0.0347841717 0.459240854 0.625000119 0.889009774 
1.53047979 1.21716547 0.0856985524 0.886618376 0.0348977707 0.46110025 0.62500006 0.889009774 
1.53047979 1.22339892 0.0852518603 0.885982633 0.0283584893 0.462797225 0.62500006 0.889009833 
1.53047979 1.23253584 0.0848424062 0.885622501 0.0111618284 0.464194953 0.62500006 0.889009833 
1.49517798 1.23253572 0.144317508 0.846370876 0.0209880043 0.532132089 0.62500006 0.898830652 
1.44912183 1.23253572 0.213137895 0.818228483 0.0329031311 0.573909819 0.62500006 0.910194695 
1.39591801 1.23253572 0.285152376 0.788724422 0.0492144786 0.612729251 0.62500006 0.922086239 
1.33917284 1.22339892 0.355919272 0.742112339 0.174726069 0.647091985 0.62500006 0.933489442 
1.33917046 1.22963214 0.354433745 0.750431597 0.0791856796 0.656146348 0.62499994 0.933552086 
1.33917296 1.21716547 0.357784182 0.741613746 0.191438541 0.642900348 0.62500006 0.933489382 
0.84249121 1.21093225 -0.720074117 0.341501176 0.482515484 -0.806553841 0.62500006 0.745714664 
0.796659291 1.21093225 -0.738265991 0.306314677 0.497842282 -0.811336696 0.62500006 0.740110278 
0.796659231 1.21716547 -0.734437823 0.304892033 0.498106062 -0.811740398 0.62500006 0.740110278 
0.842491329 1.21716547 -0.716340423 0.339903474 0.482818127 -0.807030141 0.62500006 0.745714724 
0.75259614 1.21093225 -0.754046321 0.282644242 0.509540796 -0.812661409 0.62500006 0.73484993 
0.752596319 1.21716547 -0.750136375 0.281308472 0.509753168 -0.81299448 0.62500006 0.73484993 
0.796659291 1.22339892 -0.730609596 0.30341211 0.498344928 -0.812122047 0.62500006 0.740110278 
0.842491329 1.2233988 -0.71260649 0.338357508 0.4830845 -0.807523668 0.625 0.745714724 
0.75259614 1.2233988 -0.746226311 0.27997151 0.509964943 -0.813326657 0.62500006 0.73484993 
0.709417582 1.21093225 -0.768621087 -0.866362453 0.267179877 -0.42186296 0.62500006 0.72976172 
0.709417582 1.21716547 -0.764635503 -0.866518378 0.267035306 -0.421620905 0.62500006 0.72976172 
0.709417582 1.2233988 -0.76064986 -0.86671114 0.266889781 -0.421397477 0.625000119 0.7297616 
0.709417582 1.22963214 -0.756664336 -0.916328669 0.254624456 -0.308977276 0.62500006 0.72976166 
0.75259614 1.22963214 -0.742316365 0.313081652 0.263084948 -0.91254288 0.625000119 0.73484993 
0.796659291 1.22963214 -0.726781487 0.337450296 0.256575495 -0.90567553 0.62500006 0.740110278 
0.84249121 1.22963214 -0.708872736 0.373660058 0.247961283 -0.893781006 0.62500006 0.745714724 
0.021748662 1.20469904 -0.566485226 0 1 0 0.658348382 0.647675514 
0.0182731152 1.20469904 -0.41757226 0 1 0 0.682440996 0.64128834 
0.150581941 1.20469904 -0.422137976 0 1 0 0.681702256 0.653738499 
0.157808915 1.20469904 -0.567503393 0 1 0 0.658183634 0.660655499 
0.0171328336 1.20469904 -0.283218801 0 1 0 0.704178095 0.63598758 
0.145577446 1.20469904 -0.295583934 0 1 0 0.702177525 0.647958994 
0.262176573 1.20469904 -0.426544279 0 1 0 0.680989385 0.664384723 
0.278957605 1.20469892 -0.568383157 0 1 0 0.658041298 0.67244488 
0.248631909 1.20469904 -0.308452219 0 1 0 0.700095534 0.657837987 
-0.122069299 1.20469892 -0.722295642 0 0.707083344 0.707083344 0.633139729 0.641275525 
-0.126110643 1.20469904 -0.565102577 0 1 0 0.658572137 0.633475602 
0.0261003971 1.20469904 -0.722295642 0 0.707083344 0.707083344 0.633139789 0.654706061 
-0.129244551 1.20469904 -0.413630158 0 1 0 0.683078766 0.627450764 
-0.130474091 1.20469904 -0.273227513 0 1 0 0.705794573 0.62250632 
-0.127798751 1.20469892 -0.14240016 0 1 0 0.726961136 0.618646026 
0.0237651765 1.20469904 -0.17610535 0 1 0 0.721507967 0.63255614 
0.14635469 1.20469904 -0.197056085 0 1 0 0.71811831 0.643932104 
0.243042901 1.20469904 -0.22086738 0 1 0 0.714265883 0.653445065 
0.301567912 1.20469904 -0.245517284 0 1 0 0.710277796 0.659770489 
0.322881341 1.20469904 -0.314982086 0 1 0 0.699039102 0.664903462 
0.345823765 1.20469892 -0.428841978 0 1 0 0.68061775 0.672379017 
0.371480763 1.20469904 -0.570252895 0 1 0 0.657738805 0.681624413 
0.300053358 1.20469892 -0.722295642 0 0.707083344 0.707083344 0.633139789 0.681566834 
0.43143326 1.20469904 -0.722295642 0.4221645 0.745590985 0.515590668 0.633139729 0.694997311 
0.165875211 1.20469892 -0.722295642 0 0.707083344 0.707083344 0.633139789 0.668136418 
1.16745484 1.21093225 0.523998916 0.588405907 0.322431117 0.741468132 0.62500006 0.960874915 
1.22465587 1.21093225 0.476107657 0.638925493 0.282475531 0.715518236 0.625000119 0.952623725 
1.22465575 1.21716547 0.473638862 0.636942089 0.283062756 0.717024386 0.62500006 0.952623785 
1.16745496 1.21716547 0.521281898 0.586418986 0.322995782 0.742790401 0.62500006 0.960874856 
1.2818898 1.21093225 0.421795517 0.69235599 0.237982079 0.681121111 0.62500006 0.943620503 
1.28188968 1.21716547 0.419608444 0.690479279 0.238566115 0.68284744 0.62500006 0.943620563 
1.22465575 1.22339892 0.471170098 0.6349563 0.283652931 0.718563557 0.62500006 0.952623785 
1.16745484 1.2233988 0.518564761 0.584386468 0.3235946 0.744130671 0.625 0.960874915 
1.2818898 1.22339892 0.417421252 0.689157724 0.234804347 0.685484648 0.62500006 0.943620563 
1.11027026 1.21093225 0.566883266 0.544199526 0.357317656 0.759047747 0.625000119 0.968750119 
1.28188992 1.22963214 0.415234089 0.703588843 0.114409417 0.701290011 0.62500006 0.943620622 
1.22465599 1.22963214 0.468701333 0.654976666 0.141576499 0.74221468 0.62500006 0.952623785 
1.16745484 1.22963214 0.515847683 0.608783245 0.16210191 0.77656424 0.62500006 0.960874975 
1.11027026 1.22339892 0.561004341 0.540206492 0.358411402 0.761354566 0.62500006 0.968750179 
1.11027026 1.22963214 0.558064878 0.568344295 0.180194423 0.802785635 0.62500006 0.968750119 
1.11027038 1.21716547 0.563943803 0.542185128 0.357855141 0.760223329 0.62500006 0.96875006 
-0.924502075 1.20469892 -0.556302965 0 1 0 0.659995794 0.554170728 
-0.92091012 1.20469904 -0.398661882 0 1 0 0.685500622 0.55282408 
-0.872813523 1.20469892 -0.398086309 0 1 0 0.685593724 0.557323813 
-0.873851776 1.20469892 -0.555758178 0 1 0 0.66008389 0.559140444 
-0.9195503 1.20469904 -0.258460909 0 1 0 0.708183646 0.551474094 
-0.872440994 1.20469904 -0.258189321 0 1 0 0.708227694 0.555696607 
-0.804464579 1.20469904 -0.398838818 0 1 0 0.685471892 0.563736856 
-0.804199576 1.20469892 -0.556141973 0 1 0 0.660021782 0.565974891 
-0.804759622 1.20469904 -0.259241998 0 1 0 0.708057284 0.561793745 
-0.977299809 1.2046988 -0.722295582 -0.422114879 0.74560374 0.51559943 0.633139729 0.550575912 
-0.959016979 1.20469904 -0.559046149 0 1 0 0.659551978 0.550807297 
-0.930361271 1.20469892 -0.722295702 0 0.707083344 0.707083344 0.633139789 0.555394173 
-0.953286529 1.20469892 -0.400937617 0 1 0 0.685132325 0.549818993 
-0.951376498 1.20469904 -0.259924382 0 1 0 0.707947016 0.548641682 
-0.951103568 1.20469892 -0.145864084 0 1 0 0.726400793 0.54761374 
-0.919364274 1.20469904 -0.145116165 0 1 0 0.72652179 0.550349236 
-0.872453332 1.20469892 -0.145150974 0 1 0 0.726516008 0.554418266 
-0.805022836 1.20469904 -0.146229312 0 1 0 0.726341605 0.560300767 
-0.711724758 1.20469892 -0.148611888 0 1 0 0.725956142 0.568477333 
-0.711080551 1.20469904 -0.261795014 0 1 0 0.707644284 0.570264697 
-0.710239768 1.20469892 -0.400896281 0 1 0 0.68513906 0.572597206 
-0.709268034 1.20469892 -0.557276249 0 1 0 0.659838378 0.575293303 
-0.803958237 1.20469904 -0.722295702 0 0.707083344 0.707083344 0.633139729 0.568359494 
-0.708230913 1.20469892 -0.722295642 0 0.707083344 0.707083344 0.633139789 0.578171194 
-0.875291169 1.20469892 -0.722295702 0 0.707083344 0.707083344 0.633139789 0.561044574 
0.0171328038 1.20469904 0.283218801 0 1 0 0.795822084 0.63596487 
0.0182731152 1.20469904 0.41757226 0 1 0 0.817559063 0.641106188 
0.150581941 1.20469904 0.422138035 0 1 0 0.818297803 0.653675139 
0.145577446 1.20469904 0.295583934 0 1 0 0.797822595 0.647951245 
0.0217486173 1.20469892 0.566485226 0 1 0 0.841651678 0.647074342 
0.157808915 1.20469904 0.567503452 0 1 0 0.841816425 0.660457432 
0.262176514 1.20469904 0.426544279 0 1 0 0.819010675 0.664376795 
0.248631969 1.20469904 0.308452219 0 1 0 0.799904585 0.657837093 
0.278957605 1.20469904 0.568383157 0 1 0 0.841958761 0.672420144 
-0.127798766 1.20469904 0.14240019 0 1 0 0.773038983 0.618646085 
-0.13047412 1.20469904 0.273227543 0 1 0 0.794205487 0.62247473 
0.0237651765 1.20469904 0.17610535 0 1 0 0.778492153 0.6325562 
-0.129244581 1.20469892 0.413630217 0 1 0 0.816921353 0.627197146 
-0.126110688 1.20469892 0.565102637 0 1 0 0.841428101 0.632556319 
-0.122069359 1.20469892 0.722295642 0 0.707083344 -0.707083344 0.866860271 0.63823235 
0.0261003673 1.20469904 0.722295702 0 0.707083344 -0.707083344 0.866860271 0.653422177 
0.165875182 1.20469892 0.722295642 0 0.707083344 -0.707083344 0.866860271 0.667756081 
0.300053358 1.20469892 0.722295642 0 0.707083344 -0.707083344 0.866860271 0.68151933 
0.431433141 1.2046988 0.722295523 0.419305503 0.74440515 -0.519624949 0.866860211 0.694997191 
0.371480763 1.20469904 0.570252955 0 1 0 0.842261255 0.681624472 
0.345823765 1.20469892 0.428841978 0 1 0 0.819382429 0.672379076 
0.322881341 1.20469904 0.314982116 0 1 0 0.800961018 0.664903462 
0.243042961 1.20469904 0.22086738 0 1 0 0.785734236 0.653445065 
0.301567912 1.20469904 0.245517254 0 1 0 0.789722383 0.659770608 
0.14635469 1.20469904 0.1970561 0 1 0 0.781881869 0.643932164 
-0.585112691 1.20469892 -0.559094846 0 1 0 0.659544051 0.587512195 
-0.586928785 1.20469904 -0.404125422 0 1 0 0.684616625 0.584215641 
-0.44206506 1.20469904 -0.407601684 0 1 0 0.684054077 0.597895801 
-0.439440489 1.20469892 -0.56123656 0 1 0 0.659197628 0.601993442 
-0.588501275 1.20469892 -0.265654743 0 1 0 0.707019806 0.581366837 
-0.444346905 1.20469904 -0.269104809 0 1 0 0.706461608 0.594376504 
-0.285954177 1.20469904 -0.41055584 0 1 0 0.683576286 0.612664759 
-0.282881945 1.20469904 -0.563310564 0 1 0 0.658862054 0.617768228 
-0.28835094 1.20469892 -0.270688176 0 0.999969482 0 0.706205308 0.60835886 
-0.583154798 1.20469904 -0.722295702 0 0.707083344 0.707083344 0.633139789 0.591034412 
-0.589890897 1.20469904 -0.152095303 0 1 0 0.72539252 0.579173207 
-0.44757241 1.20469904 -0.154619202 0 1 0 0.724984229 0.591594517 
-0.29460761 1.20469904 -0.153371617 0 1 0 0.72518605 0.604756594 
-0.279144228 1.20469892 -0.722295642 0 0.707083344 0.707083344 0.633139849 0.623418927 
-0.436482608 1.20469904 -0.722295642 0 0.707083344 0.707083344 0.633139849 0.60639447 
0.298701644 0.974632144 0.758292854 0.0356895924 -0.141477197 0.989272833 0.57444042 0.066176489 
0.301175833 1.05678797 0.767135978 0.0214203075 -0.0822942555 0.996349394 0.594985068 0.0661704093 
0.173869148 1.05713141 0.768921375 0.0104369046 -0.0667107329 0.99770087 0.594985068 0.0793153569 
0.173043028 0.9746176 0.761398733 0.0195290502 -0.122788906 0.992228389 0.57444042 0.0793639421 
0.30792737 1.13238358 0.771092832 0.0100096958 -0.0398861952 0.999138534 0.611100018 0.0661556497 
0.176026121 1.13266122 0.771900058 0.00445566932 -0.0264288336 0.999626338 0.611100018 0.0791973695 
0.0335471928 1.05754828 0.769760609 0.00445566978 -0.0570691898 0.9983446 0.594985127 0.0937569812 
0.0335097015 0.97484386 0.763155341 0.0100096948 -0.108733356 0.994011521 0.57444042 0.0938966572 
0.0337925702 1.13294935 0.772220135 0.00158696086 -0.0198980477 0.999785364 0.611100018 0.0933900103 
0.298548758 0.882635951 0.742120564 0.0542020984 -0.209796876 0.976216912 0.547251046 0.0661773533 
0.318985462 1.20469892 0.772606611 0.0024414754 0.181340575 0.983395696 0.62500006 0.0661356971 
0.178976998 1.20469904 0.772606611 0.00103762897 0.18836017 0.982085288 0.62500006 0.0790377483 
0.0341579616 1.20469892 0.772606552 0.000305185065 0.191106886 0.981566727 0.62500006 0.0927923024 
-0.117876783 1.20469892 0.772606611 6.10370116e-05 0.19193089 0.981383622 0.624999881 0.106973067 
-0.117871664 1.13326311 0.772290468 0.000427259103 -0.0171819199 0.999847353 0.611099958 0.108833045 
-0.117835768 1.05806684 0.770077527 0.00177007145 -0.0514846668 0.998655975 0.594985127 0.109416023 
-0.117738314 0.975350261 0.764071226 0.00488291774 -0.0989401117 0.99507755 0.57444042 0.109610341 
0.0336394757 0.881184697 0.750331223 0.019590063 -0.168956652 0.985422969 0.547251046 0.0939166099 
-0.117548577 0.881352901 0.752374649 0.0108030792 -0.154874653 0.987871468 0.547250986 0.10963811 
0.173056975 0.88162756 0.747059822 0.0332513787 -0.187702522 0.981647849 0.547250986 0.0793708861 
0.299952149 0.570155203 0.619381845 0.11731334 -0.572509766 0.81144762 0.423599988 0.0661773533 
0.29937017 0.672402382 0.676292598 0.100330167 -0.415245295 0.904126883 0.469985098 0.0661773533 
0.173570946 0.667649031 0.685975969 0.0715198815 -0.396557599 0.915198445 0.469985068 0.0793708861 
0.173891351 0.563598514 0.630741596 0.0858846754 -0.563789308 0.821412981 0.423599988 0.0793708786 
0.298897147 0.779569328 0.715960324 0.0768578798 -0.295860201 0.952105939 0.51194036 0.0661773458 
0.173282757 0.776844203 0.723274052 0.0517074615 -0.272836149 0.960642993 0.51194036 0.0793708861 
0.0341467559 0.664545476 0.693716824 0.0481772572 -0.378862262 0.924180031 0.469985127 0.0939166024 
0.0344290435 0.559218884 0.640256286 0.0587634332 -0.554656088 0.829972565 0.423600018 0.0939166024 
0.0338684618 0.775187731 0.728712976 0.033251375 -0.252069831 0.967126966 0.51194036 0.093916595 
0.300627291 0.481847972 0.541492939 0.119295903 -0.742821872 0.658738017 0.375 0.0661773533 
-0.117251173 0.774645209 0.732469738 0.0194070321 -0.235874772 0.971572161 0.51194042 0.109638102 
-0.116892211 0.663119197 0.699353635 0.0285565872 -0.364706725 0.930651903 0.469985098 0.109638102 
-0.116533265 0.556997299 0.647401869 0.0345315002 -0.546982586 0.836412728 0.423599988 0.109638102 
0.0346701443 0.469168961 0.563245058 0.058641836 -0.746738553 0.662463784 0.375 0.093916595 
-0.116235822 0.46650216 0.570990086 0.0333123393 -0.746782124 0.664202929 0.37500003 0.109638095 
0.17421405 0.474249005 0.55314672 0.0869741142 -0.745701134 0.660552919 0.37500003 0.0793708861 
-0.588501394 1.2046988 0.265654713 0 1 0 0.792980373 0.581365883 
-0.586928785 1.20469904 0.404125363 0 1 0 0.815383494 0.584207773 
-0.44206506 1.20469892 0.407601684 0 1 0 0.815945983 0.597832501 
-0.444346905 1.20469904 0.269104838 0 1 0 0.793538511 0.594368637 
-0.58511281 1.20469892 0.559094846 0 1 0 0.840456069 0.587487519 
-0.439440548 1.20469892 0.56123662 0 1 0 0.84080255 0.601795316 
-0.285954207 1.20469892 0.41055581 0 1 0 0.816423953 0.612482548 
-0.28835097 1.20469904 0.270688206 0 1 0 0.793794751 0.60833621 
-0.282882005 1.20469892 0.563310564 0 1 0 0.841138005 0.617167056 
-0.711724758 1.20469892 0.148611888 0 1 0 0.774043918 0.568477333 
-0.711080611 1.20469904 0.261795014 0 1 0 0.792355895 0.570264697 
-0.589890897 1.20469904 0.152095303 0 1 0 0.774607539 0.579173267 
-0.710239887 1.20469892 0.400896281 0 1 0 0.814861119 0.572597265 
-0.709268212 1.20469892 0.557276249 0 1 0 0.8401618 0.575293422 
-0.708230972 1.20469892 0.722295642 0 0.707083344 -0.707083344 0.866860271 0.578171313 
-0.583154857 1.20469904 0.722295702 0 0.707083344 -0.707083344 0.866860271 0.590986967 
-0.436482698 1.20469892 0.722295642 0 0.707083344 -0.707083344 0.866860271 0.606014132 
-0.279144287 1.20469904 0.722295702 0 0.707083344 -0.707083344 0.866860271 0.622135103 
-0.294607639 1.20469904 0.153371617 0 1 0 0.774814069 0.604756534 
-0.44757241 1.20469904 0.154619202 0 1 0 0.775015891 0.591594577 
-0.584606886 0.978120565 -0.76494509 -0.000244148046 -0.0889309272 -0.996032536 0.57444042 0.591854572 
-0.584783614 1.06003034 -0.770336449 -6.10370116e-05 -0.0463270955 -0.998901188 0.594985068 0.591854513 
-0.436418831 1.05937862 -0.770310342 0.000183111057 -0.0467543565 -0.998901308 0.594985187 0.607266784 
-0.436267406 0.977116406 -0.764857054 0.000610370131 -0.0897854418 -0.995940924 0.57444036 0.607266963 
-0.584848642 1.13427985 -0.772322834 -0 -0.0154118482 -0.99987793 0.611100018 0.591854453 
-0.436474681 1.13395917 -0.772319555 -0 -0.0155644407 -0.99987793 0.611100018 0.607266903 
-0.277388573 1.05869746 -0.770239472 0.000671407091 -0.048127681 -0.998809576 0.594985068 0.623787284 
-0.277264088 0.976145267 -0.764617741 0.0020142186 -0.0925014615 -0.995695412 0.57444036 0.623787284 
-0.277434438 1.13360858 -0.772310674 0.000122074023 -0.015991699 -0.999847353 0.611100018 0.623787344 
-0.711755633 0.886060476 -0.754476011 -0.00146488729 -0.140140891 -0.990111232 0.547251046 0.578603685 
-0.712141752 0.979014397 -0.764957726 -0.000610370131 -0.0889919549 -0.996001959 0.57444042 0.578603685 
-0.584263027 0.884719849 -0.754446149 -0.000549333112 -0.139927357 -0.990142405 0.547250986 0.591854453 
-0.712340057 1.0605731 -0.770340264 -0.000183111042 -0.0463270955 -0.998901188 0.594985127 0.578603685 
-0.712413073 1.13453519 -0.77232331 -0 -0.0154118482 -0.99987793 0.611100078 0.578603685 
-0.712423503 1.20469892 -0.772606611 0 0.126194015 -0.991973639 0.62500006 0.578603625 
-0.584858 1.2046988 -0.772606552 0 0.126194015 -0.992004156 0.62500006 0.591854393 
-0.436482608 1.20469904 -0.772606552 0 0.126163512 -0.992004216 0.62500006 0.607266903 
-0.277440995 1.20469892 -0.772606552 0 0.126102462 -0.992004156 0.62500006 0.623787224 
-0.277021676 0.882131338 -0.753670037 0.00469981087 -0.145266891 -0.9893713 0.547251046 0.623787284 
-0.435972452 0.883331895 -0.754237235 0.00140385027 -0.141209021 -0.989958644 0.547250986 0.607267022 
-0.581297576 0.304643095 -0.24419181 -0.00726326229 -0.914224923 -0.405125201 0.296449453 0.591854572 
-0.581362724 0.349222034 -0.358321398 -0.0109251374 -0.923052073 -0.384485483 0.32114318 0.591854393 
-0.433485299 0.347649693 -0.357721657 -0.00433359761 -0.924216032 -0.38181439 0.321143389 0.607266784 
-0.43342948 0.303623289 -0.243798181 -0.00280769449 -0.915461004 -0.402324349 0.296449721 0.607266963 
-0.581539333 0.401195467 -0.475856036 -0.0130000608 -0.877107441 -0.480086803 0.351958066 0.591854513 
-0.433636725 0.399131536 -0.475089371 -0.00445566932 -0.878133059 -0.478343546 0.351958215 0.607266903 
-0.274977446 0.346882701 -0.356093735 0.00476084696 -0.924245179 -0.381691754 0.321143895 0.623787344 
-0.27493158 0.30313462 -0.24272947 0.00335702184 -0.915368319 -0.402567983 0.296450377 0.623787403 
-0.27510196 0.398090094 -0.473008603 0.00750739453 -0.878273547 -0.478062302 0.351958513 0.623787344 
-0.581288278 0.258336842 -0.150989339 -0.00360116642 -0.824575603 -0.56571883 0.278437376 0.591854393 
-0.581883252 0.469685197 -0.579273641 -0.0116574774 -0.744827271 -0.667131186 0.388333559 0.591854453 
-0.433931708 0.467321962 -0.578438222 -0.00219732872 -0.745535374 -0.666431487 0.388333648 0.607266963 
-0.275344372 0.466059893 -0.576170504 0.0114743933 -0.746293306 -0.66548425 0.388333797 0.623787165 
-0.274924994 0.25754267 -0.150219291 0.00268562138 -0.825126648 -0.564926565 0.278438509 0.623787284 
-0.433421493 0.257799208 -0.150782079 -0.000976591953 -0.825800002 -0.563920796 0.278437704 0.607267022 
-0.582422435 0.560586095 -0.655007303 -0.00756842736 -0.538518071 -0.842567325 0.429225057 0.591854572 
-0.583073258 0.666885376 -0.705309093 -0.00366220274 -0.349862427 -0.936760962 0.471651793 0.591854453 
-0.43495208 0.664728463 -0.704708338 0.0024414754 -0.350840002 -0.936397314 0.471651793 0.607266843 
-0.434394062 0.558209956 -0.654240251 0.000854518148 -0.539109409 -0.842219174 0.429225117 0.607266903 
-0.583723903 0.778343201 -0.73638624 -0.00146488729 -0.218725979 -0.975767493 0.512148738 0.591854513 
-0.435510099 0.776546121 -0.73599124 0.00231940206 -0.220068544 -0.975461185 0.512148738 0.607266963 
-0.276183039 0.663312435 -0.703077972 0.0120846685 -0.354941338 -0.934791803 0.471651793 0.623787344 
-0.275724411 0.556821883 -0.652158141 0.013549285 -0.541513622 -0.840543926 0.429225147 0.623787344 
-0.276641667 0.775194526 -0.734919012 0.00842288416 -0.224732324 -0.974368989 0.512148738 0.623787344 
-0.709689558 0.563374877 -0.655116916 -0.0127559584 -0.539015532 -0.842167854 0.429225057 0.578603685 
-0.710420012 0.66930151 -0.705394924 -0.00708016101 -0.35059005 -0.93647325 0.471651733 0.578603685 
-0.711150408 0.780229092 -0.736442685 -0.00335702184 -0.219152495 -0.975672603 0.512148738 0.578603685 
-0.956078291 0.571973443 -0.65511781 -0.0259341896 -0.543153465 -0.839230418 0.429225296 0.552950144 
-0.956963003 0.676195443 -0.705395222 -0.0134272361 -0.356035382 -0.934352517 0.471651882 0.552950144 
-0.889074266 0.673845887 -0.705395043 -0.0113523379 -0.35384503 -0.93522507 0.471651822 0.560014188 
-0.888232052 0.568928778 -0.655117452 -0.0213593021 -0.541397214 -0.840457976 0.429225206 0.560014188 
-0.957847714 0.784968853 -0.736442745 -0.00549326977 -0.223240376 -0.974719644 0.512148738 0.552950203 
-0.889916539 0.783467591 -0.736442745 -0.00488291727 -0.221623406 -0.97508806 0.512148798 0.560014129 
-0.810214877 0.671602726 -0.705394983 -0.00915526412 -0.352050424 -0.935912132 0.471651822 0.568219781 
-0.809421957 0.566130877 -0.655117154 -0.0167223886 -0.540029466 -0.841459692 0.429225147 0.568219721 
-0.811007798 0.781925499 -0.736442745 -0.0042115259 -0.220281124 -0.975426078 0.512148738 0.568219721 
-1.02291954 0.575469613 -0.655118346 -0.0294712782 -0.545371175 -0.837643266 0.429225355 0.545990825 
-1.02384603 0.678815901 -0.705395222 -0.0153189432 -0.358743995 -0.933295965 0.471651852 0.545990825 
-1.02477252 0.786542654 -0.736442745 -0.00646982249 -0.22522305 -0.974257588 0.512148738 0.545990765 
-1.02554035 0.88946557 -0.754476011 -0.00238043861 -0.143589288 -0.989621639 0.547251046 0.545990765 
-0.958580852 0.888805628 -0.754476011 -0.00177007145 -0.142490759 -0.989775181 0.547250986 0.552950084 
-0.89061451 0.888062358 -0.754476011 -0.00177007145 -0.141575187 -0.989897251 0.547250986 0.560014188 
-0.81166482 0.887169302 -0.754476011 -0.00170903467 -0.140812248 -0.990019381 0.547251046 0.568219721 
0.709417582 1.21093225 -0.589768291 -1 0 0 0.654086709 0.71857208 
0.709417641 1.21093225 -0.420738041 -1 0 0 0.681575835 0.708089054 
0.709417582 1.21716547 -0.418556303 -1 0 0 0.681575835 0.708089113 
0.709417582 1.21716547 -0.586710155 -1 0 0 0.654086649 0.718572021 
0.709417582 1.21093225 -0.271352619 -1 0 0 0.705870211 0.699019611 
0.709417582 1.21716547 -0.269945562 -1 0 0 0.70587039 0.699019551 
0.709417582 1.22339892 -0.416374683 -1 0 0 0.681575894 0.708089113 
0.709417582 1.2233988 -0.58365202 -1 0 0 0.65408659 0.718571961 
0.709417582 1.2233988 -0.268538505 -1 0 0 0.705870211 0.699019492 
0.709417582 1.20469892 -0.592826426 -0.894397557 0.447198778 0 0.654086649 0.718572021 
0.709417582 1.20469892 -0.42291972 -0.894397557 0.447198778 0 0.681575894 0.708089113 
0.709417462 1.20469904 -0.272759676 -0.894397557 0.447198778 0 0.705870271 0.699019492 
0.709417462 1.22963214 -0.267131448 -0.894397557 0.447198778 0 0.705870271 0.699019492 
0.709417582 1.22963214 -0.414193064 -0.894397557 0.447198778 0 0.681575894 0.708089113 
0.709417462 1.22963214 -0.580593884 -0.894397557 0.447198778 0 0.654086649 0.718571961 
-0.958869338 0.980400324 -0.764957726 -0.000366222084 -0.0900906324 -0.995910466 0.57444042 0.55296886 
-0.957855105 1.06117678 -0.770340204 -0 -0.0466933213 -0.998901308 0.594985068 0.553099096 
-0.890789628 1.06113935 -0.770340323 -6.10370262e-05 -0.0466017723 -0.998901367 0.594985127 0.560065985 
-0.890997231 0.980135262 -0.764957786 -0.000549333112 -0.0897244141 -0.995940983 0.57444036 0.560020626 
-0.954648256 1.13474083 -0.77232331 -0 -0.0154728843 -0.99987793 0.611100018 0.553441346 
-0.889814377 1.13476396 -0.77232331 -0 -0.0154728843 -0.99987793 0.611100018 0.560176015 
-0.812236786 1.06094313 -0.770340264 -0.000122074038 -0.0464796908 -0.998901308 0.594985068 0.568226159 
-0.812076151 0.979684412 -0.764957666 -0.000610370131 -0.0893276706 -0.995971441 0.57444036 0.568220615 
-0.812183619 1.1346972 -0.77232331 -0 -0.0154423658 -0.99987793 0.611100018 0.568239868 
-1.0257808 0.980513692 -0.764957786 -0.000976591953 -0.0905178711 -0.99587965 0.57444036 0.546016753 
-1.02428734 1.06107068 -0.770340204 -0.000671407091 -0.0467543527 -0.998901129 0.594985127 0.546197951 
-1.01914489 1.1346333 -0.77232331 -0.000732444052 -0.015381326 -0.999877751 0.611099958 0.546741724 
-1.00245535 1.2046988 -0.772606492 -0.39626658 0.518121958 -0.757963002 0.625 0.548476756 
-0.949293435 1.20469892 -0.772606611 0 0.126194015 -0.992004156 0.62500006 0.553998888 
-0.888392985 1.20469892 -0.772606611 0 0.126194015 -0.991973639 0.62500006 0.560324907 
-0.812015831 1.20469904 -0.772606552 0 0.126194015 -0.991973639 0.62500006 0.568258584 
-0.954877496 0.412167907 0.47597 -0.0417220555 -0.870520949 0.490295142 0.153666407 0.552950144 
-0.954637289 0.357755244 0.358414024 -0.0351410359 -0.91488713 0.402139157 0.180522278 0.552950144 
-0.886860311 0.355337948 0.358411074 -0.0282516778 -0.9172948 0.397171021 0.180522814 0.560014129 
-0.887088895 0.409087062 0.475968093 -0.0337390564 -0.872395635 0.487599552 0.15366666 0.560014248 
-0.954548955 0.310235798 0.244257599 -0.0236773845 -0.904805541 0.425094485 0.203757122 0.552950203 
-0.886776149 0.308644533 0.244253621 -0.019040959 -0.907588601 0.419389367 0.203757912 0.560014248 
-0.808130741 0.353198141 0.358408868 -0.0214203075 -0.91939491 0.392705619 0.180523232 0.568219781 
-0.808345914 0.406344324 0.475966662 -0.025690224 -0.874077916 0.485063195 0.153666884 0.568219721 
-0.808051348 0.30723989 0.244250536 -0.014342593 -0.910022199 0.414256781 0.203758463 0.568219781 
-1.02215171 0.48568821 0.579396605 -0.0434885137 -0.743177891 0.667637229 0.125000015 0.545990825 
-1.02166188 0.41578716 0.475972235 -0.0477511026 -0.868545592 0.493245095 0.153666064 0.545990825 
-0.955345154 0.481790811 0.579395354 -0.0382492058 -0.743236363 0.667897046 0.125 0.552950144 
-1.02141035 0.360606253 0.35841772 -0.0409910195 -0.912202716 0.407653242 0.180521622 0.545990825 
-1.02131772 0.312116265 0.244262561 -0.0289834477 -0.901659846 0.431456745 0.203756228 0.545990765 
-1.02130449 0.262287945 0.151036635 -0.0169054419 -0.810118556 0.58598417 0.221559346 0.545990765 
-0.9545362 0.261292636 0.15103063 -0.0123287747 -0.813821256 0.580978215 0.221560478 0.552950144 
-0.886764169 0.26045078 0.151025698 -0.00988763385 -0.81695044 0.576565027 0.221561402 0.560014248 
-0.808040142 0.259708107 0.151021957 -0.00744636171 -0.819771171 0.572637379 0.221562117 0.568219721 
-0.708416522 0.259010494 0.151019722 -0.00555430446 -0.822342277 0.568949997 0.221562535 0.578603745 
-0.708426893 0.305919349 0.244248673 -0.0106810201 -0.912250698 0.409449279 0.203758806 0.578603685 
-0.708500028 0.35117957 0.358407527 -0.015990166 -0.921326458 0.388402343 0.18052347 0.578603745 
-0.708698213 0.403739274 0.475965798 -0.0192850064 -0.875636935 0.482521862 0.153667018 0.578603745 
-0.808765054 0.475439817 0.579393625 -0.0239823721 -0.743789196 0.667967081 0.125 0.568219721 
-0.709084392 0.472546458 0.579393208 -0.0180647466 -0.744224787 0.667663276 0.125000015 0.578603745 
-0.887534261 0.478447974 0.57939446 -0.0311785433 -0.743464887 0.668020129 0.125000015 0.560014248 
-0.581539214 0.401195467 0.475845069 -0.01287801 -0.877077937 0.480117887 0.153667048 0.591854572 
-0.581362665 0.349222034 0.358312786 -0.0108641079 -0.92305249 0.384485662 0.18052353 0.591854513 
-0.43348521 0.347649693 0.357652992 -0.00408945465 -0.92418623 0.381906211 0.180523351 0.607266903 
-0.433636725 0.399131536 0.475001723 -0.00402841903 -0.878103793 0.478405267 0.153666943 0.607266963 
-0.581297576 0.304643124 0.244186193 -0.007202229 -0.914194703 0.40512535 0.20375891 0.591854572 
-0.43342942 0.303623259 0.243753061 -0.00256354851 -0.915430963 0.40241611 0.203758657 0.607267022 
-0.274977386 0.346882701 0.355862081 0.00531016383 -0.924151599 0.38193506 0.180522859 0.623787344 
-0.27510193 0.398090094 0.472712666 0.00842288509 -0.878177285 0.478242844 0.15366672 0.623787403 
-0.27493155 0.30313462 0.24257715 0.00378427468 -0.915245175 0.402872652 0.203757957 0.623787284 
-0.581883252 0.469685197 0.57926172 -0.0114743924 -0.744797885 0.667132199 0.125 0.591854513 
-0.581288278 0.258336842 0.150986359 -0.0035401308 -0.824545324 0.565749526 0.221562639 0.591854453 
-0.433421433 0.257799208 0.150758192 -0.000854518032 -0.825708508 0.564042926 0.221562311 0.607267022 
-0.274924994 0.25754267 0.150138721 0.00299080391 -0.82488203 0.565231383 0.221561491 0.623787284 
-0.275344312 0.466059893 0.575848162 0.0128169833 -0.746284187 0.665476143 0.125 0.623787284 
-0.433931649 0.467321932 0.578342736 -0.00158696098 -0.74553597 0.666432023 0.125000015 0.607267022 
-0.9195503 1.20469904 0.258460879 0 1 0 0.791816354 0.551474035 
-0.92091018 1.20469892 0.398661852 0 1 0 0.814499497 0.55282408 
-0.872813523 1.20469892 0.39808628 0 1 0 0.814406395 0.557323873 
-0.872441053 1.20469904 0.258189321 0 1 0 0.791772485 0.555696607 
-0.924502134 1.20469904 0.556302965 0 1 0 0.840004265 0.554170787 
-0.873851895 1.20469892 0.555758238 0 1 0 0.839916229 0.559140563 
-0.804464698 1.20469904 0.398838788 0 1 0 0.814528108 0.563736916 
-0.804759622 1.20469904 0.259241998 0 1 0 0.791942716 0.561793804 
-0.804199636 1.20469892 0.556141973 0 1 0 0.839978278 0.56597507 
-0.951103568 1.20469892 0.145864084 0 1 0 0.773599327 0.54761368 
-0.951376557 1.20469904 0.259924382 0 1 0 0.792053163 0.548641741 
-0.919364274 1.20469904 0.145116165 0 1 0 0.773478448 0.550349236 
-0.953286588 1.20469892 0.400937617 0 1 0 0.814867735 0.549819052 
-0.959017158 1.20469892 0.55904609 0 1 0 0.840448081 0.550807357 
-0.977300048 1.20469892 0.722295582 -0.419355303 0.744392633 -0.519616187 0.86686033 0.550576031 
-0.93036145 1.20469892 0.722295702 0 0.707083344 -0.707083344 0.866860271 0.555394232 
-0.875291228 1.20469892 0.722295702 0 0.707083344 -0.707083344 0.866860271 0.561044693 
-0.803958297 1.20469904 0.722295702 0 0.707083344 -0.707083344 0.866860271 0.568359613 
-0.805022836 1.20469904 0.146229312 0 1 0 0.773658454 0.560300827 
-0.872453332 1.20469892 0.145150974 0 1 0 0.773484051 0.554418206 
-0.277264148 0.976145267 0.764583707 0.00225836528 -0.0929592028 0.995664477 0.57444042 0.126192808 
-0.277388632 1.05869746 0.770229459 0.000732444052 -0.0483718254 0.998809516 0.594985068 0.12605314 
-0.436418921 1.05937862 0.770307481 0.000244148076 -0.0468459129 0.998901308 0.594985127 0.142677635 
-0.436267436 0.977116406 0.764846981 0.000732443994 -0.0899685398 0.995940804 0.57444042 0.142726228 
-0.277434498 1.13360858 0.772309482 0.000122074038 -0.0160832554 0.999847412 0.611100018 0.125686184 
-0.436474741 1.13395917 0.772319198 0 -0.0155949583 0.99987793 0.611100018 0.142559648 
-0.584783733 1.06003046 0.770336151 -6.10370116e-05 -0.0463270955 0.998901188 0.594985187 0.158138648 
-0.584607065 0.978120446 0.764943838 -0.000183111028 -0.0889614373 0.996032476 0.57444042 0.158144712 
-0.584848821 1.13427973 0.772322834 0 -0.0154118482 0.99987793 0.611100018 0.158123881 
-0.277021706 0.882131338 0.753589511 0.00524912914 -0.145937994 0.989277661 0.547251046 0.126212761 
-0.277441055 1.20469904 0.772606611 0 0.19211401 0.981353223 0.62500006 0.125088453 
-0.436482728 1.20469892 0.772606611 0 0.192175061 0.981353223 0.62500006 0.142400026 
-0.584858119 1.20469904 0.772606552 0 0.192205578 0.981322706 0.62500006 0.158103913 
-0.712423623 1.20469892 0.772606611 0 0.192205578 0.981322706 0.62500006 0.171396375 
-0.712413132 1.13453519 0.77232331 0 -0.0154118482 0.99987793 0.611100018 0.171396375 
-0.712340117 1.0605731 0.770340323 -0.000183111042 -0.0463270955 0.998901188 0.594985127 0.17139639 
-0.712141871 0.979014397 0.764957786 -0.000610370131 -0.0889919549 0.996001959 0.57444042 0.17139639 
-0.584263146 0.884719849 0.754443228 -0.000488296093 -0.139988407 0.990142465 0.547251046 0.158145577 
-0.711755693 0.886060476 0.75447619 -0.00146488729 -0.140140891 0.990111232 0.547250986 0.17139639 
-0.435972482 0.883331895 0.754213452 0.00164799776 -0.141453147 0.989927888 0.547250986 0.142733157 
-0.275724381 0.556821883 0.651862085 0.0151358796 -0.541809499 0.840346456 0.423599988 0.126212761 
-0.276183009 0.663312435 0.702846289 0.0134272352 -0.355547071 0.934535563 0.469985098 0.126212776 
-0.43495208 0.664728463 0.704639673 0.00311287679 -0.351053149 0.936334968 0.469985068 0.142733142 
-0.434394062 0.558209956 0.654152572 0.00158696098 -0.539200485 0.842157423 0.423599988 0.142733157 
-0.276641667 0.775194526 0.734766603 0.00939938892 -0.225493789 0.974179506 0.51194036 0.126212761 
-0.435510159 0.776546121 0.735946119 0.00274665793 -0.220312476 0.975399256 0.51194036 0.142733157 
-0.583073199 0.666885376 0.70530051 -0.00347909424 -0.34992364 0.936761439 0.469985127 0.158145577 
-0.582422435 0.560586095 0.654996276 -0.00732429512 -0.538549304 0.842537999 0.423600018 0.158145562 
-0.583723903 0.778343201 0.736380637 -0.0012817767 -0.218787059 0.975767732 0.51194036 0.158145577 
-0.275344312 0.466059893 0.575848162 0.0128169833 -0.746284187 0.665476143 0.375 0.126212761 
-0.711150467 0.780229092 0.736442685 -0.00335702184 -0.219183013 0.975672603 0.51194042 0.171396375 
-0.710420072 0.66930151 0.705394864 -0.00708016148 -0.350620568 0.93647337 0.469985098 0.171396405 
-0.709689617 0.563374877 0.655116916 -0.0126949335 -0.539015889 0.842168391 0.423599988 0.171396375 
-0.581883252 0.469685197 0.57926172 -0.0114743924 -0.744797885 0.667132199 0.375 0.158145547 
-0.709084392 0.472546458 0.579393208 -0.0180647466 -0.744224787 0.667663276 0.37500003 0.171396375 
-0.433931649 0.467321932 0.578342736 -0.00158696098 -0.74553597 0.666432023 0.37500003 0.142733142 
-1.50750148 1.13578844 -0.0637970418 -0.999310434 -0.0063760397 -0.0362685025 0.611100018 0.385920167 
-1.50669491 1.06278014 -0.063667357 -0.999152303 -0.0191067941 -0.0362707861 0.594985008 0.385927051 
-1.50808477 1.06288123 7.45058071e-10 -0.999810696 -0.0190386344 -0 0.594985127 0.37500003 
-1.50889349 1.13586116 4.65661287e-10 -0.999969184 -0.00636349618 -0 0.611100018 0.37500003 
-1.50450408 0.981576562 -0.063321352 -0.998644233 -0.036492046 -0.036384806 0.57444042 0.385946721 
-1.50588834 0.981616735 2.79396772e-09 -0.999317348 -0.0363276936 -0 0.57444042 0.37500006 
-1.50669491 1.06278014 0.0636673495 -0.999152303 -0.0191067941 0.0362707861 0.594985068 0.364073008 
-1.5075016 1.13578844 0.0637970343 -0.999310434 -0.0063760397 0.0362685025 0.611100018 0.364079893 
-1.5045042 0.981576562 0.0633213446 -0.998644233 -0.036492046 0.036384806 0.57444036 0.364053309 
-1.50343931 1.20469892 -0.145933673 -0.893827021 0.445599735 -0.0495368429 0.62500006 0.399969995 
-1.50332546 1.13557005 -0.145883337 -0.998418808 -0.00642331224 -0.0553263351 0.611100078 0.399970829 
-1.50761616 1.2046988 -0.0638185516 -0.89725095 0.440250367 -0.0325784124 0.62500006 0.38591966 
-1.50252497 1.06247711 -0.14556624 -0.998266637 -0.0192794316 -0.0553382598 0.594985127 0.399982393 
-1.50035143 0.981456041 -0.144715592 -0.997741401 -0.0369425751 -0.0555290654 0.57444042 0.400015503 
-1.49611771 0.88854301 -0.143064722 -0.996790528 -0.0564863347 -0.0562244691 0.547251046 0.400081098 
-1.50023711 0.888079941 -0.0626508445 -0.997771084 -0.0556365363 -0.0367735699 0.547251046 0.385985672 
-1.50161052 0.887925565 1.49011614e-09 -0.998451471 -0.055338379 -0 0.547251046 0.37500003 
-1.50023723 0.888079941 0.0626508445 -0.997771084 -0.0556365363 0.0367735699 0.547251105 0.364014387 
-1.49611771 0.88854295 0.143064722 -0.996790528 -0.0564863347 0.0562244691 0.547251046 0.349918991 
-1.50035119 0.981456041 0.144715607 -0.997741401 -0.0369425751 0.0555290654 0.57444042 0.349984497 
-1.50252509 1.06247711 0.145566255 -0.998266637 -0.0192794316 0.0553382598 0.594985127 0.350017697 
-1.50332558 1.13557005 0.145883337 -0.998418808 -0.00642331224 0.0553263351 0.611100078 0.35002932 
-1.50761616 1.20469892 0.0638185516 -0.89725095 0.440250367 0.0325784124 0.62500006 0.364080369 
-1.50343931 1.20469892 0.145933673 -0.893827021 0.445599735 0.0495368429 0.62500006 0.350030065 
-1.50900853 1.20469904 -1.49011614e-09 -0.899748921 0.436351389 0 0.62500006 0.37500003 
1.39199877 0.881888986 0.0387974121 0.811785817 -0.544185579 0.211714536 0.543181717 0.882214606 
1.34142637 0.813439429 0.0455737412 0.794917047 -0.579630673 0.179161787 0.519971192 0.881979585 
1.34582162 0.812453032 0.000440167554 0.799672782 -0.600392997 -0.000726494938 0.520311952 0.87500006 
1.39686227 0.881324053 0.000562178669 0.822907209 -0.568143785 -0.00128452142 0.543224692 0.875000119 
1.28652406 0.742886186 0.0527517907 0.786943078 -0.596639395 0.157250151 0.493946016 0.880652666 
1.29048312 0.741296589 0.000289452641 0.790579796 -0.612342298 -0.000355896569 0.495179713 0.875000119 
1.34142983 0.813443482 -0.0440331362 0.795173287 -0.577094734 -0.186080381 0.519972742 0.868020713 
1.39200115 0.881891668 -0.0368297808 0.810862541 -0.5412485 -0.22250919 0.543182731 0.867785573 
1.28652835 0.742891371 -0.0517386906 0.787486553 -0.594911456 -0.160925627 0.493948221 0.869347572 
1.37741101 0.883586764 0.0797531605 0.789487123 -0.488836199 0.371092349 0.54313904 0.890990257 
1.43616581 0.948577285 0.0339739546 0.835193872 -0.491902858 0.245867148 0.563573062 0.881940663 
1.32824504 0.81640327 0.0920473263 0.782721579 -0.52721411 0.33066991 0.519630849 0.891086519 
1.27465141 0.747660995 0.105462231 0.776421845 -0.554057777 0.300204962 0.492415398 0.88930583 
1.22936726 0.669886708 0.0587804504 0.788154364 -0.597304881 0.148294717 0.465790808 0.878164887 
1.23294508 0.667475224 0.000153089684 0.794028521 -0.607840836 -0.000177258291 0.468852729 0.875000119 
1.22937191 0.669892371 -0.0582446121 0.788604796 -0.596268713 -0.15002574 0.465793788 0.871835411 
1.2746588 0.747669756 -0.103146516 0.777484 -0.546413898 -0.311259836 0.492419064 0.860694408 
1.32825089 0.816410065 -0.0885259137 0.781681061 -0.516381204 -0.349712402 0.519633472 0.85891366 
1.37741482 0.883591294 -0.075255692 0.783617377 -0.477298319 -0.39759168 0.543140709 0.859009802 
1.43616688 0.948578715 -0.0318304785 0.832359314 -0.490083486 -0.258726865 0.563573539 0.868059516 
1.44150746 0.948288918 0.000612420205 0.857938468 -0.513692796 -0.00177698908 0.563573241 0.87500006 
1.55202162 1.21093225 0.0391390324 0.956598341 0.0116395699 0.2910918 0.62500006 0.88136518 
1.55920196 1.21093225 7.68341113e-10 0.999983072 0.00300611393 0 0.625000119 0.875000119 
1.55920184 1.21716547 7.45058071e-10 0.999983132 0.00302137365 0 0.62500006 0.875000119 
1.55202138 1.21716547 0.0389360897 0.956222951 0.0116842054 0.292378843 0.62500006 0.88136518 
1.55202162 1.21093225 -0.0391390361 0.956598341 0.0116395699 -0.2910918 0.62500006 0.868634939 
1.55202138 1.21716547 -0.0389360897 0.956223428 0.0117013175 -0.292378962 0.62500006 0.86863488 
1.55920184 1.22339892 9.7788877e-10 0.999978423 0.00244150264 0 0.62500006 0.87500006 
1.55202115 1.22339892 0.0387331396 0.955945492 0.00948277209 0.293264151 0.62500006 0.88136512 
1.55202162 1.22339892 -0.0387331359 0.955973327 0.00948270783 -0.293262184 0.62500006 0.868634939 
1.55202138 1.20469904 0.0393419862 0.946610093 -0.157057658 0.281452477 0.62500006 0.88136518 
1.55920196 1.20469892 0 0.987940073 -0.154756606 -0.000236969106 0.62500006 0.875000119 
1.55202162 1.20469904 -0.0393419862 0.94607091 -0.158424973 -0.282435596 0.62500006 0.868634939 
1.53048003 1.21093225 -0.0861452445 0.887601435 0.0347841717 -0.459240854 0.625000119 0.860990345 
1.53047955 1.21716547 -0.0856985524 0.88661921 0.0349173546 -0.461100668 0.62500006 0.860990405 
1.53047979 1.22339892 -0.0852518603 0.885982633 0.0283584893 -0.462797225 0.62500006 0.860990345 
1.53047979 1.23253584 -0.0848423988 0.885622203 0.0111422418 -0.464194804 0.62500006 0.860990345 
1.55202138 1.23253572 -0.0385471061 0.955770195 0.00371595169 -0.294005424 0.62500006 0.86863488 
1.55920184 1.23253572 6.51925791e-10 0.999970853 0.000961334328 0 0.62500006 0.87500006 
1.55202138 1.23253572 0.0385471061 0.955770195 0.00371595169 0.294005424 0.62500006 0.88136512 
1.5283581 1.14155531 0.0358099826 0.889319479 -0.361602336 0.279829651 0.611355066 0.881428421 
1.50257468 1.07805681 0.0331539772 0.876888454 -0.390334904 0.280475646 0.597025275 0.881524026 
1.50884819 1.07802069 0.00042104334 0.915933251 -0.40123412 -0.00126361253 0.597025394 0.875000119 
1.53508663 1.14155066 0.000224876218 0.929511726 -0.368773669 -0.000525086478 0.611355066 0.875000119 
1.47255075 1.01384914 0.032249961 0.858520746 -0.435709298 0.270241797 0.581326246 0.881684065 
1.47836304 1.01372743 0.000559790875 0.891914666 -0.452140123 -0.00178313151 0.581326306 0.875000119 
1.50257492 1.07805681 -0.0316803269 0.873242855 -0.392833471 -0.288245589 0.597025454 0.868476212 
1.52835822 1.14155531 -0.0350229181 0.886795342 -0.36533156 -0.283043504 0.611355007 0.868571639 
1.47255111 1.01384974 -0.0302906912 0.854591072 -0.436141104 -0.281826258 0.581326425 0.868316174 
1.48375475 1.07816553 -0.068795152 0.80183816 -0.381177276 -0.460100591 0.597025514 0.860688686 
1.50817263 1.14156866 -0.0767216831 0.816353858 -0.367190868 -0.445731282 0.611355066 0.8608796 
-1.42922759 0.402736157 -0.0579234324 -0.91849184 -0.38992995 -0.0652102605 0.261245996 0.503008842 
-1.40334344 0.353504598 -0.0564872883 -0.844614506 -0.524668992 -0.106253125 0.260916859 0.506057978 
-1.40505624 0.349648774 -9.31322575e-10 -0.865520895 -0.500836909 -0 0.25000003 0.5059461 
-1.43024123 0.399695754 -1.0477379e-09 -0.923541009 -0.383407474 -0 0.25000003 0.502994895 
-1.37502778 0.31194669 -0.0526278503 -0.798479021 -0.570927918 -0.190845758 0.260090202 0.509130359 
-1.37911522 0.307311416 -2.79396783e-10 -0.858266473 -0.513142943 -0 0.25000003 0.508745849 
-1.40334344 0.353504598 0.0564872809 -0.844614506 -0.524668992 0.106253125 0.239083171 0.506057978 
-1.42922759 0.402736157 0.057923425 -0.91849184 -0.38992995 0.0652102605 0.238754049 0.503008783 
-1.37502778 0.31194669 0.0526278578 -0.798479021 -0.570927918 0.190845758 0.239909872 0.509130359 
-1.45137966 0.469666779 -0.0584377646 -0.966354609 -0.252646655 -0.0476395525 0.261325002 0.50000006 
-1.34902918 0.266451478 -0.0445070416 -0.822666705 -0.475877255 -0.310941309 0.258462429 0.511848807 
-1.35709059 0.262098044 -2.79396783e-10 -0.91933316 -0.393448591 1.84656965e-05 0.25000003 0.511028469 
-1.34902918 0.266451478 0.0445070416 -0.823301017 -0.474517137 0.311359078 0.241537601 0.511848867 
-1.3188076 0.283003926 0.109975159 -0.524643064 -0.70075649 0.483374089 0.229123771 0.51494348 
-1.36608005 0.327675998 0.124150231 -0.663423419 -0.697493792 0.270764709 0.226207286 0.509937406 
-1.39943755 0.365496635 0.129641861 -0.797647119 -0.581906438 0.158368766 0.224957526 0.506264806 
-1.4263413 0.411910474 0.131626934 -0.907870829 -0.406905025 0.100773968 0.224470854 0.503034711 
-1.45137942 0.469666779 0.0584377609 -0.966354609 -0.252646655 0.0476395525 0.238675043 0.50000006 
-1.44812882 0.476590574 0.132676825 -0.964001834 -0.255153269 0.0744007975 0.224347442 0.50000006 
-1.45246315 0.467358828 -1.86264518e-10 -0.967698216 -0.251989126 -0 0.25000003 0.50000006 
0.7525962 1.21093225 0.754046321 0.282644242 0.509540796 0.812661409 0.62500006 0.0151787512 
0.796659291 1.21093225 0.738265991 0.306314677 0.497842282 0.811336696 0.625000119 0.0101191672 
0.796659231 1.21716547 0.734437823 0.304892033 0.498106062 0.811740398 0.62500006 0.0101191681 
0.75259614 1.21716547 0.750136435 0.281308472 0.509753168 0.81299448 0.62500006 0.0151787512 
0.84249121 1.21093225 0.720074117 0.341501176 0.482515484 0.806553841 0.625 0.00505958311 
0.842491329 1.21716547 0.716340482 0.339903474 0.482818127 0.807030141 0.62500006 0.00505958311 
0.796659291 1.22339892 0.730609655 0.30341211 0.498344928 0.812122047 0.62500006 0.0101191672 
0.75259614 1.2233988 0.74622637 0.27997151 0.509964943 0.813326657 0.62500006 0.0151787512 
0.842491329 1.2233988 0.71260643 0.338357508 0.4830845 0.807523668 0.62500006 0.00505958358 
0.752596319 1.20469892 0.757956326 0.315909028 0.133502528 0.93933177 0.62500006 0.0151787512 
0.709417582 1.21093225 0.768621087 -0.866362453 0.267179877 0.42186296 0.62500006 0.0202383362 
0.796659291 1.20469892 0.742094219 0.352884769 0.131518155 0.926351488 0.62500006 0.0101191672 
0.842491329 1.20469904 0.723807991 0.394139946 0.118500143 0.911369741 0.625000119 0.00505958358 
0.890976369 1.20469892 0.701885998 0.438743919 0.0999326557 0.893014073 0.62500006 0 
0.890976369 1.21093225 0.698265374 0.383439064 0.463293433 0.798946559 0.62500006 0 
0.890976489 1.21716547 0.694644451 0.38174668 0.463660628 0.799525142 0.62500006 0 
0.890976489 1.22339892 0.691023767 0.380000323 0.464006126 0.800144732 0.625000119 0 
0.890976369 1.22963214 0.687403023 0.416040599 0.237200618 0.877830207 0.62500006 0 
0.842491329 1.22963214 0.708872676 0.373660058 0.247961283 0.893781006 0.625000119 0.00505958358 
0.796659291 1.22963214 0.726781547 0.337450296 0.256575495 0.90567553 0.62500006 0.0101191672 
0.752596319 1.22963214 0.742316365 0.313081652 0.263084948 0.91254288 0.62500006 0.0151787512 
0.709417582 1.22339892 0.76064986 -0.866683722 0.266893744 0.421403766 0.62500006 0.0202383362 
0.709417582 1.22963214 0.756664336 -0.916328669 0.254624456 0.308977276 0.62500006 0.0202383343 
0.709417582 1.21716547 0.764635503 -0.866518378 0.267035306 0.421620905 0.62500006 0.0202383362 
0.94270438 1.21093225 0.67188555 0.42589733 0.44081822 0.790097117 0.62500006 0.99218756 
0.997085631 1.21093225 0.640990555 0.466026604 0.415738195 0.780992448 0.62500006 0.984375119 
0.997085631 1.21716547 0.637666762 0.46410659 0.416209251 0.781866372 0.62500006 0.984375119 
0.94270438 1.21716547 0.668401718 0.424131215 0.441247493 0.790810823 0.62500006 0.992187619 
1.05323565 1.21093225 0.605887234 0.504769087 0.388005197 0.771124601 0.625 0.9765625 
1.05323565 1.21716547 0.602745593 0.50281173 0.388523817 0.772129953 0.62500006 0.976562619 
0.99708575 1.2233988 0.634343088 0.462231547 0.416674018 0.782756448 0.62500006 0.984375119 
0.94270438 1.2233988 0.664917648 0.422312796 0.441655993 0.79156661 0.625 0.9921875 
1.05323565 1.2233988 0.599603832 0.500851631 0.389044076 0.773165941 0.625 0.97656256 
0.890976369 1.20469892 0.701885998 0.438743919 0.0999326557 0.893014073 0.62500006 1.00000012 
0.94270438 1.2046988 0.675369501 0.481487989 0.078306295 0.872936308 0.62500006 0.99218756 
0.890976369 1.21093225 0.698265374 0.383439064 0.463293433 0.798946559 0.62500006 1.00000012 
0.99708575 1.20469904 0.644314289 0.520054281 0.0545776375 0.852370322 0.62500006 0.984375119 
1.05323565 1.20469892 0.609028995 0.555981159 0.0289144441 0.830681682 0.625 0.9765625 
1.05323565 1.22963214 0.596462071 0.532236218 0.196325064 0.823487401 0.625 0.9765625 
0.99708575 1.22963214 0.631019294 0.496146977 0.211118758 0.842160225 0.62500006 0.984375119 
0.94270438 1.22963214 0.661433697 0.45784983 0.224750414 0.860114455 0.62500006 0.99218756 
0.890976489 1.22339892 0.691023767 0.380000323 0.464006126 0.800144732 0.625 1 
0.890976369 1.22963214 0.687403023 0.416040599 0.237200618 0.877830207 0.62500006 1.00000012 
0.890976489 1.21716547 0.694644451 0.38174668 0.463660628 0.799525142 0.62500006 1.00000012 
0.0934281796 1.20469904 0.0196307153 0 1 0 0.753176033 0.633462965 
0.19070299 1.20469904 0.024926668 0 1 0 0.75403291 0.641709268 
0.189685002 1.20469904 5.58793567e-10 0 1 0 0.75000006 0.641471207 
0.0892145485 1.20469904 -6.51925791e-10 0 1 0 0.750000119 0.633051515 
0.302136302 1.20469904 0.0360423476 0 1 0 0.755831301 0.651519477 
0.301596165 1.20469904 3.72529035e-10 0 1 0 0.750000119 0.651082575 
0.19070296 1.20469904 -0.024926668 0 1 0 0.74596715 0.641709328 
0.0934281796 1.20469904 -0.0196307153 0 1 0 0.746824026 0.633462906 
0.302136183 1.2046988 -0.0360423476 0 1 0 0.744168699 0.651519537 
0.0386927575 1.20469904 0.0322047956 0 1 0 0.755210578 0.629074752 
0.0969456583 1.20469904 0.0370663963 0 1 0 0.755997062 0.633923411 
0.0195970088 1.20469904 0.0188944731 0 1 0 0.753057063 0.627417088 
0.189555898 1.20469904 0.0476760752 0 1 0 0.757713556 0.641974032 
0.299405158 1.20469892 0.0709273964 0 1 0 0.761475325 0.652201235 
0.418052435 1.20469892 0.127032802 0 1 0 0.770552754 0.664914906 
0.4114272 1.20469904 0.0505718589 0 1 0 0.758181989 0.661426008 
0.409596562 1.20469904 3.72529035e-10 0 1 0 0.750000179 0.660480797 
0.4114272 1.20469892 -0.0505718589 0 1 0 0.741818011 0.661425889 
0.418052435 1.20469904 -0.127032802 0 1 0 0.729447424 0.664914906 
0.299405098 1.20469892 -0.0709273964 0 1 0 0.738524795 0.652201235 
0.189555898 1.20469904 -0.0476760752 0 1 0 0.742286503 0.641973972 
0.0969456881 1.20469904 -0.0370664001 0 1 0 0.744003117 0.633923411 
0.0195970088 1.20469904 -0.0188944768 0 1 0 0.746943235 0.627417028 
0.0386928022 1.20469904 -0.0322047919 0 1 0 0.74478966 0.629074693 
0.0100049525 1.20469904 -4.65661287e-10 0 0.999969482 0 0.75000006 0.626585245 
-1.46858358 1.20469904 0.0645186901 0 1 0 0.760885894 0.503284752 
-1.42647278 1.20469904 0.0651740879 0 1 0 0.760854185 0.506830812 
-1.42719769 1.20469892 7.91624211e-10 0 1 0 0.75 0.50684154 
-1.46963143 1.20469892 2.24099495e-09 0 1 0 0.750000119 0.503292084 
-1.37820542 1.20469892 0.0657399744 0 1 0 0.760826588 0.510899723 
-1.37865138 1.20469892 6.51925791e-10 0 1 0 0.75000006 0.510905623 
-1.42647278 1.20469904 -0.0651740879 0 1 0 0.739145935 0.506830871 
-1.46858346 1.20469904 -0.0645186901 0 1 0 0.739114225 0.503284752 
-1.37820542 1.20469892 -0.0657399669 0 1 0 0.739173591 0.510899723 
-1.50761616 1.20469892 0.0638185516 -0.89725095 0.440250367 0.0325784124 0.76091969 0.5 
-1.32070374 1.2046988 0.0661715865 0 1 0 0.760804951 0.515752912 
-1.32093585 1.20469904 1.86264515e-09 0 1 0 0.750000119 0.515741706 
-1.32070374 1.20469904 -0.0661715865 0 1 0 0.739195049 0.515752912 
-1.32000744 1.20469892 -0.15174143 0 1 0 0.725223243 0.515786529 
-1.50761616 1.2046988 -0.0638185516 -0.89725095 0.440250367 -0.0325784124 0.739080369 0.5 
-1.50900853 1.20469904 -1.49011614e-09 -0.899748921 0.436351389 0 0.75000006 0.50000006 
-0.591084301 1.20469904 0.0677076802 0 1 0 0.760954499 0.577811658 
-0.452304959 1.20469904 0.0690160543 0 1 0 0.761166155 0.589711666 
-0.454920411 1.20469904 1.11758713e-09 0 1 0 0.750000179 0.589013636 
-0.591611862 1.20469904 -1.21071941e-09 0 1 0 0.750000119 0.577349007 
-0.310510695 1.20469904 0.0677268952 0 1 0 0.760957658 0.601727605 
-0.318684965 1.20469904 1.6763807e-09 0 1 0 0.750000119 0.600535452 
-0.4523049 1.20469904 -0.0690160543 0 1 0 0.738833964 0.589711607 
-0.591084301 1.2046988 -0.0677076802 0 1 0 0.73904562 0.577811658 
-0.310510695 1.20469892 -0.0677268803 0 1 0 0.739042521 0.601727545 
-0.712117732 1.20469904 0.0656665713 0 1 0 0.76062423 0.567386687 
-0.189201906 1.20469904 0.0604678951 0 1 0 0.759783149 0.611727595 
-0.205600366 1.20469904 1.39698386e-09 0 1 0 0.750000179 0.609914362 
-0.189201906 1.20469892 -0.0604678802 0 1 0 0.74021697 0.611727595 
-0.712117791 1.20469904 -0.0656665713 0 1 0 0.739375889 0.567386746 
-0.712248743 1.20469892 2.23517427e-09 0 1 0 0.75000006 0.567023218 
-0.919370353 1.20469892 0.0634804368 0 1 0 0.760270655 0.549650252 
-0.872502446 1.20469904 0.0635789111 0 1 0 0.76028651 0.553633749 
-0.872518897 1.20469904 9.7788877e-10 0 1 0 0.75 0.553372324 
-0.919372439 1.20469892 4.01632866e-10 0 1 0 0.75000006 0.549417198 
-0.805188596 1.2046988 0.0642478094 0 1 0 0.760394752 0.559389234 
-0.805243909 1.20469892 1.58324842e-09 0 1 0 0.75000006 0.559085429 
-0.872502446 1.2046988 -0.0635788962 0 1 0 0.739713609 0.55363369 
-0.919370353 1.2046988 -0.0634804294 0 1 0 0.739729524 0.549650192 
-0.805188537 1.2046988 -0.0642478094 0 1 0 0.739605427 0.559389353 
-0.951103568 1.2046988 0.0637730211 0 1 0 0.760317802 0.546968818 
-0.951103568 1.20469904 -0.0637730211 0 1 0 0.739682198 0.546968818 
-0.951103568 1.20469904 4.09781942e-09 0 1 0 0.750000119 0.546753824 
-1.41223419 0.488604575 0.450371742 -0.846564054 -0.477554262 0.23499985 0.15362221 0.503065348 
-1.41683304 0.452422887 0.34315294 -0.876131475 -0.452577174 0.165927067 0.180748716 0.503062069 
-1.3908335 0.417864025 0.346128434 -0.679106057 -0.689744055 0.251042664 0.180906892 0.506483138 
-1.38773012 0.46191293 0.459921211 -0.617950737 -0.700060546 0.357751429 0.153663859 0.50650996 
-1.4219327 0.427728802 0.231097892 -0.894433916 -0.429228693 0.12531957 0.204876259 0.503052771 
-1.39498591 0.386440307 0.230319306 -0.740814805 -0.643946648 0.190997541 0.205247015 0.506410003 
-1.35533679 0.396575302 0.348747283 -0.403773576 -0.852693558 0.331436276 0.181172699 0.510638118 
-1.35303986 0.446810037 0.467130393 -0.32656461 -0.834033549 0.444650084 0.153716043 0.510715067 
-1.35948241 0.357086539 0.228293061 -0.525418639 -0.802585423 0.282384664 0.206009492 0.510423422 
-1.4248333 0.559588432 0.527989388 -0.916433156 -0.337540448 0.214840665 0.125000015 0.50000006 
-1.42974997 0.533264101 0.451683581 -0.941948295 -0.300179362 0.150301486 0.153590158 0.50000006 
-1.41062701 0.539776802 0.54286164 -0.793070793 -0.492181271 0.358827174 0.125000015 0.503065825 
-1.43638623 0.507065833 0.34524259 -0.955151737 -0.273608506 0.113130383 0.180678993 0.50000006 
-1.44286847 0.488477737 0.232703358 -0.961087883 -0.260950774 0.090411745 0.204765186 0.50000006 
-1.31079459 0.33607161 0.227780446 -0.316180736 -0.873518288 0.370100528 0.206472978 0.515662968 
-1.30686915 0.38354516 0.351138771 -0.213543519 -0.900541782 0.378649861 0.181289002 0.515962601 
-1.30517793 0.438031346 0.471265227 -0.16219902 -0.863389432 0.477713585 0.153745219 0.51606971 
-1.35262096 0.512371719 0.568880618 -0.276120991 -0.731759131 0.623094678 0.125000015 0.510726094 
-1.30513656 0.506323397 0.574214637 -0.13404046 -0.745831192 0.652469635 0.125000015 0.516084969 
-1.38685024 0.522485852 0.558769643 -0.548122704 -0.651644409 0.524297059 0.125000015 0.506513715 
1.15709078 0.997573972 -0.407776892 0.672006965 -0.365238458 -0.64416182 0.582229257 0.788652658 
1.16084218 1.06323004 -0.443097085 0.637932539 -0.401105374 -0.657341719 0.59729284 0.788984656 
1.21338713 1.06797075 -0.392772347 0.655181527 -0.423787296 -0.625352621 0.597493052 0.797137737 
1.20634377 1.00455296 -0.358296186 0.684626579 -0.386401892 -0.618026733 0.582904756 0.796586275 
1.16423726 1.13294864 -0.483608693 0.599222898 -0.427386522 -0.67691052 0.611388505 0.789107382 
1.21930337 1.13534558 -0.433989197 0.623187542 -0.449894309 -0.639681816 0.611413419 0.797343552 
1.26491904 1.07218027 -0.339787394 0.667852461 -0.439085752 -0.600932717 0.597431064 0.806019604 
1.25379217 1.00973845 -0.307758927 0.688811183 -0.401426882 -0.603622198 0.582695544 0.805215895 
1.27393258 1.13767612 -0.379871219 0.647385657 -0.462707162 -0.605613112 0.61140573 0.806324244 
1.16745484 1.20469904 -0.526716173 0.629985452 -0.0598220155 -0.77425909 0.62500006 0.789125264 
1.22465611 1.20469892 -0.478576422 0.670102298 -0.0898705497 -0.736784458 0.62500006 0.797376394 
1.28188992 1.20469904 -0.42398271 0.711363614 -0.115459561 -0.693238199 0.62500006 0.806379557 
1.05614448 0.856891513 -0.443396568 0.64481467 -0.289014667 -0.707574546 0.535153329 0.773264885 
1.06175518 0.801986098 -0.415957659 0.647351682 -0.304747581 -0.69860208 0.50988698 0.774846375 
1.01170182 0.782258391 -0.451303571 0.605214953 -0.328182161 -0.725239038 0.497935653 0.767747283 
1.00493729 0.844281197 -0.482768059 0.604913592 -0.301780909 -0.736866355 0.528278708 0.765980363 
1.07194209 0.753989875 -0.384207636 0.652689517 -0.348297417 -0.672779262 0.486468792 0.779537439 
1.02186179 0.725446939 -0.415153474 0.607319772 -0.381216526 -0.696971893 0.467960805 0.772675395 
0.960268438 0.764961839 -0.484210074 0.561054051 -0.35222587 -0.749076784 0.485702038 0.760653079 
0.952868044 0.833602428 -0.519203246 0.562843859 -0.316010147 -0.763737738 0.521889389 0.758831322 
0.970495164 0.700309992 -0.443535 0.559095919 -0.41391468 -0.718375981 0.446212977 0.765702486 
1.25539327 0.75562191 -0.153542563 0.763051987 -0.480062634 -0.432695419 0.494429857 0.845799744 
1.23132718 0.766702056 -0.201713681 0.749607563 -0.412154108 -0.517891228 0.497661054 0.828871608 
1.27973127 0.827961326 -0.177637801 0.748900831 -0.369874299 -0.549805582 0.521462083 0.831874073 
1.30680919 0.821313739 -0.133386537 0.764010727 -0.44026497 -0.471614361 0.520117462 0.8463099 
1.20557499 0.780855417 -0.24624148 0.739458323 -0.352899849 -0.573227882 0.501675785 0.813312829 
1.25016856 0.8361215 -0.219971225 0.739327013 -0.315910012 -0.59461695 0.523677945 0.81788218 
1.32311106 0.889848709 -0.158502445 0.736320794 -0.350764364 -0.578557909 0.543716729 0.834688783 
1.35360873 0.886355519 -0.116065815 0.756083965 -0.40666616 -0.512697816 0.543244839 0.847631574 
1.28895438 0.893668532 -0.201280951 0.725765705 -0.315006405 -0.61154592 0.544818223 0.821721315 
0.690473974 0.24498263 0.108345404 0.00286873104 -0.501081884 0.865380168 0.232700676 0.721591651 
0.6109007 0.233766794 0.101944007 0.0101317549 -0.519527078 0.854363263 0.23270452 0.714132071 
0.612161756 0.173697382 0.0754120573 -0.0306907706 -0.339489967 0.940095544 0.238436669 0.714132071 
0.692264676 0.184858859 0.0827680826 -0.0385538898 -0.336919516 0.940727115 0.238432631 0.721591651 
0.521092415 0.223137558 0.0963101313 0.014403617 -0.538701415 0.842336893 0.232708439 0.705523372 
0.521875858 0.163383424 0.0688194335 -0.0210542697 -0.344099998 0.938684821 0.238440827 0.705523372 
0.612626374 0.118578017 0.0598106384 -0.0338000208 -0.293950349 0.955186129 0.240548521 0.714132011 
0.692924321 0.130022019 0.066814743 -0.0364209637 -0.313391149 0.948897421 0.240544409 0.721591651 
0.522164583 0.108268768 0.053499341 -0.0270929746 -0.277855545 0.960214138 0.240552753 0.705523372 
0.686986744 0.304165035 0.15313071 0.0723087341 -0.698903263 0.711513102 0.221538395 0.721591651 
0.761714756 0.25542891 0.114784323 -0.000976592069 -0.483718216 0.87520957 0.23269704 0.728180289 
0.608445168 0.292307198 0.149129584 0.0740681514 -0.722986817 0.686835885 0.221541852 0.714132071 
0.519566596 0.280866593 0.145850882 0.0670882314 -0.746227145 0.662290633 0.221545368 0.705523312 
0.419145823 0.214451283 0.0921738595 0.0155020058 -0.55767554 0.829876125 0.232712343 0.695487678 
0.419554532 0.155142814 0.0637266338 -0.0112913093 -0.3505494 0.93644619 0.238444939 0.695487678 
0.419705153 0.100176424 0.0485525727 -0.0177596696 -0.266303509 0.963690937 0.240556926 0.695487738 
0.41972667 0.0563696325 0.0365852378 -0.00103762897 -0.401440322 0.915860116 0.240858659 0.695487678 
0.52220583 0.0644580722 0.0404704623 0.00207525515 -0.432049781 0.901820481 0.240854457 0.705523312 
0.612692773 0.0748876929 0.0454166792 0.00946042128 -0.469328463 0.882962406 0.24085024 0.714132071 
0.693018556 0.0867006183 0.0509013832 0.0206272174 -0.509394646 0.8602404 0.240846083 0.721591592 
0.76489222 0.141518474 0.073839955 -0.030142013 -0.33494854 0.9417243 0.240540534 0.728180289 
0.76501441 0.0989387035 0.0564020835 0.0381882712 -0.549124122 0.834834695 0.240842193 0.728180289 
0.764036775 0.195641965 0.0901511237 -0.0386148207 -0.336217344 0.940969348 0.238428816 0.72818023 
1.20557034 0.780849934 0.256528348 0.733495176 -0.402456015 0.547693729 0.501673818 0.93668735 
1.23132002 0.766694009 0.2088999 0.746361315 -0.446251959 0.49370873 0.497658074 0.921128571 
1.27972591 0.827955008 0.188288674 0.753259838 -0.410330683 0.513977408 0.521459818 0.918126106 
1.2501651 0.836117268 0.234679252 0.742407441 -0.369123429 0.559037805 0.523676395 0.932117939 
1.2553854 0.755612493 0.157986745 0.761293828 -0.499138713 0.413803488 0.494426161 0.904200435 
1.30680287 0.821306229 0.140110061 0.767254114 -0.465068847 0.441532582 0.520114779 0.903690219 
1.32310736 0.889844596 0.171941847 0.751444817 -0.384527475 0.536090851 0.543715298 0.915311337 
1.28895211 0.893665671 0.219513521 0.739958167 -0.353485584 0.572235286 0.544817209 0.928278863 
1.35360467 0.886350632 0.1246325 0.767974734 -0.430319279 0.47434938 0.543243051 0.902368665 
1.18124914 0.798024416 0.299198776 0.722358882 -0.370417267 0.583886921 0.507948935 0.949215651 
1.25417197 0.897410631 0.265179783 0.732932091 -0.334182113 0.592524171 0.546895504 0.939804852 
1.22127116 0.845560551 0.277377933 0.734868586 -0.342105359 0.585554957 0.527454972 0.943977177 
1.14868271 0.886758566 0.383081138 0.691074252 -0.304902971 0.655280948 0.547851086 0.962731183 
1.14958727 0.84666574 0.363320678 0.697242975 -0.318967611 0.641924798 0.531094015 0.961929202 
1.17800868 0.865661621 0.340576828 0.716317952 -0.311291695 0.624474406 0.538391352 0.957106531 
1.18713951 0.898190379 0.345866531 0.714274764 -0.309108227 0.627855837 0.551067889 0.956021965 
1.1614356 0.818766236 0.335311383 0.709744573 -0.34567672 0.613744676 0.517789185 0.957614183 
1.19596624 0.856025577 0.314362913 0.727201104 -0.324319988 0.604950011 0.53313154 0.952439427 
1.17800868 0.865661621 0.340576828 0.716317952 -0.311291695 0.624474406 0.538391292 0.957106471 
1.22090256 0.90017277 0.307205677 0.726512015 -0.320914894 0.607577324 0.549804986 0.948834956 
1.05246866 0.984928131 0.516360402 0.599680722 -0.312828153 0.7365219 0.579443753 0.976665556 
1.05223382 1.05586314 0.546641052 0.577492595 -0.319560707 0.751226664 0.596467555 0.976593077 
0.997236073 1.0540365 0.586326659 0.545537949 -0.304400623 0.780838609 0.595991135 0.98438412 
0.998367608 0.981028438 0.556886196 0.566085696 -0.304322273 0.766085565 0.577835739 0.984405518 
1.05258763 1.12958443 0.577652276 0.54957521 -0.32685715 0.768804073 0.611285329 0.976566315 
0.996949613 1.12890315 0.615409791 0.519096971 -0.307145536 0.797591627 0.611225784 0.984376252 
0.943312347 1.05316305 0.622017324 0.511353791 -0.290865302 0.808622062 0.595493436 0.992188752 
0.944852531 0.978484869 0.593749225 0.530868769 -0.297333121 0.793538809 0.57615602 0.992191315 
0.942761123 1.12871313 0.649011791 0.485646278 -0.289117366 0.824934185 0.611163497 0.992187738 
1.05323565 1.20469892 0.609028995 0.555981159 0.0289144441 0.830681682 0.62500006 0.97656256 
0.891063273 1.12885749 0.677972436 0.44706136 -0.27302596 0.851802766 0.611100078 1.00000012 
0.89167124 1.05297363 0.653043866 0.471895039 -0.279315501 0.836219609 0.594985127 1.00000012 
0.893320739 0.977004886 0.626085281 0.490596354 -0.29215318 0.820902169 0.57444042 1.00000012 
0.0350209028 0.204069376 -0.0900414065 0.00750739453 -0.605474412 -0.795814276 0.267277539 0.656083405 
0.175248161 0.205505013 -0.0897104591 0.0109251374 -0.59331429 -0.804859161 0.267280519 0.670629263 
0.175299272 0.147074789 -0.0592930727 0.000183111042 -0.368175268 -0.929746389 0.261547536 0.670629144 
0.0350273401 0.145972341 -0.0589203313 0.00164799765 -0.375377238 -0.926846147 0.261544436 0.656083465 
0.303660929 0.208710819 -0.0902989581 0.0140985008 -0.577916443 -0.815943062 0.267283946 0.683822691 
0.303833306 0.149862707 -0.0607278347 -0.00372323859 -0.360055476 -0.932915449 0.261551172 0.683822751 
0.175318077 0.0924319625 -0.0438705198 -0.00360116642 -0.25839895 -0.965997636 0.259435415 0.670629203 
0.0350296199 0.0914522111 -0.0432992019 -0.00067140715 -0.258919001 -0.965880215 0.259432226 0.656083465 
0.303896904 0.0950658619 -0.0454546139 -0.00915526412 -0.260528326 -0.965392113 0.259439081 0.683822751 
0.0350084752 0.258543342 -0.147449076 0.0157460868 -0.814249694 -0.580255508 0.278442025 0.656083465 
-0.115907662 0.203639418 -0.0906830281 0.00433359761 -0.613844931 -0.789386153 0.267275214 0.640361965 
0.419145823 0.214451313 -0.0924156532 0.016173223 -0.559776664 -0.8284657 0.267287701 0.695487618 
0.419554532 0.155142844 -0.0637982711 -0.0109251384 -0.352015257 -0.935899794 0.261555135 0.695487738 
0.419705153 0.100176424 -0.0485615283 -0.017698653 -0.266852975 -0.963539124 0.259443104 0.695487678 
0.41972661 0.0563696325 -0.0365852378 -0.00103762897 -0.401531875 -0.915829599 0.259141415 0.695487678 
0.303906024 0.0512832999 -0.0341305993 -0.00140385027 -0.380382419 -0.924801648 0.259137332 0.683822691 
0.175320789 0.0486713946 -0.0328643508 -0.000793481013 -0.368724525 -0.929532528 0.259133667 0.670629263 
0.0350300074 0.0477091372 -0.0323913582 -0.000244148076 -0.363902718 -0.931424916 0.259130478 0.656083465 
-0.115907647 0.0913038552 -0.0432306044 0.000122074023 -0.260353416 -0.965483487 0.259429693 0.640362024 
-0.115907639 0.0475716889 -0.032316491 -0 -0.362712473 -0.931882679 0.259127975 0.640362024 
-0.115907647 0.145748168 -0.0590359233 0.00146488729 -0.3808707 -0.924618542 0.261541963 0.640362024 
-0.581288278 0.203902751 -0.0914612338 -0.00115970278 -0.619281292 -0.785118759 0.267272294 0.591854453 
-0.433421493 0.203675985 -0.0913749263 -0 -0.619891882 -0.784661353 0.267272681 0.607266963 
-0.433421493 0.145758986 -0.0592313893 0.000122074023 -0.385509789 -0.922696531 0.26153931 0.607266903 
-0.581288278 0.145826191 -0.0592556298 -0.000183111042 -0.385540307 -0.922666013 0.261538953 0.591854513 
-0.274924994 0.203567743 -0.091140531 0.00177007145 -0.618426383 -0.785820127 0.267273605 0.623787284 
-0.274924994 0.145726949 -0.0591654293 0.000732444052 -0.384136379 -0.923245788 0.261540264 0.623787344 
-0.433421493 0.0913052559 -0.0432443917 -0 -0.262092918 -0.965025723 0.259427011 0.607266963 
-0.581288278 0.0913136303 -0.0432459377 -0 -0.262184501 -0.964995325 0.259426624 0.591854453 
-0.274924994 0.0913012028 -0.0432400368 0.000122074038 -0.261513114 -0.96517843 0.259427994 0.623787284 
-0.708416581 0.204186976 -0.0914743915 -0.00195318181 -0.617632687 -0.786430359 0.267272443 0.578603685 
-0.274924994 0.0475716591 -0.0323104076 -0 -0.362651438 -0.931913197 0.259126216 0.623787284 
-0.433421493 0.0475716591 -0.0323069021 -0 -0.362712473 -0.931882679 0.259125262 0.607266963 
-0.581288278 0.0475716889 -0.0323055647 -0 -0.362712473 -0.931882679 0.259124875 0.591854513 
-0.708416522 0.0913241804 -0.0432469472 -0 -0.262062401 -0.965025723 0.259426743 0.578603745 
-0.708416581 0.0475716889 -0.032305982 -0 -0.362712473 -0.931882679 0.259124994 0.578603685 
-0.708416581 0.145910412 -0.0592599399 -0.000427259074 -0.384899378 -0.922940731 0.261539042 0.578603685 
0.8296749 0.0858099759 -0.0333713517 0.187076181 -0.863616228 -0.468081981 0 0 
0.884648383 0.10077998 -0.0341068618 0.305384398 -0.850696802 -0.427791268 0 0 
0.885247409 0.0930295289 9.68575531e-09 0.345007807 -0.938592553 0 0 0 
0.829749763 0.0773997307 7.10133463e-09 0.229812592 -0.973204315 0 0 0 
0.92721647 0.119854897 -0.0323167965 0.508621991 -0.776823938 -0.371246904 0 0 
0.929174602 0.113498896 9.12696141e-09 0.55835861 -0.829577327 0 0 0 
0.884648383 0.10077998 0.0341068804 0.305384398 -0.850696802 0.427791268 0 0 
0.8296749 0.0858099759 0.0333713666 0.187076181 -0.863616228 0.468081981 0 0 
0.92721647 0.119854897 0.0323168114 0.508621991 -0.776823938 0.371246904 0 0 
0.76501441 0.0989387035 -0.0564020686 0.0381882712 -0.549063087 -0.83489573 0 0 
0.829600036 0.111066341 -0.061031457 0.0872766897 -0.584339976 -0.806761622 0 0 
0.76501441 0.0728028119 -0.0308448821 0.136013508 -0.851236045 -0.506807864 0 0 
0.884049594 0.124236971 -0.0624431968 0.207916275 -0.60366559 -0.769614398 0 0 
0.924978673 0.139379114 -0.0586696975 0.406380206 -0.58471787 -0.702095628 0 0 
0.948675334 0.153100163 -0.0519574694 0.61240387 -0.514113963 -0.600502491 0 0 
0.956762493 0.145445496 -0.0309369508 0.756384969 -0.569214165 -0.322251081 0 0 
0.960824668 0.14164573 1.07102096e-08 0.8088727 -0.587946415 0 0 0 
0.956762493 0.145445496 0.030936962 0.756384969 -0.569214165 0.322251081 0 0 
0.948675215 0.153100193 0.0519574881 0.612403393 -0.514139414 0.600476146 0 0 
0.924978554 0.139379114 0.0586697236 0.406378835 -0.584744453 0.702036142 0 0 
0.884049594 0.124236971 0.0624432079 0.207974449 -0.603750229 0.769547462 0 0 
0.829600036 0.111066371 0.0610314608 0.0873372182 -0.584429026 0.806728125 0 0 
0.76501441 0.0728028119 0.0308448914 0.136013508 -0.851236045 0.506807864 0 0 
0.76501441 0.0989387035 0.0564020835 0.0381882712 -0.549124122 0.834834695 0 0 
0.76501441 0.0640908778 3.7252903e-09 0.181556717 -0.983371973 0 0 0 
0.0350299776 0.0207433105 -0.0177140217 0.00195318181 -0.71828264 -0.695729494 0 0 
0.175320789 0.0217055678 -0.0179726928 0.00708016101 -0.723427594 -0.690346181 0 0 
0.175320789 0.012716949 -9.08039532e-10 0.0126949335 -0.999909103 0 0 0 
0.0350300074 0.0117546618 -3.98722472e-10 0.00360116642 -0.999964595 0 0 0 
0.303905964 0.024317503 -0.0186651703 0.0173325613 -0.734894454 -0.677922845 0 0 
0.303905964 0.0153288841 9.08039532e-10 0.0300810356 -0.999538541 0 0 0 
0.175320789 0.0217055678 0.017972691 0.00708016101 -0.723427594 0.690346181 0 0 
0.0350299627 0.0207433105 0.0177140217 0.00195318181 -0.71828264 0.695729494 0 0 
0.303905964 0.024317503 0.0186651703 0.0173325613 -0.734894454 0.677922845 0 0 
-0.115907639 0.0475716889 -0.032316491 -0 -0.362712473 -0.931882679 0 0 
0.0350300074 0.0477091372 -0.0323913582 -0.000244148076 -0.363902718 -0.931424916 0 0 
-0.115907647 0.0206058919 -0.0176730826 0.000183111057 -0.716727197 -0.697317421 0 0 
0.175320789 0.0486713946 -0.0328643508 -0.000793481013 -0.368724525 -0.929532528 0 0 
0.303906024 0.0512832999 -0.0341305993 -0.00140385027 -0.380382419 -0.924801648 0 0 
0.41972661 0.0563696325 -0.0365852378 -0.00103762897 -0.401531875 -0.915829599 0 0 
0.41972667 0.0294038355 -0.020007547 0.0348362774 -0.753952086 -0.655971289 0 0 
0.41972667 0.0204150975 7.45058071e-10 0.0577905774 -0.998320043 0 0 0 
0.41972661 0.0294037759 0.0200075526 0.0348362774 -0.753952086 0.655971289 0 0 
0.41972667 0.0563696325 0.0365852378 -0.00103762897 -0.401440322 0.915860116 0 0 
0.303906024 0.0512833595 0.0341305993 -0.00140385027 -0.380290836 0.924832165 0 0 
0.175320789 0.0486712754 0.0328643434 -0.000793480955 -0.368632913 0.929562986 0 0 
0.0350300074 0.047709167 0.0323913582 -0.000244148046 -0.363841653 0.931424856 0 0 
-0.115907647 0.0206058919 0.0176730826 0.000183111057 -0.716727197 0.697317421 0 0 
-0.115907639 0.0475716591 0.032316491 0 -0.362651438 0.931913197 0 0 
-0.115907647 0.0116171837 -2.32830647e-11 0.000366222084 -0.99999994 0 0 0 
-0.581288278 0.0206058025 -0.0176671036 -0 -0.716483057 -0.69759208 0 0 
-0.433421493 0.0206058323 -0.0176678412 -0 -0.716483057 -0.697561562 0 0 
-0.433421433 0.0116171837 -1.55123414e-09 -0 -1 -0 0 0 
-0.581288278 0.0116172135 8.18909052e-10 -0 -1 -0 0 0 
-0.274924964 0.0206058025 -0.0176697522 -0 -0.716513574 -0.697531044 0 0 
-0.274924994 0.0116172135 -1.16415324e-11 -0 -1 -0 0 0 
-0.433421493 0.0206058323 0.0176678356 0 -0.716483057 0.697561562 0 0 
-0.581288278 0.0206058323 0.0176671054 0 -0.716483057 0.69759208 0 0 
-0.274924994 0.0206058323 0.0176697541 0 -0.716513574 0.697531044 0 0 
-0.708416581 0.0475716889 -0.032305982 -0 -0.362712473 -0.931882679 0 0 
-0.581288278 0.0475716889 -0.0323055647 -0 -0.362712473 -0.931882679 0 0 
-0.708416581 0.0206058919 -0.0176673345 -0 -0.716483057 -0.69759208 0 0 
-0.433421493 0.0475716591 -0.0323069021 -0 -0.362712473 -0.931882679 0 0 
-0.274924994 0.0475716591 -0.0323104076 -0 -0.362651438 -0.931913197 0 0 
-0.274924994 0.0475716889 0.0323104076 0 -0.362651438 0.931913197 0 0 
-0.433421493 0.0475715995 0.0323069058 0 -0.362712473 0.931882679 0 0 
-0.581288278 0.0475717485 0.0323055685 0 -0.362712473 0.931882679 0 0 
-0.708416522 0.0206058919 0.0176673345 0 -0.716483057 0.69759208 0 0 
-0.708416581 0.0475716591 0.0323059857 0 -0.362712473 0.931882679 0 0 
-0.708416581 0.0116171837 4.88944385e-10 -0 -1 -0 0 0 
-0.954536259 0.0206058025 -0.0176721048 -0 -0.716544092 -0.697500527 0 0 
-0.88676405 0.0206058323 -0.0176699404 -0 -0.716513574 -0.697531044 0 0 
-0.886764109 0.0116171837 7.30506156e-10 -0 -1 -0 0 0 
-0.954536259 0.0116172135 -4.79121798e-10 -0 -1 -0 0 0 
-0.808040023 0.0206058025 -0.0176683199 -0 -0.716483057 -0.697561562 0 0 
-0.808040023 0.0116172135 4.94765118e-10 -0 -1 -0 0 0 
-0.886764109 0.0206058323 0.0176699385 0 -0.716513574 0.697531044 0 0 
-0.954536259 0.0206058323 0.0176721085 0 -0.716544092 0.697500527 0 0 
-0.808040082 0.0206058323 0.0176683161 0 -0.716483057 0.697561562 0 0 
-1.02130449 0.0475716889 -0.0323195234 -0.00231940206 -0.362772793 -0.931850314 0 0 
-0.954536259 0.0475716889 -0.0323147178 -0 -0.362712473 -0.931882679 0 0 
-1.02130449 0.0206058919 -0.0176747385 -0.00360116642 -0.71672368 -0.697313964 0 0 
-0.886764169 0.0475716591 -0.0323107503 -0 -0.362712473 -0.931882679 0 0 
-0.808040082 0.0475716591 -0.0323077776 -0 -0.362712473 -0.931882679 0 0 
-0.808040082 0.0475716889 0.0323077813 0 -0.362712473 0.931882679 0 0 
-0.886764169 0.0475715995 0.0323107503 0 -0.362712473 0.931882679 0 0 
-0.954536259 0.0475717485 0.0323147178 0 -0.362712473 0.931882679 0 0 
-1.02130449 0.0206058919 0.0176747367 -0.00360116642 -0.71672368 0.697313964 0 0 
-1.02130449 0.0475716591 0.0323195197 -0.00231940206 -0.362772793 0.931850314 0 0 
-1.02130449 0.0116171837 1.1292286e-09 -0.00476084696 -0.999960959 -0 0 0 
-0.274924994 0.203567743 0.0911065266 0.00195318181 -0.618090451 0.786064088 0.232726425 0.623787284 
-0.433421493 0.203675985 0.0913648531 6.10370116e-05 -0.619769812 0.784752905 0.232727364 0.607266963 
-0.433421493 0.145758986 0.0592283979 0.000183111057 -0.385418266 0.922727108 0.238460705 0.607266843 
-0.274924994 0.145726919 0.0591553561 0.000793481071 -0.383892238 0.923367858 0.238459751 0.623787344 
-0.581288278 0.203902781 0.0914599597 -0.00109866587 -0.619281292 0.785149336 0.232727677 0.591854513 
-0.581288278 0.145826221 0.0592552498 -0.000183111042 -0.385509789 0.922666013 0.238461107 0.591854513 
-0.433421493 0.0913052559 0.0432440229 0 -0.262062401 0.965025723 0.240573034 0.607266963 
-0.274924994 0.0913012326 0.0432387777 0.000122074038 -0.261421561 0.965208948 0.24057205 0.623787344 
-0.581288278 0.0913136303 0.0432458892 0 -0.262184501 0.964995325 0.240573391 0.591854453 
-0.274924994 0.25754267 0.150138721 0.00299080391 -0.82488203 0.565231383 0.221561521 0.623787284 
-0.115907647 0.203639418 0.0906024352 0.00463877618 -0.613142431 0.789934754 0.232724845 0.640362024 
-0.581288278 0.258336842 0.150986359 -0.0035401308 -0.824545324 0.565749526 0.221562639 0.591854513 
-0.708416581 0.204186976 0.091474399 -0.00195318181 -0.617632687 0.786430359 0.232727587 0.578603625 
-0.708416581 0.145910412 0.0592599399 -0.000427259074 -0.384899378 0.922940731 0.238460988 0.578603685 
-0.708416462 0.0913241804 0.0432469435 0 -0.262062401 0.965025723 0.240573287 0.578603685 
-0.708416581 0.0475716591 0.0323059857 0 -0.362712473 0.931882679 0.240875065 0.578603745 
-0.581288278 0.0475717485 0.0323055685 0 -0.362712473 0.931882679 0.240875155 0.591854453 
-0.433421493 0.0475715995 0.0323069058 0 -0.362712473 0.931882679 0.240874782 0.607266963 
-0.274924994 0.0475716889 0.0323104076 0 -0.362651438 0.931913197 0.240873784 0.623787284 
-0.115907647 0.0913038552 0.0432276204 0.000183111057 -0.260139763 0.965544641 0.240570337 0.640362024 
-0.115907639 0.0475716591 0.032316491 0 -0.362651438 0.931913197 0.240872085 0.640361965 
-0.115907647 0.145748168 0.0590120517 0.00158696098 -0.380321294 0.924832046 0.238458082 0.640362024 
0.30366087 0.208710819 0.0900370255 0.0140374778 -0.575658619 0.817530513 0.232716084 0.683822691 
0.175248191 0.205505013 0.0894888267 0.0112302806 -0.591451287 0.806230366 0.232719541 0.670629203 
0.175299302 0.147074848 0.0592274144 0.000305185065 -0.36677143 0.930295706 0.238452494 0.670629144 
0.303833425 0.149862707 0.0606502295 -0.00378427468 -0.358468473 0.933525622 0.238448873 0.683822751 
0.0350209028 0.204069376 0.0898902789 0.00793462619 -0.604160666 0.79678899 0.232722476 0.656083465 
0.0350273103 0.145972311 0.0588755608 0.00183110824 -0.374400586 0.927242756 0.238455608 0.656083465 
0.175318107 0.0924320221 0.0438623168 -0.00354013033 -0.257880181 0.966150343 0.240564629 0.670629203 
0.303896904 0.0950659215 0.0454449132 -0.00921629556 -0.259917825 0.965574801 0.240560949 0.683822751 
0.0350296199 0.0914521515 0.0432936065 -0.000671407091 -0.258522272 0.965971708 0.240567818 0.656083524 
0.0350084752 0.258543313 0.147090882 0.0164172985 -0.813297153 0.581593513 0.22155796 0.656083465 
0.0350300074 0.047709167 0.0323913582 -0.000244148046 -0.363841653 0.931424856 0.240869552 0.656083465 
0.175320789 0.0486712754 0.0328643434 -0.000793480955 -0.368632913 0.929562986 0.240866378 0.670629263 
0.303906024 0.0512833595 0.0341305993 -0.00140385027 -0.380290836 0.924832165 0.240862682 0.683822691 
1.06573761 0.439440519 -0.0627344623 0.83064276 -0.513852119 -0.214274645 0 0 
1.11662567 0.517143667 -0.0636205673 0.809890509 -0.560715139 -0.172127828 0 0 
1.1204083 0.51287812 2.10443523e-05 0.827874243 -0.560879827 -2.1274458e-05 0 0 
1.07117963 0.435056508 7.88643956e-06 0.863775611 -0.503825247 0 0 0 
1.17203963 0.594348669 -0.0621953271 0.796699941 -0.584613383 -0.153084099 0 0 
1.17539847 0.590929389 6.48191199e-05 0.806920469 -0.590651631 -6.54897012e-05 0 0 
1.11662221 0.517139673 0.0636947677 0.809800327 -0.560925543 0.1718411 0 0 
1.06573546 0.439438015 0.0627645627 0.830667794 -0.513904989 0.214100584 0 0 
1.17203522 0.594343483 0.062422283 0.796451271 -0.585163236 0.15237841 0 0 
0.995725095 0.374804437 -0.124764822 0.68842566 -0.488008529 -0.536495745 0 0 
1.0520072 0.456671298 -0.128495753 0.746144235 -0.538040876 -0.392077416 0 0 
1.02518559 0.36290586 -0.0584590696 0.869679391 -0.413117826 -0.270118564 0 0 
1.10625291 0.5311445 -0.128225833 0.763544142 -0.558921933 -0.323347837 0 0 
1.16207969 0.604751647 -0.124244645 0.769517303 -0.566489398 -0.294746518 0 0 
1.21864676 0.677137077 -0.115905285 0.773266971 -0.56284982 -0.291918546 0 0 
1.22937191 0.669892371 -0.0582446121 0.788604796 -0.596268713 -0.15002574 0 0 
1.23294508 0.667475224 0.000153089684 0.794028521 -0.607840836 -0.000177258291 0 0 
1.22936726 0.669886708 0.0587804504 0.788154364 -0.597304881 0.148294717 0 0 
1.21863878 0.67712754 0.117130101 0.771986485 -0.567324758 0.286567301 0 0 
1.1620723 0.604742885 0.124763802 0.768741131 -0.568733633 0.292530596 0 0 
1.10624743 0.531137705 0.128398508 0.763203681 -0.559864461 0.322471082 0 0 
1.05200374 0.456667066 0.128578767 0.746331811 -0.538243771 0.39142251 0 0 
1.02518451 0.362904727 0.0584918074 0.869724572 -0.413122207 0.269914508 0 0 
0.995723665 0.374802738 0.124902382 0.689216852 -0.488142222 0.535374701 0 0 
1.03310752 0.359984577 7.64671768e-06 0.918100119 -0.396324456 0 0 0 
-0.954536259 0.20514974 -0.0914864987 -0.00439463323 -0.610945582 -0.791644335 0.267274767 0.552950203 
-0.88676405 0.204794586 -0.0914809927 -0.00354013056 -0.613419116 -0.789723754 0.267273724 0.560014248 
-0.886764109 0.146090418 -0.0592666455 -0.000732444052 -0.383129269 -0.923673034 0.261540383 0.560014248 
-0.954536259 0.14619565 -0.0592722297 -0.000915554876 -0.382091582 -0.924100101 0.261541456 0.552950144 
-0.808040142 0.204481274 -0.09147688 -0.00268562138 -0.615617692 -0.78801626 0.267272919 0.568219781 
-0.808040023 0.145997643 -0.0592624731 -0.000549333112 -0.384075373 -0.923276424 0.261539578 0.568219781 
-0.886764109 0.0913466811 -0.0432530716 -0 -0.261665672 -0.965147793 0.259428084 0.560014188 
-0.954536259 0.0913598537 -0.0432581641 -6.10370189e-05 -0.261421561 -0.965208948 0.259429216 0.552950144 
-0.808040082 0.0913350582 -0.0432492495 -0 -0.261879325 -0.965086877 0.259427249 0.568219662 
-1.02130449 0.205569655 -0.0914931744 -0.00805668999 -0.607822299 -0.794011235 0.267275989 0.545990765 
-0.808040082 0.0475716591 -0.0323077776 -0 -0.362712473 -0.931882679 0.259125471 0.568219721 
-0.886764169 0.0475716591 -0.0323107503 -0 -0.362712473 -0.931882679 0.259126335 0.560014188 
-0.954536259 0.0475716889 -0.0323147178 -0 -0.362712473 -0.931882679 0.259127438 0.552950144 
-1.02130449 0.0913753808 -0.0432643443 -0.00219732872 -0.261024326 -0.965298653 0.259430587 0.545990825 
-1.02130449 0.0475716889 -0.0323195234 -0.00231940206 -0.362772793 -0.931850314 0.259128809 0.545990825 
-1.02130449 0.146320105 -0.0592789836 -0.00366220227 -0.380533367 -0.924736619 0.261542827 0.545990825 
0.826227605 0.264280081 -0.11975421 0.0300200619 -0.461924553 -0.886385024 0.267306328 0.734154165 
0.884421527 0.272834003 -0.120516501 0.141806021 -0.435897499 -0.888725698 0.267309427 0.739683092 
0.885371983 0.213963866 -0.0980459303 0.111660279 -0.329513222 -0.937508821 0.261577964 0.739683092 
0.82875222 0.205170155 -0.096254535 -0.00354013033 -0.333565742 -0.942712307 0.261574775 0.734154165 
0.93592149 0.282363415 -0.11265447 0.375158727 -0.396748126 -0.837742925 0.267312348 0.744915783 
0.932174742 0.22230652 -0.0916981027 0.3542009 -0.320244789 -0.878589094 0.261581093 0.744915783 
0.884663999 0.163016587 -0.0816539228 0.12757498 -0.373746723 -0.918685377 0.25946641 0.739683151 
0.829550087 0.152319819 -0.0797542483 0.0101927845 -0.356137097 -0.934348762 0.259463102 0.734154105 
0.927591622 0.173774987 -0.0763624907 0.351039499 -0.373135775 -0.858787954 0.259469509 0.744915783 
0.761714697 0.25542891 -0.114542536 -0.000610370131 -0.481215805 -0.876583099 0.26730299 0.72818023 
0.977260768 0.29038164 -0.0902391598 0.698872805 -0.34542799 -0.626235485 0.267315209 0.75000006 
0.967025936 0.228135616 -0.0732378885 0.692832112 -0.298051119 -0.656601071 0.261584103 0.75000006 
0.957537711 0.181142479 -0.0612231866 0.674889803 -0.364114642 -0.641806483 0.259472638 0.75000006 
0.948675334 0.153100163 -0.0519574694 0.61240387 -0.514113963 -0.600502491 0.259170979 0.750000119 
0.924978673 0.139379114 -0.0586696975 0.406380206 -0.58471787 -0.702095628 0.259167939 0.744915783 
0.884049594 0.124236971 -0.0624431968 0.207916275 -0.60366559 -0.769614398 0.25916478 0.73968333 
0.829600036 0.111066341 -0.061031457 0.0872766897 -0.584339976 -0.806761622 0.259161472 0.734154165 
0.764892101 0.141518503 -0.0738309845 -0.030142013 -0.33442992 -0.941907346 0.259459555 0.728180289 
0.76501441 0.0989387035 -0.0564020686 0.0381882712 -0.549063087 -0.83489573 0.259157866 0.728180289 
0.764036775 0.195641994 -0.0900794789 -0.0386148207 -0.334692299 -0.941518366 0.261571199 0.728180289 
-1.09431338 0.206206083 0.0910169557 -0.0295322537 -0.602116287 0.797828496 0.232812747 0.538379192 
-1.16340864 0.207593918 0.0879326388 -0.881687641 -0.282052517 0.378178596 0.233387679 0.531166136 
-1.16340864 0.147684187 0.0568257459 -0.886997759 -0.172608554 0.428258359 0.238929957 0.531085432 
-1.09404278 0.146607876 0.0589610003 -0.0216033235 -0.376563013 0.926135659 0.238518476 0.538396776 
-1.16340864 0.0937549174 0.0414776616 -0.895349503 -0.115512811 0.430099219 0.240952387 0.530902863 
-1.09374595 0.091693908 0.0430404581 -0.0173325613 -0.259927362 0.965435863 0.240617424 0.538404703 
-1.09446263 0.263659 0.150495946 -0.0377617069 -0.80562371 0.591193378 0.221658289 0.53836453 
-1.02130449 0.205569685 0.0914931819 -0.00805668999 -0.607822299 0.794011235 0.232724011 0.545990825 
-1.17118955 0.266300499 0.146670744 -0.092961818 -0.798327804 0.594943464 0.222358271 0.530360699 
-1.17010868 0.213290095 0.093245998 -0.0588242449 -0.98690623 0.150108501 0.232389614 0.530467331 
-1.16340864 0.213093281 0.0936141983 -0.721028805 -0.685439765 0.101308256 0.232330829 0.531166792 
-1.24634123 0.271501064 0.135923639 -0.212442458 -0.780415535 0.588011384 0.224329099 0.522512197 
-1.24215329 0.217521816 0.085047029 -0.13457872 -0.955569386 0.262185991 0.233915567 0.522931755 
-1.23813486 0.217324167 0.085698761 -0.0795856565 -0.966597319 0.243506521 0.233805969 0.523352325 
-1.30227733 0.222805649 0.0676285475 -0.334082782 -0.902718842 0.271069795 0.237176955 0.51664114 
-1.16340864 0.0516319275 0.0309603252 -0.883557737 -0.168891773 0.436768711 0.241244599 0.530789435 
-1.09360218 0.0480848849 0.0321517475 -0.0193460193 -0.362997234 0.931568801 0.24091728 0.538405836 
-1.02130449 0.0913752913 0.0432643406 -0.00219732872 -0.261024326 0.965298653 0.240569487 0.545990825 
-1.02130449 0.0475716591 0.0323195197 -0.00231940206 -0.362772793 0.931850314 0.240871251 0.545990825 
-1.02130449 0.146320045 0.0592789762 -0.00366220227 -0.380533367 0.924736619 0.238457218 0.545990765 
-1.3385154 0.230660379 0.0363961123 -0.628186107 -0.737988055 0.246363074 0.24308759 0.512888312 
-1.33369243 0.229881793 0.0443014614 -0.473284543 -0.831490993 0.290785223 0.241825581 0.513425827 
-1.34950364 0.233998805 -8.23529078e-10 -0.813118756 -0.58174634 0.0187646132 0.25 0.511763871 
-1.34927738 0.234121948 0.00125007646 -0.708910525 -0.680990577 0.183442771 0.249770403 0.511791348 
-1.33844459 0.230419487 -0.0363415182 -0.626816869 -0.739462435 -0.245487884 0.256902069 0.512895346 
-1.30210555 0.222180635 -0.0671888515 -0.333814442 -0.902549446 -0.271877944 0.26273945 0.516658723 
-1.33511341 0.229881704 -0.0418016426 -0.470688105 -0.833750546 -0.288599521 0.257778704 0.513265491 
-0.808040082 0.204481304 0.09147688 -0.00268562138 -0.615617692 0.78801626 0.232727081 0.568219721 
-0.88676405 0.204794586 0.0914809927 -0.00354013056 -0.613419116 0.789723754 0.23272635 0.560014188 
-0.886764109 0.146090418 0.059266638 -0.000732444052 -0.383129269 0.923673034 0.238459662 0.560014188 
-0.808040023 0.145997614 0.0592624731 -0.000549333112 -0.384075373 0.923276424 0.238460481 0.568219721 
-0.954536259 0.20514977 0.0914865062 -0.00439463323 -0.610945582 0.791644335 0.232725263 0.552950144 
-0.954536319 0.14619568 0.0592722259 -0.000915554876 -0.382091582 0.924100101 0.238458574 0.552950203 
-0.88676399 0.0913466811 0.0432530716 0 -0.261665672 0.965147793 0.240571946 0.560014248 
-0.808040082 0.091335088 0.0432492495 0 -0.261879325 0.965086877 0.24057278 0.568219721 
-0.954536259 0.0913597941 0.0432581604 -6.10370189e-05 -0.261421561 0.965208948 0.240570813 0.552950144 
-0.954536259 0.0475717485 0.0323147178 0 -0.362712473 0.931882679 0.240872577 0.552950084 
-0.886764169 0.0475715995 0.0323107503 0 -0.362712473 0.931882679 0.240873709 0.560014188 
-0.808040082 0.0475716889 0.0323077813 0 -0.362712473 0.931882679 0.240874529 0.568219721 
-1.31880772 0.283003926 -0.109975159 -0.523779452 -0.701708913 -0.482928038 0.270876288 0.51494354 
-1.24634123 0.271501064 -0.135923624 -0.212268636 -0.780468285 -0.588028491 0.275670946 0.522512197 
-1.24209225 0.216733396 -0.0843038931 -0.14234294 -0.975624502 -0.166904658 0.265944451 0.522937894 
-1.24695802 0.217324018 -0.083198905 -0.189596772 -0.94789356 -0.255916506 0.265718997 0.522430122 
-1.17118967 0.266300529 -0.146670714 -0.0929013938 -0.798453033 -0.594824433 0.277641773 0.530360699 
-1.17009103 0.212421596 -0.0923707485 -0.0587634407 -0.986908853 -0.150108904 0.267446101 0.530469 
-1.09446263 0.263659 -0.150495946 -0.0377617069 -0.80562371 -0.591193378 0.27834177 0.53836447 
-1.09431338 0.206206113 -0.0910169557 -0.0295322537 -0.602116287 -0.797828496 0.267187268 0.538379192 
-1.16340864 0.207593858 -0.0879326537 -0.881620288 -0.282120854 -0.378276497 0.266612381 0.531166077 
-1.16340864 0.212228686 -0.092731677 -0.720649481 -0.68583554 -0.101294391 0.267504215 0.531166613 
-1.0940429 0.146607906 -0.0589610003 -0.0216033235 -0.376563013 -0.926135659 0.261481553 0.538396776 
-1.09374595 0.0916939676 -0.0430404581 -0.0173325613 -0.259927362 -0.965435863 0.259382606 0.538404703 
-1.09360218 0.0480848849 -0.0321517475 -0.0193460193 -0.362997234 -0.931568801 0.259082764 0.538405836 
-1.09360218 0.0480848849 -0.0321517475 -0.0193460193 -0.362997234 -0.931568801 0 0 
-1.09372032 0.0212559998 -0.0175823234 -0.0295322537 -0.716675818 -0.696723223 0 0 
-1.09383845 0.0123107433 -2.79396783e-10 -0.0386148207 -0.999227226 -0 0 0 
-1.09372044 0.021256119 0.0175823215 -0.0295322537 -0.716675818 0.696723223 0 0 
-1.09360218 0.0480848849 0.0321517475 -0.0193460193 -0.362997234 0.931568801 0 0 
-1.25276399 1.20469892 0.0664303228 0 1 0 0.760789573 0.52149272 
-1.18068242 1.20469904 0.0665020868 0 1 0 0.760771692 0.527585328 
-1.18071139 1.20469904 1.69966374e-09 0 1 0 0.75000006 0.527502716 
-1.2528621 1.20469892 -3.46335599e-10 0 1 0 0.75000006 0.521450162 
-1.11262965 1.2046988 0.0663789436 0 1 0 0.760740995 0.533338249 
-1.11263311 1.20469892 5.21540633e-09 0 1 0 0.75000006 0.533214569 
-1.1806823 1.2046988 -0.0665020868 0 1 0 0.739228308 0.527585328 
-1.25276399 1.2046988 -0.0664303154 0 1 0 0.739210486 0.52149266 
-1.11262965 1.2046988 -0.0663789585 0 1 0 0.739259124 0.533338249 
-1.25247037 1.2046988 0.152383611 0 1 0 0.774749696 0.521620333 
-1.18059552 1.20469904 0.152565762 0 1 0 0.774712026 0.527833164 
-1.1126188 1.2046988 0.152267724 0 1 0 0.774638891 0.533709228 
-1.0567764 1.20469892 0.151469305 0 1 0 0.774506271 0.538532794 
-1.05677652 1.2046988 0.0660529882 0 1 0 0.760686636 0.538058519 
-1.05677652 1.20469904 1.6763807e-09 0 1 0 0.750000119 0.537900448 
-1.05677664 1.20469904 -0.0660529807 0 1 0 0.739313304 0.538058579 
-1.0567764 1.20469892 -0.15146932 0 1 0 0.725493848 0.538532794 
-1.1126188 1.2046988 -0.152267694 0 1 0 0.725361168 0.533709228 
-1.18059552 1.20469904 -0.152565747 0 1 0 0.725288093 0.527833164 
-1.25247037 1.2046988 -0.152383611 0 1 0 0.725250244 0.521620393 
-1.25197124 1.20469904 0.272504777 0 1 0 0.794258893 0.521831632 
-1.25121951 1.20469904 0.421926796 0 1 0 0.818526566 0.522117734 
-1.17913508 1.20469892 0.42267552 0 1 0 0.81846267 0.528888822 
-1.18031132 1.20469904 0.272883922 0 1 0 0.79420048 0.528254271 
-1.25019276 1.20469892 0.590898991 0 1 0 0.845969439 0.522465289 
-1.17651498 1.20469904 0.59224695 0 1 0 0.845928609 0.529755056 
-1.10932422 1.20469904 0.422096252 0 1 0 0.818300724 0.535453796 
-1.11219442 1.20469904 0.272361308 0 1 0 0.794071674 0.534360051 
-1.10181749 1.20469892 0.592056155 0 1 0 0.845802426 0.537159622 
-1.24901116 1.20469904 0.769649208 -0.031971138 0.703486979 0.7099545 0.87500006 0.522845328 
-1.17303181 1.20469892 0.771730363 -0.0129390359 0.70475018 0.709327698 0.875000119 0.530752063 
-1.08960557 1.20469892 0.772497118 -0.00347909424 0.705340564 0.708850205 0.875000119 0.539423347 
-1.00245547 1.2046988 0.772606492 -0.360132992 0.539503574 0.761063635 0.875 0.548476636 
-1.04036713 1.20469892 0.589362144 0 1 0 0.845353007 0.543227375 
-1.05224979 1.20469892 0.419817418 0 1 0 0.817922235 0.540801823 
-1.05621088 1.20469904 0.270858854 0 1 0 0.793822289 0.539369762 
-1.2427268 0.431162417 0.473857224 -0.100571565 -0.865559936 0.490544766 0.153724149 0.522795379 
-1.24358428 0.374790251 0.354290009 -0.12325789 -0.907077253 0.402484626 0.181046188 0.522718489 
-1.17056537 0.368637502 0.357066721 -0.0775854215 -0.907822549 0.412043154 0.18070139 0.530410767 
-1.17046428 0.425226182 0.475331992 -0.071701929 -0.865601301 0.495547444 0.153686002 0.530437469 
-1.24559712 0.324416161 0.234623715 -0.1623175 -0.893290162 0.419118762 0.205412358 0.522548437 
-1.17110717 0.318222553 0.241176173 -0.0847949907 -0.89585644 0.436149418 0.204290628 0.530358613 
-1.09448123 0.364097685 0.35825181 -0.0523159802 -0.909554124 0.412216991 0.180543572 0.538370728 
-1.09469783 0.420118213 0.475894123 -0.0557228401 -0.866721809 0.495652825 0.153668255 0.538374066 
-1.0944643 0.314521909 0.243880853 -0.0451328717 -0.898418665 0.436752051 0.203822255 0.538364172 
-1.24298227 0.500840425 0.577212274 -0.0840684101 -0.745506048 0.66113323 0.125000015 0.522806466 
-1.09519958 0.490283519 0.579316914 -0.0496990718 -0.743412673 0.666943252 0.125000015 0.538374603 
-1.17090678 0.495414019 0.578750968 -0.0617420375 -0.744195819 0.665083051 0.125000015 0.530441344 
-1.24879658 0.980335772 -0.762029588 -0.0450719781 -0.0917906985 -0.994724572 0.57444042 0.522807121 
-1.24915075 1.0602448 -0.767391503 -0.0451328754 -0.0468406081 -0.997863472 0.594985187 0.522812843 
-1.1753931 1.06054783 -0.769466519 -0.0187969115 -0.046748165 -0.99870795 0.594985068 0.53049314 
-1.17551732 0.980436444 -0.76409024 -0.0189799499 -0.091421105 -0.995623469 0.57444042 0.530447781 
-1.24916887 1.13400817 -0.76936698 -0.0451328754 -0.0152475927 -0.998839378 0.611100018 0.522826552 
-1.17444873 1.13423061 -0.771447361 -0.018674884 -0.015104685 -0.999686122 0.611100018 0.53060317 
-1.09815538 1.06084323 -0.770230949 -0.00561533961 -0.0467538089 -0.998889506 0.594985127 0.538523436 
-1.09914112 0.98051101 -0.764849246 -0.00579844322 -0.0909745246 -0.995806396 0.57444036 0.53839308 
-1.09495878 1.1344521 -0.772213817 -0.00549326977 -0.0151980454 -0.999866605 0.611100018 0.538865745 
-1.24800873 0.891208708 -0.751588047 -0.04574183 -0.147227705 -0.98802346 0.547251046 0.522806346 
-1.24901116 1.20469904 -0.769649208 -0.031971138 0.703486979 -0.7099545 0.62500006 0.522845328 
-1.17303181 1.20469892 -0.771730363 -0.0129390359 0.70475018 -0.709327698 0.62500006 0.530752063 
-1.08960533 1.20469892 -0.772497058 -0.00347909424 0.705340564 -0.708850205 0.62500006 0.539423347 
-1.0987978 0.890093505 -0.75436902 -0.00714119431 -0.14483808 -0.989421725 0.547251046 0.538374603 
-1.17497158 0.890681922 -0.753620446 -0.0200781412 -0.146100521 -0.989046812 0.547250986 0.530441344 
-1.24395275 0.588321865 -0.652624846 -0.0681205317 -0.554195225 -0.829571545 0.429228157 0.522806406 
-1.24531579 0.687981188 -0.702699423 -0.0555403605 -0.368572146 -0.927908123 0.471652716 0.522806466 
-1.17288578 0.684944868 -0.704596698 -0.0321540348 -0.365469933 -0.930239975 0.47165215 0.530441344 
-1.17177784 0.583926439 -0.654380262 -0.0462898575 -0.551209033 -0.833064914 0.429226309 0.530441284 
-1.24676871 0.791662216 -0.733624279 -0.0485425144 -0.23216252 -0.971460104 0.512148857 0.522806406 
-1.17402065 0.790014863 -0.735607743 -0.0237383824 -0.229999885 -0.972876966 0.512148798 0.530441344 
-1.09699225 0.681798875 -0.705295563 -0.0202001613 -0.361985683 -0.931953669 0.471651942 0.538374543 
-1.09600866 0.579533339 -0.655026495 -0.034775313 -0.548107803 -0.835644782 0.429225564 0.538374603 
-1.09797895 0.788259268 -0.736338377 -0.0112302806 -0.227535233 -0.973677576 0.512148738 0.538374603 
-1.24298251 0.500840425 -0.577212274 -0.0840684101 -0.745506048 -0.66113323 0.388340831 0.522806346 
-1.09519958 0.490283519 -0.579316854 -0.0496990718 -0.743412673 -0.666943252 0.388334721 0.538374484 
-1.17090666 0.495414019 -0.578750908 -0.0617420375 -0.744195819 -0.665083051 0.388336509 0.530441403 
-1.25019276 1.20469892 -0.59089905 0 1 0 0.65403074 0.522465229 
-1.25121951 1.20469904 -0.421926886 0 1 0 0.681473494 0.522117794 
-1.17913496 1.20469892 -0.42267552 0 1 0 0.681537449 0.528888702 
-1.17651498 1.20469904 -0.592247009 0 0.999969482 0 0.654071391 0.529755116 
-1.25197136 1.20469904 -0.272504807 0 1 0 0.705741107 0.521831632 
-1.18031132 1.20469904 -0.272883952 0 1 0 0.705799758 0.528254211 
-1.1093241 1.20469904 -0.422096312 0 1 0 0.681699336 0.535453677 
-1.10181749 1.20469892 -0.592056215 0 1 0 0.654197693 0.537159622 
-1.11219442 1.20469904 -0.272361368 0 1 0 0.705928385 0.534360111 
-1.05621076 1.20469904 -0.270858854 0 1 0 0.706177831 0.539369702 
-1.05224979 1.20469892 -0.419817418 0 1 0 0.682077765 0.540801823 
-1.04036701 1.20469904 -0.589362144 0 1 0 0.654647112 0.543227375 
-0.812076151 0.979684412 0.764957726 -0.000610370131 -0.0893276706 0.995971441 0.57444042 0.181779519 
-0.812236905 1.06094313 0.770340264 -0.000122074038 -0.0464796908 0.998901308 0.594985187 0.181773871 
-0.890789688 1.06113923 0.770340204 -6.10370262e-05 -0.0466017723 0.998901367 0.594985068 0.189934075 
-0.89099735 0.980135322 0.764957786 -0.000549333112 -0.0897244141 0.995940983 0.57444042 0.189979419 
-0.812183738 1.13469708 0.77232331 0 -0.0154423658 0.99987793 0.611100018 0.181760103 
-0.889814496 1.13476396 0.77232331 0 -0.0154728843 0.99987793 0.611100018 0.189824015 
-0.957855284 1.06117678 0.770340145 0 -0.0466933213 0.998901308 0.594985127 0.196900994 
-0.958869338 0.980400383 0.764957666 -0.000366222084 -0.0900906324 0.995910466 0.57444036 0.197031304 
-0.954648376 1.13474083 0.77232331 0 -0.0154728843 0.99987793 0.611100018 0.196558699 
-0.811664939 0.887169242 0.754476011 -0.00170903467 -0.140812248 0.990019381 0.547251046 0.181780368 
-0.812015891 1.20469904 0.772606552 0 0.192205578 0.981322706 0.62500006 0.181741476 
-0.888393104 1.20469892 0.772606611 0 0.192205578 0.981353223 0.62500006 0.189675122 
-0.949293494 1.20469892 0.772606611 0 0.192205578 0.981353223 0.62500006 0.196001127 
-0.958580911 0.888805628 0.754476011 -0.00177007145 -0.142490759 0.989775181 0.547251046 0.197049901 
-0.89061445 0.888062239 0.75447607 -0.00177007145 -0.141575187 0.989897251 0.547250986 0.189985886 
-0.809422016 0.566130877 0.655117095 -0.0167223886 -0.540029466 0.841459692 0.423599988 0.181780323 
-0.810214937 0.671602726 0.705394983 -0.00915526412 -0.352050424 0.935912132 0.469985098 0.181780368 
-0.889074326 0.673845887 0.705394983 -0.0113523379 -0.35384503 0.93522507 0.469985068 0.189985871 
-0.888232052 0.568928778 0.655117452 -0.0213593021 -0.541397214 0.840457976 0.423599988 0.189985886 
-0.811007857 0.781925559 0.736442685 -0.0042115259 -0.220281124 0.975426078 0.51194036 0.181780323 
-0.889916599 0.783467531 0.736442745 -0.00488291727 -0.221623406 0.97508806 0.51194036 0.189985901 
-0.956963122 0.676195443 0.705395162 -0.0134272361 -0.356035382 0.934352517 0.469985127 0.197049916 
-0.956078351 0.571973443 0.655117869 -0.0259341896 -0.543153465 0.839230418 0.423600018 0.197049886 
-0.957847893 0.784968853 0.736442745 -0.00549326977 -0.223240376 0.974719644 0.51194036 0.197049916 
-0.808765054 0.475439817 0.579393625 -0.0239823721 -0.743789196 0.667967081 0.375 0.181780308 
-0.955345154 0.481790811 0.579395354 -0.0382492058 -0.743236363 0.667897046 0.375 0.197049886 
-0.887534261 0.478447974 0.57939446 -0.0311785433 -0.743464887 0.668020129 0.37500003 0.189985871 
-1.245597 0.324416161 -0.234623745 -0.1623175 -0.893290162 -0.419118762 0.294796139 0.522548437 
-1.24358428 0.374790251 -0.354290068 -0.12325789 -0.907077253 -0.402484626 0.32062149 0.52271843 
-1.17056537 0.368637502 -0.357066721 -0.0775854215 -0.907822549 -0.412043154 0.320965677 0.530410767 
-1.17110705 0.318222582 -0.241176203 -0.0847949907 -0.89585644 -0.436149418 0.295917809 0.530358613 
-1.2427268 0.431162417 -0.473857224 -0.100571565 -0.865559936 -0.490544766 0.351904035 0.52279532 
-1.17046428 0.425226182 -0.475331992 -0.071701929 -0.865601301 -0.495547444 0.351940364 0.530437469 
-1.09448123 0.364097685 -0.35825178 -0.0523159802 -0.909554124 -0.412216991 0.321123332 0.538370728 
-1.09446442 0.314521909 -0.243880868 -0.0451328717 -0.898418665 -0.436752051 0.296386153 0.538364172 
-1.09469783 0.420118213 -0.475894183 -0.0557228401 -0.866721809 -0.495652825 0.351957351 0.538374007 
-1.09519958 0.490283519 -0.579316854 -0.0496990718 -0.743412673 -0.666943252 0.388334721 0.538374603 
-1.09446263 0.263659 -0.150495946 -0.0377617069 -0.80562371 -0.591193378 0.2783418 0.53836453 
0.521092415 0.223137528 -0.0964536965 0.0158071071 -0.539943874 -0.841530025 0.267291605 0.705523372 
0.6109007 0.233766764 -0.101944007 0.0117185032 -0.519459248 -0.854382634 0.267295539 0.714132011 
0.612161756 0.173697382 -0.0754120424 -0.0300810356 -0.339494705 -0.940108657 0.261563361 0.714132011 
0.521875858 0.163383394 -0.0688619614 -0.0204441976 -0.344988167 -0.938358068 0.261559188 0.705523312 
0.690473974 0.24498266 -0.108201839 0.00415049028 -0.499584734 -0.866231799 0.267299384 0.721591651 
0.692264557 0.184858829 -0.0827255398 -0.0380663946 -0.336039633 -0.941045165 0.261567414 0.721591651 
0.612626374 0.118578017 -0.0598106347 -0.0336780995 -0.293951213 -0.95518899 0.259451538 0.714132071 
0.522164583 0.108268768 -0.0535046533 -0.0269100145 -0.278192192 -0.960126162 0.259447277 0.705523372 
0.692924321 0.130022019 -0.0668094158 -0.0362990759 -0.313087165 -0.949022591 0.259455621 0.721591651 
0.519566596 0.280866623 -0.14619118 0.0693347827 -0.747176766 -0.660965204 0.278454632 0.705523312 
0.608445108 0.292307198 -0.149129584 0.0769185275 -0.722687006 -0.686876953 0.278458208 0.714132011 
0.686986744 0.304165006 -0.152790427 0.0747960433 -0.697162449 -0.71296829 0.278461605 0.721591592 
0.693018556 0.0867006183 -0.0509013794 0.0206272192 -0.509364188 -0.860271096 0.259153932 0.721591592 
0.612692773 0.0748876929 -0.0454166755 0.00946042128 -0.469328463 -0.882962406 0.25914982 0.714132071 
0.52220583 0.0644580722 -0.0404704511 0.00207525538 -0.432110876 -0.901790082 0.259145588 0.705523312 
0.52220583 0.0375051498 -0.0221322775 0.0585810281 -0.778652251 -0.62467128 0 0 
0.612692654 0.0480256081 -0.0248372424 0.0849766135 -0.805116892 -0.586953402 0 0 
0.612692773 0.0390715599 4.49945237e-09 0.126316369 -0.991965771 0 0 0 
0.52220577 0.0285208523 4.90472329e-09 0.092175968 -0.995713353 0 0 0 
0.693018675 0.0600848496 -0.027836686 0.110516638 -0.829998791 -0.546689749 0 0 
0.693018556 0.0512129664 6.03031358e-09 0.155793622 -0.987771511 0 0 0 
0.612692773 0.0480256379 0.0248372499 0.0849766135 -0.805116892 0.586953402 0 0 
0.52220583 0.0375051796 0.0221322831 0.0585810281 -0.778652251 0.62467128 0 0 
0.693018556 0.0600848496 0.027836699 0.110516608 -0.829968214 0.54668963 0 0 
0.52220583 0.0644580722 -0.0404704511 0.00207525538 -0.432110876 -0.901790082 0 0 
0.612692773 0.0748876929 -0.0454166755 0.00946042128 -0.469328463 -0.882962406 0 0 
0.693018556 0.0867006183 -0.0509013794 0.0206272192 -0.509364188 -0.860271096 0 0 
0.693018556 0.0867006183 0.0509013832 0.0206272174 -0.509394646 0.8602404 0 0 
0.612692773 0.0748876929 0.0454166792 0.00946042128 -0.469328463 0.882962406 0 0 
0.52220583 0.0644580722 0.0404704623 0.00207525515 -0.432049781 0.901820481 0 0 
0.935921371 0.282363027 0.112795807 0.376603365 -0.398125172 0.836437941 0.232687682 0.744915783 
0.884421527 0.272833884 0.120735064 0.143237591 -0.438252449 0.887346208 0.232690632 0.73968333 
0.885371864 0.213963836 0.0981105343 0.112322234 -0.330983073 0.936909497 0.238422036 0.739683211 
0.932174742 0.222306401 0.0917398036 0.354885846 -0.32116878 0.878008425 0.238418952 0.744915783 
0.826227486 0.264280051 0.120015755 0.0307517461 -0.464754075 0.884875357 0.232693687 0.734154224 
0.82875222 0.205170184 0.0963320211 -0.00317391311 -0.335244566 0.942102849 0.2384253 0.734154165 
0.88466388 0.163016587 0.0816620141 0.127754748 -0.374255896 0.91845721 0.24053362 0.73968333 
0.927591503 0.173774987 0.0763677284 0.35119769 -0.373467326 0.858573616 0.240530476 0.744915783 
0.829550207 0.152319759 0.0797639415 0.0103148436 -0.356716573 0.934134245 0.240536928 0.734154165 
0.977260292 0.290381044 0.0903030261 0.69946605 -0.345872194 0.625381768 0.232684851 0.750000119 
0.829600036 0.111066371 0.0610314608 0.0873372182 -0.584429026 0.806728125 0.240838617 0.734154165 
0.884049594 0.124236971 0.0624432079 0.207974449 -0.603750229 0.769547462 0.240835294 0.73968333 
0.924978554 0.139379114 0.0586697236 0.406378835 -0.584744453 0.702036142 0.24083215 0.744915903 
0.957537711 0.181142449 0.0612256601 0.67495513 -0.364269793 0.641650617 0.240527466 0.750000119 
0.948675215 0.153100193 0.0519574881 0.612403393 -0.514139414 0.600476146 0.240829095 0.750000179 
0.967025936 0.228135437 0.0732574984 0.693078876 -0.298379779 0.656171858 0.238415986 0.750000119 
0.502305627 1.20469904 0.0598108061 0 1 0 0.759676874 0.669648767 
0.578006446 1.20469904 0.0643602014 0 1 0 0.760412872 0.676399708 
0.577465057 1.20469892 -1.11758713e-09 0 1 0 0.750000119 0.67511332 
0.500768781 1.20469904 0 0 1 0 0.75000006 0.668442786 
0.645585775 1.20469892 0.066024594 0 1 0 0.760682106 0.682313263 
0.645518124 1.20469892 -2.23517427e-09 0 1 0 0.750000119 0.680965781 
0.578006446 1.20469892 -0.0643602088 0 1 0 0.739587247 0.676399767 
0.502305627 1.20469904 -0.0598107986 0 1 0 0.740323246 0.669648767 
0.645585835 1.20469892 -0.0660246015 0 1 0 0.739317834 0.682313263 
0.50854069 1.20469904 0.142727286 0 1 0 0.773091972 0.673691392 
0.579911411 1.20469892 0.149503872 0 1 0 0.774188221 0.680369556 
0.645823896 1.20469892 0.151918352 0 1 0 0.774578989 0.686369598 
0.645823896 1.20469892 -0.151918367 0 1 0 0.72542119 0.686369538 
0.579911351 1.20469892 -0.149503872 0 1 0 0.725811779 0.680369496 
0.50854075 1.20469904 -0.142727301 0 1 0 0.726908267 0.673691273 
0.521001577 1.20469904 0.266949236 0 1 0 0.793179572 0.681019247 
0.528968632 1.20469904 0.421038598 0 1 0 0.818038642 0.68997246 
0.585451603 1.20469904 0.422301769 0 1 0 0.818295956 0.695581436 
0.583095849 1.20469904 0.270842761 0 1 0 0.793816209 0.687008381 
0.527736127 1.20469904 0.592468739 0 1 0 0.845587552 0.699478209 
0.585087836 1.20469904 0.592785835 0 1 0 0.845818579 0.705242097 
0.646516323 1.20469892 0.422875792 0 1 0 0.818413496 0.701719761 
0.646221936 1.20469904 0.272561163 0 1 0 0.794097304 0.693033755 
0.646470964 1.20469892 0.592839897 0 1 0 0.845904589 0.711728394 
0.466569543 1.20469904 0.265653372 0 1 0 0.792966008 0.675883532 
0.483449817 1.20469904 0.420411676 0 1 0 0.817905366 0.685460746 
0.482081234 1.20469892 0.590830266 0 1 0 0.84518075 0.694836438 
0.456588626 1.2046988 0.772606492 0.374435246 0.513845325 0.771821618 0.873643458 0.704149425 
0.519795895 1.20469892 0.772606611 0.0161122046 0.675949633 0.736736596 0.874427736 0.70920223 
0.583003163 1.20469892 0.772606611 0.023921378 0.659577072 0.751235008 0.874830484 0.715412438 
0.646210432 1.20469892 0.772606611 0.038858559 0.633235872 0.772962034 0.8749789 0.722394228 
0.709417462 1.2046988 0.772606492 -0.221118301 0.335811079 0.915595174 0.875000119 0.72976172 
0.709417582 1.20469892 0.592826426 -0.894397557 0.447198778 0 0.84591347 0.71857208 
0.709417582 1.20469892 0.422919661 -0.894397557 0.447198778 0 0.818424284 0.708089113 
0.709417462 1.20469904 0.272759676 -0.89440918 0.447223872 0 0.794129908 0.699019551 
0.579911411 1.20469892 0.149503872 0 1 0 0.77418834 0.680369496 
0.527736187 1.20469904 -0.592468679 0 1 0 0.654144585 0.698665023 
0.528968751 1.20469904 -0.421038538 0 1 0 0.681880236 0.689725995 
0.585451603 1.20469892 -0.422301769 0 1 0 0.681675851 0.695495784 
0.585087776 1.20469892 -0.592785835 0 1 0 0.654093266 0.704974055 
0.521001577 1.20469904 -0.266949236 0 1 0 0.706810355 0.680988491 
0.583095849 1.20469904 -0.270842761 0 1 0 0.706180453 0.686997592 
0.646516442 1.20469892 -0.422875851 0 1 0 0.681582987 0.701709092 
0.646470964 1.20469892 -0.592839837 0 1 0 0.654084504 0.711694956 
0.646221936 1.20469904 -0.272561163 0 1 0 0.705902398 0.693032444 
0.482081234 1.20469904 -0.590830266 0 1 0 0.654409647 0.693593264 
0.519795895 1.20469892 -0.772606611 0.0200171322 0.668498993 -0.743410647 0.62500006 0.707466185 
0.483449817 1.20469904 -0.420411646 0 1 0 0.681981623 0.6851179 
0.466569543 1.20469904 -0.265653372 0 1 0 0.707020044 0.675840676 
0.646210432 1.20469892 -0.772606611 0.0433667041 0.619119108 -0.784077287 0.62500006 0.722329855 
0.583003163 1.20469892 -0.772606611 0.028434623 0.648840249 -0.760351598 0.62500006 0.71489799 
0.844589889 0.976300955 0.653315902 0.441155851 -0.289083689 0.849567652 0.57444036 0.0050837798 
0.842998922 1.05322003 0.678989232 0.423786581 -0.27054435 0.864379406 0.594985187 0.00508017652 
0.795891881 1.0537374 0.700445652 0.366501808 -0.26477614 0.891944528 0.594985068 0.0102839088 
0.797151864 0.976104856 0.676008463 0.38241303 -0.286637008 0.878369391 0.57444036 0.0103127388 
0.842475951 1.12919533 0.702050209 0.402417034 -0.260135084 0.877691269 0.611100018 0.00507142441 
0.795933008 1.12964857 0.721982539 0.352990627 -0.253236175 0.900695562 0.611100018 0.0102138948 
0.748283982 1.05438209 0.718156755 0.298689336 -0.258773685 0.918590605 0.594985127 0.0157512277 
0.748901308 0.976153493 0.695004344 0.319218159 -0.281236947 0.904979289 0.57444036 0.0158341099 
0.749649048 1.13015461 0.738537788 0.293673962 -0.257134408 0.920660377 0.611099958 0.0155334603 
0.896533787 0.900908589 0.596081913 0.502589762 -0.312401325 0.806088805 0.547251046 0 
0.893320739 0.977004886 0.626085281 0.490596354 -0.29215318 0.820902169 0.57444042 0 
0.847743213 0.897966266 0.623695433 0.453113526 -0.316213846 0.833440363 0.547250986 0.00508429483 
0.89167124 1.05297363 0.653043866 0.471895039 -0.279315501 0.836219609 0.594985127 0 
0.891063273 1.12885749 0.677972436 0.44706136 -0.27302596 0.851802766 0.611100078 0 
0.751375437 0.894240618 0.66689533 0.338624597 -0.318405122 0.885395586 0.547251046 0.0158459526 
0.800047696 0.895890117 0.646994889 0.396266073 -0.319357663 0.860783696 0.547250986 0.0103168562 
0.86985749 0.662725925 0.496331453 0.450259894 -0.495898545 0.742498875 0.423600018 0.00508429436 
0.860212743 0.739007413 0.546831846 0.457614541 -0.416846186 0.785358667 0.469985098 0.00508429483 
0.81156069 0.72969681 0.568391919 0.404827327 -0.434580564 0.804509938 0.469985068 0.0103168553 
0.820367277 0.649456978 0.515430868 0.395455897 -0.523394167 0.754726708 0.423600018 0.0103168553 
0.852886379 0.818224728 0.588734984 0.458653063 -0.357041359 0.813705921 0.51194036 0.00508429529 
0.804814041 0.812910676 0.611685812 0.404425085 -0.366949737 0.837692797 0.51194036 0.0103168562 
0.761467218 0.721511602 0.587504208 0.357197255 -0.447018981 0.820091009 0.469985098 0.0158459526 
0.769151986 0.637949765 0.532608211 0.350405991 -0.544685006 0.761907578 0.423600018 0.0158459507 
0.755559564 0.808297992 0.631676972 0.352146596 -0.372143 0.858742416 0.51194036 0.0158459507 
0.932390749 0.613029778 0.418015808 0.503433883 -0.542763829 0.672233939 0.37500006 0 
0.919475853 0.679290175 0.474571198 0.505966187 -0.465996921 0.725810766 0.423599988 0 
0.881955087 0.591791809 0.435579032 0.435887873 -0.585639596 0.683335602 0.37500003 0.00508429343 
0.909351885 0.750492871 0.52196759 0.508180201 -0.397276103 0.764133751 0.469985098 0 
0.901783049 0.824933708 0.56190455 0.507957995 -0.345709622 0.788932681 0.51194036 0 
0.778667092 0.561680973 0.465219975 0.326186836 -0.655798912 0.680770814 0.37500006 0.0158459488 
0.831312835 0.575399637 0.451120198 0.372729778 -0.62492317 0.685956836 0.37500003 0.0103168534 
0.505070746 0.589726388 -0.592685044 0.2169009 -0.571747899 -0.791226745 0.429226547 0.705523312 
0.502902508 0.686646938 -0.650122821 0.204253256 -0.434698939 -0.877087474 0.47165224 0.705523372 
0.581712246 0.695468664 -0.633202076 0.258362681 -0.43950811 -0.860247195 0.471652299 0.714132011 
0.585170269 0.601879716 -0.576210439 0.266704828 -0.565181375 -0.780635715 0.429226875 0.71413213 
0.501229227 0.787984192 -0.692329764 0.181203946 -0.330037117 -0.926394582 0.512148798 0.705523252 
0.579050779 0.793212712 -0.676273882 0.237837717 -0.344601899 -0.908107698 0.512148798 0.714132071 
0.649050534 0.704601169 -0.615155041 0.30341208 -0.440218419 -0.845042706 0.471652448 0.721591651 
0.653951645 0.614487827 -0.559148848 0.305986404 -0.55544275 -0.773176312 0.429227144 0.721591651 
0.645280302 0.798587799 -0.658593357 0.287532151 -0.354952037 -0.889552593 0.512148798 0.721591711 
0.507743776 0.504824758 -0.517019331 0.212384462 -0.722047269 -0.658391893 0.388336986 0.705523312 
0.500040591 0.886135817 -0.722302377 0.152466521 -0.254564643 -0.954942524 0.547250986 0.705523252 
0.577164173 0.888349771 -0.708133519 0.208555236 -0.277773499 -0.937718213 0.547250986 0.714132071 
0.642608881 0.890574396 -0.691977501 0.260903597 -0.297619224 -0.918305874 0.547251046 0.721591592 
0.660015881 0.534121096 -0.488060951 0.290024877 -0.686541855 -0.666690886 0.388338447 0.721591592 
0.589446127 0.519208014 -0.502591074 0.257119268 -0.705307662 -0.660619795 0.388337761 0.714132071 
0.510867596 0.437097669 0.421981663 0.182262078 -0.830907702 0.525691092 0.153661937 0.705523312 
0.514129996 0.381914139 0.319908082 0.152347624 -0.871612251 0.465876341 0.180513591 0.705523431 
0.599698842 0.396086216 0.314996481 0.180909947 -0.852193773 0.490916401 0.180511564 0.714131892 
0.594456792 0.45201835 0.412757397 0.218172744 -0.812064111 0.541206241 0.153660864 0.714132071 
0.517155051 0.332196355 0.223484591 0.115089178 -0.854909122 0.505815387 0.203744799 0.705523312 
0.604564309 0.344989777 0.223022252 0.13404046 -0.834221601 0.534858465 0.203741968 0.714132011 
0.674567819 0.41069299 0.310574144 0.197725445 -0.831342876 0.519360065 0.180509582 0.721591651 
0.667126298 0.467445821 0.403780311 0.244060725 -0.791452408 0.560337484 0.153659835 0.721591592 
0.681476057 0.358165205 0.223197132 0.141209379 -0.812090278 0.566170275 0.203739122 0.721591651 
0.507743835 0.504824758 0.51656574 0.200583726 -0.726898074 0.656750858 0.125 0.705523252 
0.660016 0.534121096 0.491334409 0.275506407 -0.696145713 0.662922561 0.125 0.721591592 
0.589446068 0.519208014 0.504009902 0.241779506 -0.71289444 0.658223987 0.125000015 0.714131951 
0.517155051 0.332196355 -0.224113747 0.118154556 -0.855163336 -0.50467664 0.296463609 0.705523252 
0.514129996 0.381914139 -0.320772946 0.156862229 -0.871087253 -0.465355933 0.321153581 0.705523372 
0.599698901 0.396086216 -0.314819157 0.187193513 -0.850351334 -0.491744399 0.321155697 0.714132011 
0.604564309 0.344989777 -0.22300005 0.138224289 -0.833375573 -0.535111606 0.2964665 0.714132071 
0.510867536 0.437097669 -0.422848225 0.189596847 -0.828981996 -0.526132762 0.351964623 0.705523252 
0.594456792 0.45201835 -0.412158817 0.228031099 -0.808220983 -0.542912662 0.351966083 0.714132071 
0.674567819 0.41069302 -0.309356779 0.203787699 -0.828308046 -0.521875501 0.321157813 0.721591651 
0.681476116 0.358165205 -0.222523913 0.145145252 -0.810046077 -0.568076789 0.296469301 0.721591651 
0.667126298 0.467445821 -0.40172416 0.253552437 -0.786084116 -0.563704669 0.351967335 0.721591711 
0.499682486 0.975216031 -0.742926538 0.120256796 -0.196441695 -0.973102748 0.57444042 0.705557942 
0.501922548 1.05620527 -0.756641507 0.0852187872 -0.148189366 -0.985250831 0.594985068 0.705799699 
0.576714516 1.05589354 -0.748472869 0.12571691 -0.191032663 -0.9734869 0.594985068 0.714259684 
0.576166451 0.975635052 -0.73141712 0.171542197 -0.228914067 -0.958179653 0.57444042 0.714148045 
0.508651018 1.13180065 -0.765769303 0.0469596162 -0.113983795 -0.992342055 0.611100018 0.706434488 
0.579274178 1.13146734 -0.761527479 0.068727687 -0.165330306 -0.983817399 0.611100018 0.714530945 
0.641054571 1.05550992 -0.738377512 0.172486469 -0.235463962 -0.956430852 0.594985127 0.721698225 
0.641081572 0.975994706 -0.717788756 0.223425269 -0.259744614 -0.939452112 0.57444036 0.721605003 
0.642868638 1.1310885 -0.756017566 0.0983986482 -0.228481919 -0.968539476 0.611100018 0.721941054 
1.36845028 1.22963214 -0.220449433 -0.0316662975 0.999288261 0.0191279072 0.713442385 0.74526763 
1.35744846 1.22963214 -0.176005691 0 1 0 0.720727265 0.742522418 
1.39737689 1.22963214 -0.149416476 0 1 0 0.725230992 0.743786097 
1.41604805 1.22963214 -0.167099506 -0.0442193747 0.998443067 0.0334237479 0.722349226 0.745755792 
1.35960162 1.22963214 -0.124264561 0 1 0 0.729311287 0.740289927 
1.41193068 1.22963214 -0.110248305 0 1 0 0.731735051 0.743010581 
1.45035875 1.22963214 -0.114105083 -0.0476902239 0.998384476 0.0303400084 0.731139421 0.745650232 
1.3308084 1.22963226 -0.329198778 -0.611846328 0.596472561 0.519448221 0.695545673 0.74826479 
1.30834627 1.22963214 -0.275206834 -0.0100707244 0.999931455 0.0034789776 0.704207242 0.744341731 
1.38458538 1.23305511 -0.25837478 -0.638673723 0.594942987 0.487929493 0.707276642 0.748035312 
1.29322541 1.22963214 -0.216466948 0 1 0 0.713782847 0.74054879 
1.43599486 1.23305511 -0.190314099 -0.658582568 0.58593601 0.472153008 0.718548477 0.748087287 
1.29349339 1.22963214 -0.0884601474 0 1 0 0.73517704 0.734284639 
1.36669958 1.22963214 -0.0740117878 0 1 0 0.737685084 0.738596737 
1.29016507 1.22963214 -0.150669813 0 1 0 0.724731684 0.737066507 
1.42586482 1.22963214 -0.0660480484 0 1 0 0.739062786 0.742165625 
1.51308382 1.23305523 -0.0720471963 -0.71889472 0.566145658 0.40324688 0.738097966 0.748065174 
1.47982442 1.23305511 -0.126135424 -0.685323477 0.57703054 0.444200307 0.729161203 0.748088002 
1.47407544 1.22963214 -0.0667852387 -0.0440366678 0.998754144 0.0233601723 0.738963962 0.745331347 
1.43599486 1.23305511 -0.190314099 -0.658582568 0.58593601 0.472153008 0.718548536 0.748087287 
1.3596015 1.22963214 0.124264561 0 1 0 0.770685256 0.740285814 
1.35744858 1.22963214 0.176005706 0 1 0 0.779268563 0.742517412 
1.39737701 1.22963214 0.149416491 0 1 0 0.774767339 0.74378401 
1.41193068 1.22963214 0.110248305 0 1 0 0.768263996 0.74300921 
1.36845028 1.22963214 0.220449433 -0.0316662975 0.999288261 -0.0191279072 0.786554992 0.745264411 
1.41604781 1.22963214 0.167099521 -0.0442193747 0.998443067 -0.0334237479 0.777649999 0.745754659 
1.45035875 1.22963214 0.114105098 -0.0476902239 0.998384476 -0.0303400084 0.768860698 0.745649934 
1.29349339 1.22963214 0.0884601474 0 1 0 0.764818192 0.734279275 
1.29016507 1.22963214 0.150669828 0 1 0 0.775259674 0.737056732 
1.36669934 1.22963214 0.0740117878 0 1 0 0.762313008 0.738594472 
1.29322553 1.22963214 0.216466948 0 1 0 0.786206961 0.740537226 
1.42586493 1.22963214 0.0660480484 0 1 0 0.760936677 0.742164969 
1.3308084 1.22963214 0.329198718 -0.611843109 0.596469402 -0.519419611 0.804454505 0.74826473 
1.38458538 1.23305523 0.25837478 -0.638673723 0.594942987 -0.487929493 0.792723358 0.748035014 
1.30834627 1.22963214 0.275206834 -0.0100707244 0.999931455 -0.0034789776 0.795786083 0.744334042 
1.43599486 1.23305511 0.190314099 -0.658577919 0.585906744 -0.47214967 0.781451643 0.748087168 
1.51308405 1.23305523 0.0720471963 -0.71889472 0.566145658 -0.40324688 0.761902213 0.748065114 
1.47407544 1.22963214 0.0667852387 -0.0440366678 0.998754144 -0.0233601723 0.761036098 0.745331347 
1.47982419 1.23305511 0.126135424 -0.685323477 0.57703054 -0.444200307 0.770838976 0.748088002 
0.763707101 1.22963214 -0.543940187 0 1 0 0.658066988 0.722875893 
0.764110804 1.22963214 -0.388819188 0 1 0 0.684332728 0.712497294 
0.807669699 1.22963214 -0.381578445 0 1 0 0.684625983 0.716530919 
0.805611193 1.22963214 -0.533399284 0 1 0 0.658494115 0.726991117 
0.764365971 1.22963202 -0.251512349 0 1 0 0.707568407 0.703512788 
0.808700144 1.22963214 -0.247069627 0 1 0 0.707750022 0.70743835 
0.85940963 1.22963214 -0.373245358 0 1 0 0.685394168 0.720765293 
0.853193223 1.22963214 -0.5211007 0 1 0 0.659620523 0.730965853 
0.862253726 1.22963214 -0.242004141 0 1 0 0.708220184 0.711796105 
0.724642098 1.22963214 -0.720800161 -0.532833159 0.70375669 0.469857007 0.630186141 0.729499042 
0.724642098 1.22963214 -0.553602338 0 1 0 0.65798974 0.718690276 
0.76321727 1.22963214 -0.707967103 -0.234975666 0.691092491 0.68347311 0.630286455 0.733950734 
0.724642098 1.22963214 -0.395513773 0 1 0 0.684276938 0.708564222 
0.724642098 1.22963214 -0.255643696 0 1 0 0.707531393 0.699803412 
0.724642098 1.22963214 -0.143101379 0 1 0 0.726236761 0.693090558 
0.764508486 1.22963214 -0.140937075 0 1 0 0.726258576 0.69662565 
0.809064329 1.22963214 -0.138612151 0 1 0 0.726355493 0.700447261 
0.862998664 1.22963214 -0.135966033 0 1 0 0.726602912 0.70484215 
0.931001008 1.22963214 -0.132838026 0 1 0 0.727076113 0.710096836 
0.929637372 1.22963214 -0.236004621 0 1 0 0.709123731 0.716802061 
0.92342025 1.22963214 -0.36327371 0 1 0 0.686874866 0.725300908 
0.9092924 1.22963214 -0.506165802 0 1 0 0.661796033 0.734729826 
0.844962299 1.22963214 -0.677231848 -0.28447932 0.682507813 0.673220396 0.632375419 0.741763592 
0.890429437 1.22963214 -0.656795144 -0.31775412 0.676819265 0.66399765 0.635307968 0.744579673 
0.802941024 1.22963214 -0.69386673 -0.2551952 0.687455535 0.67989552 0.630858898 0.738129735 
0.975269139 1.22963214 -0.488913447 0 1 0 0.665088475 0.738250017 
1.00320351 1.22963214 -0.351291925 0 1 0 0.689226329 0.730235457 
1.10715497 1.22963214 -0.337453932 0 1 0 0.692387462 0.736059308 
1.04457867 1.22963214 -0.476589203 0 1 0 0.668067992 0.74164629 
1.01359797 1.22963214 -0.228005722 0 1 0 0.710687816 0.722520649 
1.1086657 1.22963214 -0.212422758 0 1 0 0.71371156 0.728279293 
1.10715497 1.22963214 -0.337453932 0 1 0 0.692387581 0.736059308 
1.00320351 1.22963214 -0.351291925 0 1 0 0.689226389 0.730235517 
1.20439839 1.22963214 -0.182613999 0 1 0 0.719101608 0.733080447 
1.21210968 1.22963214 -0.265010327 0 1 0 0.705303609 0.738151371 
1.23917687 1.22963214 -0.331710666 0 1 0 0.694543481 0.743288755 
1.16795969 1.22963214 -0.397414118 0 1 0 0.683119774 0.743101537 
1.10562634 1.22963202 -0.479662001 0 1 0 0.668679476 0.744987965 
1.16795969 1.22963214 -0.397414118 0 1 0 0.683119774 0.743101478 
0.940106571 1.22963214 -0.631567001 -0.349824578 0.671117544 0.653579772 0.639974177 0.746395469 
0.993217528 1.22963214 -0.601669252 -0.379280716 0.665225744 0.643088102 0.646072865 0.747389436 
1.01551259 1.22963214 -0.128514156 0 1 0 0.727916956 0.716312766 
1.10998213 1.22963214 -0.120066635 0 1 0 0.729535282 0.722850442 
1.29016507 1.22963214 -0.150669813 0 1 0 0.724731684 0.737066448 
1.20559704 1.22963214 -0.10546235 0 1 0 0.732178271 0.728971601 
1.27463388 1.22963214 -0.388629049 -0.556964219 0.613826215 0.559423685 0.685638845 0.748219967 
1.21826017 1.22963214 -0.441151381 -0.512450993 0.629063785 0.584458888 0.676727057 0.748158753 
1.10509789 1.22963214 -0.529462159 -0.43729344 0.651449144 0.619955719 0.660745382 0.74798584 
1.04860163 1.22963214 -0.567501068 -0.407729864 0.65884918 0.632152557 0.653148413 0.747830093 
1.16173029 1.22963214 -0.487674445 -0.471755832 0.641616881 0.604764462 0.668538928 0.748080611 
0.764365971 1.22963202 0.251512349 0 1 0 0.792414367 0.703493595 
0.764110804 1.22963214 0.388819218 0 1 0 0.815639377 0.71246618 
0.807669699 1.22963214 0.381578475 0 1 0 0.815321743 0.716472685 
0.808700144 1.22963214 0.247069627 0 1 0 0.792218089 0.707402766 
0.763707101 1.22963214 0.543940127 0 1 0 0.841892362 0.722830713 
0.805611312 1.22963214 0.533399284 0 1 0 0.841430128 0.726906776 
0.859409511 1.22963214 0.373245358 0 1 0 0.814536929 0.720688641 
0.862253726 1.22963214 0.242004156 0 1 0 0.791737735 0.711749315 
0.853193223 1.22963214 0.5211007 0 1 0 0.840278983 0.730854273 
0.724642098 1.22963214 0.143101379 0 1 0 0.773763418 0.693090618 
0.724642098 1.22963214 0.255643696 0 1 0 0.792468786 0.699803352 
0.764508545 1.22963214 0.14093709 0 1 0 0.773732662 0.696615696 
0.724642098 1.22963214 0.395513773 0 1 0 0.815723181 0.708564281 
0.724642038 1.22963214 0.553602338 0 1 0 0.842010379 0.718690395 
0.724642098 1.22963214 0.720800161 -0.53287679 0.703742862 -0.469847769 0.869814038 0.729499161 
0.76321727 1.22963214 0.707967103 -0.234975666 0.691092491 -0.68347311 0.869659543 0.733890712 
0.802941024 1.22963214 0.69386673 -0.2551952 0.687455535 -0.67989552 0.869039953 0.73801738 
0.844962299 1.22963214 0.677231848 -0.28447932 0.682507813 -0.673220396 0.867490053 0.741614223 
0.890429437 1.22963214 0.656795144 -0.31775412 0.676819265 -0.66399765 0.864544868 0.744416118 
0.9092924 1.22963214 0.506165802 0 1 0 0.83809495 0.73460871 
0.92342025 1.22963214 0.36327371 0 1 0 0.813051224 0.725218534 
0.929637492 1.22963214 0.236004636 0 1 0 0.790831566 0.716752172 
0.862998664 1.22963214 0.135966018 0 1 0 0.773375392 0.704817772 
0.931001008 1.22963214 0.132838026 0 1 0 0.77290082 0.710070908 
0.809064329 1.22963214 0.138612166 0 1 0 0.773627877 0.700428724 
1.01359797 1.22963214 0.228005692 0 1 0 0.789273143 0.722477138 
1.00320351 1.22963214 0.351291925 0 1 0 0.810708642 0.730163038 
1.10715497 1.22963214 0.337454021 0 1 0 0.807569146 0.736011028 
1.10866594 1.22963214 0.212422758 0 1 0 0.786260426 0.728247941 
0.975269139 1.22963214 0.488913387 0 1 0 0.834813178 0.738140702 
1.04457867 1.22963214 0.476589203 0 1 0 0.831857502 0.74156338 
1.10562646 1.22963214 0.479662001 0 1 0 0.831274807 0.744936883 
1.16795969 1.22963214 0.397414118 0 1 0 0.81685394 0.743072331 
1.23917687 1.22963214 0.331710666 0 1 0 0.805442989 0.743273497 
1.2121098 1.22963214 0.265010357 0 1 0 0.794675648 0.738128245 
1.20439863 1.22963214 0.182613999 0 1 0 0.780881584 0.733061612 
1.01551259 1.22963214 0.128514141 0 1 0 0.772062898 0.716290236 
1.10998213 1.22963214 0.120066635 0 1 0 0.770449996 0.722833931 
0.940106571 1.22963214 0.631567001 -0.349824578 0.671117544 -0.653579772 0.859890819 0.746245384 
0.993217528 1.22963214 0.601669252 -0.379280716 0.665225744 -0.643088102 0.853821456 0.747271895 
1.10509789 1.22963214 0.529462159 -0.43729344 0.651449144 -0.619955719 0.839217901 0.74794507 
1.16173029 1.22963214 0.487674445 -0.471755832 0.641616881 -0.604764462 0.831445694 0.748063385 
1.04860163 1.22963214 0.567501068 -0.407729864 0.65884918 -0.632152557 0.846782088 0.747752786 
1.21826017 1.22963214 0.441151381 -0.512450993 0.629063785 -0.584458888 0.823268533 0.748153687 
0.993217528 1.22963214 0.601669252 -0.379280716 0.665225744 -0.643088102 0.853821516 0.747271836 
1.27463388 1.22963214 0.388629049 -0.556964219 0.613826215 -0.559423685 0.814360797 0.748219371 
1.20559704 1.22963214 0.105462335 0 1 0 0.76781249 0.728961229 
1.37168205 1.22963214 0.033765655 0 1 0 0.755613089 0.737559736 
1.43449879 1.22963202 0.0302115437 0 1 0 0.755001366 0.741623044 
1.43737674 1.22963214 0 0 1 0 0.75 0.741442263 
1.37334275 1.22963214 -5.58793567e-10 0 1 0 0.749999821 0.737215042 
1.48825336 1.22963214 0.0301458538 -0.0426357836 0.998952091 -0.0151268579 0.754981399 0.745108128 
1.49297941 1.22963214 -1.86264518e-10 -0.0440975688 0.999026477 0 0.750000179 0.745033681 
1.43449879 1.22963202 -0.0302115418 0 1 0 0.744998515 0.741623223 
1.37168193 1.22963214 -0.033765655 0 1 0 0.744386077 0.737560689 
1.48825336 1.22963214 -0.0301458575 -0.0426357836 0.998952091 0.0151268579 0.745018601 0.745108068 
1.2963177 1.22963214 0.0398846529 0 1 0 0.756672025 0.732568979 
1.53333259 1.23305523 0.0319278799 -0.813424468 0.507626832 -0.283899307 0.755274475 0.748047829 
1.54008234 1.23305523 5.12227427e-10 -0.898725569 0.438460231 0 0.750000119 0.748042107 
1.53333259 1.23305511 -0.0319278762 -0.813420534 0.507602692 0.283919603 0.744725585 0.748047829 
1.29631758 1.22963214 -0.0398846529 0 1 0 0.743326008 0.732571244 
1.29725897 1.22963214 -2.04890971e-09 0 1 0 0.749999523 0.731999516 
1.01601529 1.22963214 0.0564602502 0 1 0 0.759665191 0.712486684 
1.1108197 1.22963214 0.052982863 0 1 0 0.759002447 0.7195521 
1.11109889 1.22963214 7.45058071e-10 0 1 0 0.749998212 0.718459904 
1.01618302 1.22963214 5.58793567e-10 0 1 0 0.749997556 0.711221099 
1.20713866 1.22963214 0.0469560511 0 1 0 0.757915437 0.726437747 
1.20765257 1.22963214 9.54605617e-10 0 1 0 0.749998927 0.725597501 
1.1108197 1.22963214 -0.052982863 0 1 0 0.740991175 0.719558835 
1.01601517 1.22963214 -0.0564602502 0 1 0 0.740326166 0.712495804 
1.20713866 1.22963214 -0.0469560511 0 1 0 0.74208051 0.72644186 
0.931357563 1.22963214 0.0582363978 0 1 0 0.760008693 0.705967605 
0.931357563 1.22963214 -0.0582363904 0 1 0 0.739981294 0.705978096 
0.931476414 1.22963214 -1.86264518e-10 0 1 0 0.749997139 0.70460248 
0.764588118 1.22963214 0.0615556836 0 1 0 0.760351658 0.692418575 
0.809227169 1.22963214 0.0606037192 0 1 0 0.760307789 0.696170211 
0.809281528 1.22963214 -1.6763807e-09 0 1 0 0.749997914 0.694752753 
0.764614582 1.22963214 3.49245965e-10 0 1 0 0.749998987 0.691020608 
0.86325258 1.22963214 0.0595193617 0 1 0 0.760203481 0.700577438 
0.863337338 1.22963214 6.28642749e-10 0 1 0 0.749997318 0.699166358 
0.809227169 1.22963214 -0.0606037155 0 1 0 0.739685118 0.696177781 
0.764587998 1.22963214 -0.0615556836 0 1 0 0.739644587 0.692422628 
0.86325258 1.22963214 -0.0595193617 0 1 0 0.739786923 0.700587213 
0.724642098 1.22963214 0.0624414496 0 1 0 0.760365367 0.688994586 
0.724642098 1.22963214 -0.0624414496 0 1 0 0.739634812 0.688994586 
0.724642098 1.22963214 -1.49011614e-09 0 1 0 0.750000119 0.687629342 
1.49517798 1.21093225 -0.146533668 0.847901165 0.065482907 -0.526038408 0.62500006 0.851169407 
1.44912183 1.21093225 -0.216410831 0.817906797 0.102518387 -0.566102326 0.625000119 0.839805424 
1.44912183 1.21716547 -0.215288669 0.81650579 0.102888614 -0.568045318 0.62500006 0.839805543 
1.49517787 1.21716547 -0.145773843 0.846662462 0.0657200962 -0.528022707 0.62500006 0.851169527 
1.39591801 1.21093225 -0.289531201 0.785208106 0.144793168 -0.602018237 0.62500006 0.82791394 
1.39591801 1.21716547 -0.288029879 0.783643782 0.145288572 -0.603949487 0.62500006 0.82791394 
1.44912159 1.22339892 -0.214166507 0.816769958 0.083614178 -0.570845842 0.62500006 0.839805365 
1.49517798 1.22339892 -0.145014018 0.84619832 0.053385742 -0.530140638 0.62500006 0.851169467 
1.39591777 1.22339892 -0.286528498 0.784755051 0.121113844 -0.607830346 0.62500006 0.82791394 
1.49517798 1.20469904 -0.147293493 0.837870181 -0.152769551 -0.524015367 0.62500006 0.851169467 
1.33917308 1.21093225 -0.359649122 0.743336797 0.190890193 -0.641049147 0.625000119 0.816510737 
1.33917296 1.21716547 -0.357784212 0.741613746 0.191438541 -0.642900348 0.62500006 0.816510677 
1.33917296 1.22339892 -0.355919272 0.742112339 0.174726069 -0.647091985 0.62500006 0.816510737 
1.3391701 1.22963214 -0.354433745 0.75040108 0.0792105496 -0.656160235 0.62499994 0.816448092 
1.39591801 1.23253572 -0.285152376 0.788724422 0.0492144786 -0.612729251 0.62500006 0.827913821 
1.44912183 1.23253572 -0.213137865 0.818228483 0.0329031311 -0.573909819 0.62500006 0.839805365 
1.49517798 1.23253572 -0.144317508 0.846370876 0.0209880043 -0.532132089 0.62500006 0.851169467 
1.2818898 1.21093225 -0.421795458 0.69235599 0.237982079 -0.681121111 0.62500006 0.806379557 
1.22465599 1.21093225 -0.476107657 0.638925493 0.282475531 -0.715518236 0.625000119 0.797376454 
1.22465611 1.21716547 -0.473638833 0.636942089 0.283062756 -0.717024386 0.62500006 0.797376394 
1.2818898 1.21716547 -0.419608355 0.690507531 0.238558963 -0.682802558 0.62500006 0.806379557 
1.16745484 1.21093225 -0.523998916 0.588405907 0.322431117 -0.741468132 0.62500006 0.789125085 
1.16745496 1.21716547 -0.521281898 0.586420715 0.323023021 -0.742792547 0.62500006 0.789125323 
1.22465599 1.22339892 -0.471170038 0.634953201 0.283677012 -0.718534529 0.62500006 0.797376454 
1.2818898 1.2233988 -0.417421252 0.689157724 0.234804347 -0.685484648 0.62500006 0.806379616 
1.16745484 1.2233988 -0.518564701 0.584386468 0.3235946 -0.744130671 0.625 0.789125204 
1.16745484 1.22963214 -0.515847623 0.608783245 0.16210191 -0.77656424 0.62500006 0.789125204 
1.22465599 1.22963214 -0.468701333 0.654976666 0.141576499 -0.74221468 0.62500006 0.797376394 
1.28188992 1.22963214 -0.415234089 0.703589976 0.114433795 -0.701291144 0.62500006 0.806379557 
0.709417641 1.21093225 0.271352619 -1 0 0 0.794129908 0.69901967 
0.709417582 1.21093225 0.420738041 -1 0 0 0.818424284 0.708088994 
0.709417462 1.21716547 0.418556362 -1 0 0 0.818424225 0.708088994 
0.709417641 1.21716547 0.269945532 -1 0 0 0.794129908 0.69901967 
0.709417582 1.21093225 0.589768291 -1 0 0 0.84591341 0.71857208 
0.709417582 1.21716547 0.586710155 -1 0 0 0.84591341 0.718572021 
0.709417582 1.22339892 0.416374683 -1 0 0 0.818424284 0.708088994 
0.709417582 1.2233988 0.268538475 -0.999969482 0 0 0.794129848 0.699019611 
0.709417582 1.22339892 0.58365202 -1 0 0 0.845913529 0.71857208 
0.709417582 1.21093225 0.768621087 -0.866362453 0.267179877 0.42186296 0.875000119 0.729761779 
0.709417582 1.21716547 0.764635503 -0.866518378 0.267035306 0.421620905 0.875000119 0.729761779 
0.709417582 1.22339892 0.76064986 -0.866683722 0.266893744 0.421403766 0.875000119 0.729761779 
0.709417582 1.22963214 0.756664336 -0.916328669 0.254624456 0.308977276 0.875000119 0.72976172 
0.709417582 1.22963214 0.580593884 -0.894397557 0.447198778 0 0.84591347 0.71857208 
0.709417582 1.22963214 0.414193004 -0.894397557 0.447198778 0 0.818424284 0.708089113 
0.709417462 1.22963214 0.267131448 -0.894397557 0.447198778 0 0.794129908 0.699019551 
-1.47691917 1.13421559 -0.558443487 -0.996018827 -0.00682416186 -0.0886832252 0.611100018 0.470687598 
-1.47616017 1.0605967 -0.557038009 -0.99583149 -0.0205295812 -0.0885907859 0.594985127 0.47061497 
-1.48677242 1.06133199 -0.400521576 -0.99764955 -0.0198521931 -0.065287903 0.594985127 0.443734586 
-1.48754942 1.134745 -0.401502222 -0.997833848 -0.00655762386 -0.0652690902 0.611100018 0.443724483 
-1.47411406 0.980708361 -0.553368211 -0.9953444 -0.0392321013 -0.0879473612 0.57444042 0.470654786 
-1.48466313 0.9810009 -0.397868723 -0.997112989 -0.0384144299 -0.0654091835 0.57444036 0.443763644 
-1.49569118 1.06198037 -0.259370297 -0.997894883 -0.0195304397 -0.0614471771 0.594985127 0.419512302 
-1.49648154 1.13521206 -0.259975791 -0.998062372 -0.00647614105 -0.0614159107 0.611100018 0.419499725 
-1.49354565 0.981258631 -0.257737488 -0.997378945 -0.0376462229 -0.061697986 0.57444036 0.419548005 
-1.47702742 1.20469892 -0.558646798 -0.894021213 0.440868646 -0.0795749947 0.62500006 0.47107926 
-1.47017026 0.891423464 -0.546645582 -0.994286597 -0.0615261011 -0.0870831013 0.547251046 0.470804185 
-1.48055494 0.890292287 -0.392707556 -0.996015191 -0.0595336445 -0.0660644323 0.547251046 0.443820924 
-1.48936629 0.889301896 -0.254563868 -0.996334851 -0.057872992 -0.0625466406 0.547251046 0.419618696 
-1.49659383 1.20469904 -0.260067761 -0.892661095 0.447298437 -0.0549178049 0.62500006 0.41949892 
-1.48766005 1.20469892 -0.401646703 -0.892496228 0.447216272 -0.0583805442 0.62500006 0.443723738 
-1.49354541 0.981258512 0.257737488 -0.997378945 -0.0376462229 0.061697986 0.57444042 0.330452055 
-1.48466301 0.981000721 0.397868752 -0.997112989 -0.0384144299 0.0654091835 0.57444036 0.306236446 
-1.4867723 1.06133199 0.400521576 -0.99764955 -0.0198521931 0.065287903 0.594985068 0.306265503 
-1.49569106 1.06198025 0.259370267 -0.997894883 -0.0195304397 0.0614471771 0.594985068 0.330487818 
-1.47411394 0.980708361 0.553368151 -0.9953444 -0.0392321013 0.0879473612 0.57444042 0.279345304 
-1.47616017 1.0605967 0.557038009 -0.995827556 -0.0205295011 0.0885749906 0.594985127 0.27938512 
-1.4875493 1.134745 0.401502222 -0.997834146 -0.00657298323 0.0652691051 0.611100018 0.306275606 
-1.49648142 1.13521206 0.259975821 -0.99806267 -0.00649148878 0.0614159293 0.611100018 0.330500305 
-1.47691917 1.13421559 0.558443487 -0.996018827 -0.00682416186 0.0886832252 0.611100018 0.279390812 
-1.48936629 0.889301896 0.254563898 -0.996332228 -0.0578574166 0.0625464767 0.547250986 0.330381423 
-1.50035119 0.981456041 0.144715607 -0.997741401 -0.0369425751 0.0555290654 0.574440479 0.349984527 
-1.48055506 0.890292287 0.392707556 -0.996015191 -0.0595336445 0.0660644323 0.547251046 0.306179136 
-1.47017026 0.891423464 0.546645582 -0.994286597 -0.0615261011 0.0870831013 0.547251046 0.279195845 
-1.47702742 1.20469892 0.558646798 -0.894021213 0.440868646 0.0795749947 0.62500006 0.279391229 
-1.48766005 1.20469892 0.401646703 -0.892496228 0.447216272 0.0583805442 0.62500006 0.306276292 
-1.49659395 1.20469904 0.260067761 -0.892662466 0.447299123 0.0549372472 0.62500006 0.330501199 
-1.48254061 0.78477931 -0.249571323 -0.994606018 -0.0810648277 -0.0644921884 0.51194042 0.419731975 
-1.47387266 0.788161635 -0.384256244 -0.994071066 -0.0844980627 -0.0682723299 0.51194036 0.443912953 
-1.46440375 0.683220625 -0.371950597 -0.990017891 -0.119684227 -0.0741979331 0.469985068 0.444033265 
-1.47271395 0.676015735 -0.243424207 -0.991227031 -0.113047846 -0.0682325587 0.469985098 0.419880211 
-1.46374834 0.792141557 -0.534478903 -0.99189657 -0.0911779925 -0.088225171 0.511941135 0.470972747 
-1.45481265 0.692315459 -0.512089193 -0.986173928 -0.13548702 -0.0951504558 0.469991118 0.471063286 
-1.4519974 0.586252153 -0.356718928 -0.98069495 -0.174903154 -0.0871696547 0.423599988 0.444172442 
-1.45959234 0.573719621 -0.237201929 -0.983462751 -0.16463542 -0.0752733275 0.423599988 0.420051754 
-1.44352651 0.60315752 -0.478895992 -0.974005282 -0.197452992 -0.110683165 0.423578203 0.471137255 
-1.48918879 0.782241046 -0.14049606 -0.995183349 -0.0790086016 -0.0576662198 0.51194036 0.400186211 
-1.42974985 0.533264101 -0.451683581 -0.941948295 -0.300179362 -0.150301486 0.374792337 0.471202224 
-1.43638623 0.507065833 -0.34524259 -0.955151737 -0.273608506 -0.113130383 0.37500003 0.444321096 
-1.44286859 0.488477737 -0.232703328 -0.961087883 -0.260950774 -0.090411745 0.37500003 0.420234859 
-1.46557367 0.565425694 -0.134673223 -0.984781086 -0.16128853 -0.0643114522 0.423599988 0.400482744 
-1.44812882 0.476590574 -0.132676825 -0.964001834 -0.255153269 -0.0744007975 0.37500003 0.400652617 
-1.47913384 0.67092222 -0.137489244 -0.992070496 -0.110313348 -0.0600914173 0.469985038 0.400323689 
0.975086391 0.181299567 -0.0342042483 0.877891004 -0.358499289 -0.317384034 0 0 
0.988081276 0.229796857 -0.0406537019 0.909034312 -0.266993314 -0.319891423 0 0 
0.995071709 0.229613334 1.92197035e-06 0.966970682 -0.254869819 0 0 0 
0.981020033 0.180009216 2.49966973e-07 0.934424102 -0.356092334 0 0 0 
1.00186682 0.291218281 -0.0492760837 0.904303551 -0.297335446 -0.306292683 0 0 
1.00974238 0.290461004 5.50281266e-06 0.959067404 -0.28310433 0 0 0 
0.988081157 0.229796797 0.0406609438 0.909053981 -0.267082155 0.319791019 0 0 
0.97508651 0.181299597 0.0342051685 0.877892911 -0.358539701 0.317345083 0 0 
1.00186634 0.291217864 0.0492978357 0.904314697 -0.297409028 0.306081027 0 0 
0.957537711 0.181142479 -0.0612231866 0.674889803 -0.364114642 -0.641806483 0 0 
0.967025936 0.228135616 -0.0732378885 0.692832112 -0.298051119 -0.656601071 0 0 
0.977260768 0.29038164 -0.0902391598 0.698872805 -0.34542799 -0.626235485 0 0 
0.977260292 0.290381044 0.0903030261 0.69946605 -0.345872194 0.625381768 0 0 
0.967025936 0.228135437 0.0732574984 0.693078876 -0.298379779 0.656171858 0 0 
0.957537711 0.181142449 0.0612256601 0.67495513 -0.364269793 0.641650617 0 0 
0.940106571 1.27070904 -0.631566942 -0.471893877 0 0.881618738 0.639974117 0.746395469 
0.993217528 1.27070916 -0.601669252 -0.508001804 0 0.86132288 0.646072805 0.747389376 
0.993217409 1.31178617 -0.601669252 -0.508001804 0 0.86132288 0.646072805 0.747389436 
0.940106571 1.31178617 -0.631567001 -0.471893877 0 0.881618738 0.639974177 0.746395469 
1.04860151 1.27070904 -0.567501009 -0.542017698 0 0.840351045 0.653148472 0.747830093 
1.04860151 1.31178617 -0.567501068 -0.542017698 0 0.840351045 0.653148413 0.747830033 
0.993217647 1.35286307 -0.601669192 -0.508001804 0 0.86132288 0.646072805 0.747389376 
0.940106571 1.35286307 -0.631566942 -0.471893877 0 0.881618738 0.639974117 0.746395469 
1.04860139 1.35286307 -0.567501068 -0.542017698 0 0.840351045 0.653148472 0.747830033 
0.890429556 1.27070916 -0.656795204 -0.431662798 0 0.90201956 0.635308087 0.744579613 
1.10509789 1.27070916 -0.529462039 -0.576423407 0 0.817141891 0.660745382 0.74798584 
1.10509777 1.31178617 -0.529462039 -0.576423407 0 0.817141891 0.660745442 0.747985899 
1.10509789 1.35286307 -0.529462039 -0.576423407 0 0.817141891 0.660745442 0.747985959 
1.10509789 1.39394009 -0.529462099 -0.43389979 0.658287823 0.615101516 0.660745382 0.74798584 
1.04860151 1.39394009 -0.567501009 -0.404826224 0.664916515 0.627646387 0.653148472 0.747830033 
0.993217528 1.39394009 -0.601669192 -0.37660253 0.671070278 0.638556778 0.646072865 0.747389436 
0.940106571 1.39394009 -0.631567001 -0.347233415 0.677148879 0.648741484 0.639974117 0.746395469 
0.890429556 1.35286307 -0.656795144 -0.431662798 0 0.90201956 0.635308027 0.744579673 
0.890429437 1.39394009 -0.656795144 -0.315148294 0.683261752 0.658628881 0.635307968 0.744579673 
0.890429556 1.31178617 -0.656795084 -0.431662798 0 0.90201956 0.635307908 0.744579554 
1.28188968 1.27070916 -0.415234089 0.706865668 0.000796346052 -0.707324147 0.62500006 0.806379616 
1.22465599 1.27070916 -0.468701273 0.660031974 0 -0.751206398 0.625000119 0.797376454 
1.22465611 1.31178617 -0.468701273 0.660031974 0 -0.751206398 0.62500006 0.797376394 
1.2818898 1.31178617 -0.415234089 0.707167149 0 -0.707022429 0.62500006 0.806379557 
1.16745484 1.27070904 -0.515847623 0.615481734 0 -0.788124442 0.62500006 0.789125085 
1.16745496 1.31178617 -0.515847683 0.615481734 0 -0.788124442 0.62500006 0.789125323 
1.22465599 1.35286307 -0.468701273 0.660031974 0 -0.751206398 0.62500006 0.797376454 
1.2818898 1.35286307 -0.415234089 0.706865668 -0.000796346052 -0.707324147 0.62500006 0.806379616 
1.16745484 1.35286307 -0.515847623 0.615481734 0 -0.788124442 0.625 0.789125204 
1.33917296 1.27070916 -0.354054391 0.751957834 0.00178331754 -0.659179032 0.62500006 0.816510737 
1.11027026 1.27070916 -0.558064878 0.576501608 0 -0.817076385 0.625000119 0.78125006 
1.11027038 1.31178617 -0.558064878 0.576501608 0 -0.817076385 0.62500006 0.781250119 
1.11027026 1.35286307 -0.558064878 0.576501608 0 -0.817076385 0.62500006 0.78125 
1.11027026 1.39394009 -0.558064878 0.437389791 0.651396155 -0.619932115 0.62500006 0.78125006 
1.16745484 1.39394009 -0.515847623 0.472127169 0.641488016 -0.604613543 0.62500006 0.789125204 
1.22465599 1.39394009 -0.468701333 0.513200045 0.628814936 -0.584116399 0.62500006 0.797376394 
1.28188992 1.39394009 -0.415234089 0.558029354 0.61341548 -0.558804154 0.62500006 0.806379557 
1.33917296 1.35286307 -0.354054391 0.752516568 -2.31472332e-05 -0.658538759 0.62500006 0.816510737 
1.33917046 1.39394009 -0.354433745 0.633884728 0.55044657 -0.543253243 0.62500006 0.816510737 
1.33917296 1.31178617 -0.354054391 0.752034545 0 -0.659078181 0.62500006 0.816510677 
1.27463377 1.27070916 0.388629019 -0.705804825 -0.000772902335 -0.708364964 0.814360738 0.748219311 
1.21825993 1.27070916 0.441151381 -0.659255147 0 -0.751884639 0.823268473 0.748153627 
1.21826005 1.31178617 0.441151381 -0.659255147 0 -0.751884639 0.823268533 0.748153627 
1.27463377 1.31178617 0.388629019 -0.706114173 0 -0.708094239 0.814360797 0.748219311 
1.16173017 1.27070904 0.487674445 -0.615073502 0 -0.788432598 0.831445754 0.748063385 
1.16173005 1.31178617 0.487674475 -0.615073502 0 -0.788432598 0.831445754 0.748063445 
1.21826017 1.35286307 0.441151381 -0.659255147 0 -0.751884639 0.823268592 0.748153687 
1.27463377 1.35286307 0.388629019 -0.705804825 0.000772902335 -0.708364964 0.814360738 0.748219311 
1.16173017 1.35286307 0.487674445 -0.615073502 0 -0.788432598 0.831445634 0.748063326 
1.3307972 1.27070916 0.328843415 -0.754267693 0.00945087522 -0.656454623 0.804396987 0.748263776 
1.10509789 1.27070916 0.529462039 -0.576423407 0 -0.817141891 0.839217901 0.747945011 
1.10509777 1.31178617 0.529462039 -0.576423407 0 -0.817141891 0.839217842 0.747945011 
1.10509789 1.35286307 0.529462039 -0.576423407 0 -0.817141891 0.839217901 0.747944951 
1.10509789 1.39394009 0.529462099 -0.43389979 0.658287823 -0.615101516 0.839217901 0.747945011 
1.16173005 1.39394009 0.487674445 -0.467146784 0.650455356 -0.598850965 0.831445754 0.748063385 
1.21826017 1.39394009 0.44115144 -0.5064978 0.640088379 -0.577667475 0.823268533 0.748153746 
1.27463388 1.39394009 0.388629049 -0.549244225 0.627630949 -0.551687062 0.814360797 0.748219371 
1.3307972 1.35286307 0.328843415 -0.750353992 0.00301551912 -0.661001801 0.804396927 0.748263896 
1.33080828 1.39394009 0.329198748 -0.612959921 0.572483897 -0.544499815 0.804454565 0.74826467 
1.33079731 1.31178617 0.328843415 -0.750835419 0 -0.660458803 0.804396927 0.748263836 
0.84249121 1.27070904 -0.708872616 0.384616643 0 -0.923068464 0.62500006 0.745700955 
0.796659291 1.27070916 -0.726781487 0.348344743 0 -0.937347531 0.625000119 0.74010551 
0.796659231 1.31178617 -0.726781487 0.348344743 0 -0.937347531 0.62500006 0.740072012 
0.84249121 1.31178617 -0.708872676 0.384616643 0 -0.923068464 0.62500006 0.745604873 
0.7525962 1.27070904 -0.742316306 0.323922813 0 -0.946078479 0.625 0.734849274 
0.752596319 1.31178617 -0.742316365 0.323922813 0 -0.946078479 0.62500006 0.734845161 
0.796659291 1.35286307 -0.726781547 0.348344743 0 -0.937347531 0.62500006 0.739990711 
0.84249121 1.35286307 -0.708872616 0.384616643 0 -0.923068464 0.62500006 0.74535203 
0.75259614 1.35286307 -0.742316365 0.323922813 0 -0.946078479 0.62500006 0.734835029 
0.890976369 1.27070916 -0.687403083 0.427072614 0 -0.90419054 0.625000119 0.751816213 
0.709417462 1.27070904 -0.756664336 -0.962068796 0 -0.272716701 0.62500006 0.7297616 
0.709417582 1.31178617 -0.756664395 -0.962068796 0 -0.272716701 0.62500006 0.72976172 
0.709417582 1.35286307 -0.756664276 -0.962068796 0 -0.272716701 0.625000119 0.7297616 
0.709417582 1.39394009 -0.756664336 -0.905373454 0.338189214 -0.256648749 0.62500006 0.72976166 
0.75259614 1.39393997 -0.742316365 0.234058917 0.691328466 -0.683558404 0.625000119 0.73482126 
0.796659291 1.39394009 -0.726781487 0.252815247 0.687901735 -0.680308342 0.62500006 0.739880919 
0.842491329 1.39394009 -0.708872616 0.280863285 0.683153808 -0.674095631 0.62500006 0.744940519 
0.890976369 1.35286307 -0.687402964 0.427072614 0 -0.90419054 0.62500006 0.751280963 
0.890976489 1.39394009 -0.687403023 0.314115196 0.677391648 -0.665145397 0.62499994 0.75 
0.890976369 1.31178617 -0.687403023 0.427072614 0 -0.90419054 0.62500006 0.751682401 
1.16173017 1.27070916 -0.487674445 -0.615073502 0 0.788432598 0.668538868 0.748080552 
1.21825993 1.27070916 -0.441151351 -0.659255147 0 0.751884639 0.676727057 0.748158634 
1.21826005 1.31178617 -0.441151351 -0.659255147 0 0.751884639 0.676726997 0.748158753 
1.16173005 1.31178617 -0.487674475 -0.615073502 0 0.788432598 0.668538868 0.748080671 
1.27463365 1.27070904 -0.388629019 -0.705804825 -0.000772902335 0.708364964 0.685638726 0.748219967 
1.27463365 1.31178617 -0.388629019 -0.706114173 0 0.708094239 0.685638726 0.748219907 
1.21825993 1.35286307 -0.441151381 -0.659255147 0 0.751884639 0.676727057 0.748158693 
1.16173005 1.35286307 -0.487674385 -0.615073502 0 0.788432598 0.668538868 0.748080611 
1.27463353 1.35286307 -0.388629019 -0.705804825 0.000772902335 0.708364964 0.685638785 0.748219907 
1.33079708 1.27070916 -0.328843385 -0.754267693 0.00945087522 0.656454623 0.695603132 0.748263955 
1.33079708 1.31178617 -0.328843415 -0.750835419 0 0.660458803 0.695603132 0.748263896 
1.3307972 1.35286307 -0.328843415 -0.750353992 0.00301551912 0.661001801 0.695603132 0.748263836 
1.33080828 1.39393997 -0.329198688 -0.612959921 0.572483897 0.544499815 0.695545614 0.74826467 
1.27463388 1.39394009 -0.388629019 -0.549244225 0.627630949 0.551687062 0.685638845 0.748219967 
1.21826017 1.39394009 -0.441151381 -0.5064978 0.640088379 0.577667475 0.676727057 0.748158753 
1.16173017 1.39394009 -0.487674445 -0.467146784 0.650455356 0.598850965 0.668538868 0.748080611 
0.94270438 1.27070904 0.661433637 0.468639821 0 0.883364499 0.62500006 0.99218756 
0.997085631 1.27070904 0.631019354 0.506364703 0 0.862290084 0.62500006 0.984375119 
0.997085631 1.31178594 0.631019294 0.506364703 0 0.862290084 0.62500006 0.984375119 
0.94270438 1.31178617 0.661433816 0.468639821 0 0.883364499 0.62500006 0.992187619 
1.05323565 1.27070904 0.596462071 0.541553438 0 0.840631485 0.625 0.9765625 
1.05323565 1.31178617 0.596462131 0.541553438 0 0.840631485 0.62500006 0.976562619 
0.99708575 1.35286307 0.631019294 0.506364703 0 0.862290084 0.62500006 0.984375119 
0.94270438 1.35286307 0.661433697 0.468639821 0 0.883364499 0.625 0.9921875 
1.05323565 1.35286307 0.596462131 0.541553438 0 0.840631485 0.625 0.97656256 
0.890976608 1.27070916 0.687403083 0.427072614 0 0.90419054 0.62500006 1.00000012 
1.11027026 1.27070916 0.558064878 0.576501608 0 0.817076385 0.62500006 0.968750119 
1.11027026 1.31178617 0.558064878 0.576501608 0 0.817076385 0.62500006 0.968750119 
1.11027014 1.35286307 0.558064818 0.576501608 0 0.817076385 0.625 0.96875 
1.11027026 1.39394009 0.558064878 0.437389791 0.651396155 0.619932115 0.62500006 0.968750119 
1.05323565 1.39393997 0.596462071 0.407380611 0.658873737 0.632373691 0.625 0.9765625 
0.99708575 1.39394009 0.631019294 0.377993762 0.665382087 0.643667877 0.62500006 0.984375119 
0.94270438 1.39394009 0.661433697 0.347286016 0.671491385 0.654552042 0.62500006 0.99218756 
0.89097625 1.35286307 0.687402904 0.427072614 0 0.90419054 0.625 1 
0.890976369 1.39394009 0.687403023 0.314115196 0.677391648 0.665145397 0.62500006 1.00000012 
0.890976369 1.31178617 0.687403083 0.427072614 0 0.90419054 0.62500006 1.00000012 
1.55202162 1.27070916 0.0385301895 0.95548743 6.85428604e-05 0.294991314 0.62500006 0.88136518 
1.55920196 1.27070916 5.58793567e-10 0.999969482 1.52592547e-05 0 0.62500006 0.875000119 
1.55920184 1.31178617 7.45058071e-10 1 0 0 0.62500006 0.875000119 
1.55202138 1.31178617 0.0385301895 0.955480576 0 0.295034081 0.62500006 0.88136518 
1.55202162 1.27070904 -0.0385301895 0.95548743 6.85428604e-05 -0.294991314 0.62500006 0.868634939 
1.55202138 1.31178617 -0.0385301895 0.955480576 0 -0.295034081 0.62500006 0.86863488 
1.55920196 1.35286307 1.02445485e-09 0.999966025 0.00424218783 0 0.62500006 0.87500006 
1.55202162 1.35286307 0.038530197 0.955486834 0.00443814741 0.294956863 0.62500006 0.88136512 
1.55202162 1.35286307 -0.0385301895 0.955486715 0.00442101108 -0.294956833 0.62500006 0.868634939 
1.53047979 1.27070916 0.0848051682 0.885191619 0.0002351523 0.465170443 0.62500006 0.889009833 
1.53047979 1.27070916 -0.0848051682 0.885191619 0.0002351523 -0.465170443 0.62500006 0.860990405 
1.53047955 1.31178617 -0.0848051682 0.885160387 0 -0.465234429 0.62500006 0.860990405 
1.53047979 1.35286307 -0.0848051682 0.885148644 0.00493861455 -0.465248823 0.62500006 0.860990345 
1.53018928 1.390517 -0.0845509395 0.828306675 0.355553567 -0.432949543 0.62500006 0.860990405 
1.55171597 1.390517 -0.038396664 0.910999298 0.306554198 -0.275801301 0.62500006 0.868634939 
1.5588913 1.390517 7.45058071e-10 0.962480724 0.271314144 0 0.62500006 0.875000119 
1.55171585 1.390517 0.0383966677 0.910972357 0.306557745 0.27580449 0.62500006 0.88136524 
1.53047979 1.35286307 0.0848051757 0.885148644 0.00493861455 0.465248823 0.62500006 0.889009833 
1.53018951 1.390517 0.084550947 0.828306675 0.355553567 0.432949543 0.62500006 0.889009774 
1.53047979 1.31178617 0.0848051682 0.885187447 0 0.465228051 0.62500006 0.889009774 
0.76321727 1.27070904 -0.707967043 -0.325109541 0 0.945664108 0.630286455 0.733950615 
0.802941144 1.27070916 -0.69386673 -0.351408571 0 0.936197996 0.630858898 0.738129735 
0.802941024 1.31178617 -0.69386673 -0.351408571 0 0.936197996 0.630858898 0.738129675 
0.763217211 1.31178594 -0.707967103 -0.325109541 0 0.945664108 0.630286515 0.733950675 
0.844962299 1.27070904 -0.677231908 -0.389262289 0 0.921121955 0.632375419 0.741763592 
0.844962299 1.31178617 -0.677231848 -0.389262289 0 0.921121955 0.632375419 0.741763532 
0.802941024 1.35286307 -0.693866789 -0.351408571 0 0.936197996 0.630858898 0.738129675 
0.763217211 1.35286307 -0.707967043 -0.325109541 0 0.945664108 0.630286455 0.733950675 
0.84496218 1.35286307 -0.677231848 -0.389262289 0 0.921121955 0.63237536 0.741763473 
0.724642098 1.27070904 -0.720800102 -0.750062943 0 0.661357462 0.630186141 0.729498982 
0.844962299 1.39394009 -0.677231848 -0.282310277 0.68843472 0.66804564 0.632375419 0.741763592 
0.802941024 1.39394009 -0.69386673 -0.253665388 0.691982567 0.67581588 0.630858898 0.738129735 
0.76321727 1.39393997 -0.707967103 -0.234173402 0.693584859 0.681212723 0.630286455 0.733950734 
0.724642038 1.35286307 -0.720800102 -0.750062943 0 0.661357462 0.630186141 0.729499042 
0.724642098 1.39394009 -0.720800161 -0.634953499 0.532254696 0.55988574 0.630186141 0.729499042 
0.724642098 1.31178617 -0.720800161 -0.750062943 0 0.661357462 0.630186141 0.729499042 
1.39591801 1.27070916 0.285027236 0.789011955 0.00140377728 0.614341974 0.62500006 0.922086239 
1.44912183 1.27070916 0.21304433 0.818044186 0.000689242093 0.575150967 0.62500006 0.910194695 
1.44912183 1.31178617 0.21304433 0.81799674 0 0.575199723 0.62500006 0.910194695 
1.39591801 1.31178617 0.285027236 0.788840294 0 0.614540339 0.62500006 0.922086239 
1.49517798 1.27070904 0.144254178 0.846016288 0.000436176488 0.533153057 0.62500006 0.898830652 
1.49517798 1.31178617 0.144254163 0.845971346 0 0.53319788 0.62500006 0.898830652 
1.44912183 1.35286307 0.21304436 0.817971528 0.00577280158 0.575190783 0.62500006 0.910194695 
1.39591789 1.35286307 0.285027236 0.789439261 0.00371935801 0.613783121 0.62500006 0.922086239 
1.49517822 1.35286307 0.144254193 0.84593004 0.00542156305 0.533224225 0.62500006 0.898830712 
1.33917296 1.27070916 0.354054421 0.751957834 0.00178331754 0.659179032 0.62500006 0.933489382 
1.49491191 1.390517 0.143902242 0.781503677 0.383989543 0.491669297 0.62500006 0.898830652 
1.44888604 1.390517 0.212616965 0.749414802 0.401570082 0.526387393 0.62500006 0.910194755 
1.39571428 1.390517 0.284543216 0.710263312 0.447096765 0.543705881 0.62500006 0.922086239 
1.33917284 1.35286307 0.354054421 0.752516568 -2.31472332e-05 0.658538759 0.62500006 0.933489442 
1.33917034 1.39394021 0.354433775 0.633884728 0.55044657 0.543253243 0.62500006 0.933489442 
1.33917296 1.31178617 0.354054421 0.752034545 0 0.659078181 0.62500006 0.933489382 
0.720835924 1.22963214 0.0630485043 0 1 0 0.760453165 0.688703477 
0.720836103 1.22963214 0 0 1 0 0.750000179 0.687326133 
0.71702981 1.22963214 -1.49011614e-09 0 1 0 0.75000006 0.687022805 
0.71702987 1.22963214 0.0636555925 0 1 0 0.760540903 0.688412249 
0.720835984 1.22963214 -0.0630485192 0 1 0 0.739546955 0.688703418 
0.71702981 1.22963214 -0.0636555925 0 1 0 0.739459217 0.688412249 
0.713223696 1.22963214 -2.23517427e-09 0 1 0 0.750000119 0.686719716 
0.713223577 1.22963214 0.0642626658 0 1 0 0.7606287 0.68812108 
0.713223577 1.22963214 -0.0642626658 0 1 0 0.739371419 0.688121021 
0.720835984 1.22963214 0.144595727 0 1 0 0.773979485 0.692835391 
0.724642098 1.22963214 -0.143101379 0 1 0 0.726236701 0.693090498 
0.720835984 1.22963214 -0.144595742 0 1 0 0.726020694 0.692835391 
0.71702981 1.22963214 -0.146090075 0 1 0 0.725804567 0.692580342 
0.713223696 1.22963214 -0.147584394 0 1 0 0.725588441 0.692325175 
0.713223696 1.22963214 0.147584394 0 1 0 0.774411619 0.692325175 
0.71702981 1.22963214 0.146090075 0 1 0 0.774195611 0.692580402 
0.720835984 1.22963214 0.56035012 0 1 0 0.842986166 0.718660772 
0.720836103 1.22963214 0.400183529 0 1 0 0.816398442 0.70844543 
0.71702981 1.22963214 0.404853344 0 1 0 0.817073703 0.708326638 
0.71702987 1.22963214 0.567098081 0 1 0 0.843961895 0.718631208 
0.720835984 1.22963202 0.258515626 0 1 0 0.792884052 0.699607491 
0.71702981 1.22963214 0.261387557 0 1 0 0.793299377 0.699411571 
0.713223696 1.22963214 0.409523219 0 1 0 0.817749023 0.708207905 
0.713223696 1.22963214 0.573845863 0 1 0 0.844937742 0.718601704 
0.713223696 1.22963214 0.264259517 0 1 0 0.793714583 0.699215472 
0.720835984 1.22963214 0.72976619 -0.787983179 0.516837895 -0.334498018 0.871110499 0.729564786 
0.720835984 1.22963214 0.144595727 0 1 0 0.773979604 0.69283551 
0.713223755 1.22963214 0.747698247 -0.787983179 0.516837895 -0.334498018 0.873703539 0.729696095 
0.71702987 1.22963214 0.738732278 -0.787983179 0.516837895 -0.334498018 0.872407079 0.72963047 
0.720835984 1.22963214 -0.258515656 0 1 0 0.707116067 0.699607372 
0.720835984 1.22963214 -0.400183588 0 1 0 0.683601618 0.70844537 
0.71702981 1.22963214 -0.404853344 0 1 0 0.682926416 0.708326578 
0.71702981 1.22963214 -0.261387587 0 1 0 0.706700802 0.699411452 
0.720835984 1.22963214 -0.56035018 0 1 0 0.657013953 0.718660712 
0.71702981 1.22963214 -0.567098081 0 1 0 0.656038225 0.718631148 
0.713223696 1.22963214 -0.409523219 0 1 0 0.682251155 0.708207846 
0.713223696 1.22963214 -0.264259547 0 1 0 0.706285536 0.699215472 
0.713223696 1.22963214 -0.573845923 0 1 0 0.655062437 0.718601584 
0.720835924 1.22963214 -0.72976619 -0.787983179 0.516837895 0.334498018 0.62888962 0.729564667 
0.71702981 1.22963214 -0.738732278 -0.787983179 0.516837895 0.334498018 0.6275931 0.729630351 
0.713223696 1.22963214 -0.747698247 -0.787983179 0.516837895 0.334498018 0.62629658 0.729696035 
0.709417462 1.22963214 -0.267131448 -0.894397557 0.447198778 0 0.705870271 0.699019551 
1.04975998 1.39394009 0.574741304 0 1 0 0.847956836 0.748301327 
0.994184434 1.39394009 0.609006763 0 1 0 0.855047166 0.747848511 
0.99515146 1.39393997 0.616344154 0 1 0 0.856272697 0.748425066 
1.0509187 1.39394009 0.581981599 0 1 0 0.849131644 0.748850048 
0.940756023 1.39394009 0.639033616 0 1 0 0.861165643 0.746828318 
0.941405475 1.39394009 0.646500349 0 1 0 0.862440586 0.747411191 
0.996118724 1.39394009 0.623681724 0 1 0 0.857498407 0.749001801 
1.05207705 1.39394009 0.589221895 0 1 0 0.850306392 0.749398649 
0.942054927 1.39394009 0.653967083 0 1 0 0.86371541 0.747994065 
1.04860139 1.39394009 0.567501009 -0.404826224 0.664916515 -0.627646387 0.846782029 0.747752666 
1.10639095 1.39393997 0.536612749 0 1 0 0.840350926 0.748458743 
0.993217528 1.39394009 0.601669192 -0.37660253 0.671070278 -0.638556778 0.853821456 0.747271895 
0.940106452 1.39393997 0.631566942 -0.347232789 0.67711848 -0.648740232 0.859890699 0.746245325 
0.890429556 1.39394009 0.656795084 -0.315202773 0.683252513 -0.65862 0.864544868 0.744416177 
0.890566289 1.39393997 0.664447129 0 1 0 0.865856588 0.744968832 
0.890702903 1.39394009 0.672099054 0 1 0 0.867168307 0.745521605 
0.890839636 1.39393997 0.679750979 0 1 0 0.868479967 0.746074259 
0.890976369 1.39394009 0.687403023 0.314115196 0.677391648 0.665145397 0.869791746 0.746627033 
0.94270438 1.39394009 0.661433697 0.347286016 0.671491385 0.654552042 0.864990294 0.748576999 
0.99708575 1.39394009 0.631019294 0.377993762 0.665382087 0.643667877 0.858724058 0.749578416 
1.05323565 1.39393997 0.596462071 0.407380611 0.658873737 0.632373691 0.85148114 0.749947309 
1.10897696 1.39393997 0.550914109 0 1 0 0.842616975 0.749486208 
1.11027026 1.39394009 0.558064878 0.437389791 0.651396155 0.619932115 0.843750119 0.75000006 
1.10768402 1.39394009 0.543763459 0 1 0 0.84148401 0.748972535 
0.760561943 1.39393997 -0.716554403 0 1 0 0.628983438 0.734156191 
0.80137068 1.39393997 -0.702095449 0 1 0 0.629543424 0.738470972 
0.799800158 1.39394009 -0.710324109 0 1 0 0.62814647 0.73886472 
0.757906735 1.39394009 -0.725141704 0 1 0 0.627670407 0.734368503 
0.844344437 1.39394009 -0.68514204 0 1 0 0.631041944 0.742227316 
0.843726814 1.39394009 -0.693052232 0 1 0 0.629474342 0.742842495 
0.798229814 1.39394009 -0.718552768 0 1 0 0.626613915 0.739346445 
0.755251408 1.39394009 -0.733729064 0 1 0 0.62634027 0.734591544 
0.843108952 1.39394009 -0.700962484 0 1 0 0.627462685 0.743745446 
0.720835984 1.39393997 -0.72976619 -0.787983179 0.516837895 0.334498018 0.62888962 0.729564667 
0.890566289 1.39393997 -0.664447129 0 1 0 0.633978844 0.745126665 
0.890702903 1.39394009 -0.672099054 0 1 0 0.6323241 0.745884418 
0.890839756 1.39394009 -0.679751098 0 1 0 0.629909933 0.747134089 
0.842491329 1.39394009 -0.708872616 0.280863285 0.683153808 -0.674095631 0.62500006 0.74494046 
0.713223696 1.39393997 -0.747698247 -0.787983179 0.516837895 0.334498018 0.62629658 0.729696035 
0.71702987 1.39394009 -0.738732278 -0.787983179 0.516837895 0.334498018 0.6275931 0.729630411 
1.16316128 1.39394009 -0.494717747 0 1 0 0.667435408 0.748560488 
1.21985888 1.39394009 -0.448038787 0 1 0 0.675639331 0.74861908 
1.22145808 1.39394021 -0.454926342 0 1 0 0.674551725 0.749079347 
1.1645925 1.39393997 -0.501761138 0 1 0 0.666332066 0.749040365 
1.27644789 1.39394009 -0.395280331 0 1 0 0.684574008 0.748664975 
1.27826178 1.39394009 -0.401931524 0 1 0 0.683509171 0.749109983 
1.22305691 1.39394009 -0.461813778 0 1 0 0.67346406 0.749539673 
1.16602373 1.39394009 -0.508804321 0 1 0 0.665228605 0.749520183 
1.28007567 1.39394009 -0.408582777 0 1 0 0.682444394 0.749555051 
1.10639107 1.39393997 -0.536612809 0 1 0 0.659621537 0.748489499 
1.33289123 1.39394009 -0.335146159 -0.0583986342 0.996769607 0.0547715835 0.694580078 0.748697937 
1.33498502 1.39394009 -0.341448873 0 1 0 0.693556964 0.749132037 
1.33707905 1.39394009 -0.347751588 0.0637473613 0.996890306 -0.046043139 0.692533851 0.749566019 
1.33917046 1.39394009 -0.354433745 0.633884728 0.55044657 -0.543253243 0.691510737 0.75000006 
1.28188992 1.39394009 -0.415234089 0.558029354 0.61341548 -0.558804154 0.681379557 0.75000006 
1.22465599 1.39394009 -0.468701333 0.513200045 0.628814936 -0.584116399 0.672376394 0.75000006 
1.16745484 1.39394009 -0.515847623 0.472127169 0.641488016 -0.604613543 0.664125204 0.75000006 
1.1089772 1.39393997 -0.550914168 0 1 0 0.657373905 0.74949652 
1.11027026 1.39394009 -0.558064878 0.437389791 0.651396155 -0.619932115 0.65625006 0.75000006 
1.10768425 1.39394009 -0.543763459 0 1 0 0.658497691 0.74899286 
1.27644777 1.39394009 0.395280272 0 1 0 0.815425694 0.748664558 
1.219859 1.39393997 0.448038876 0 1 0 0.824357331 0.748615324 
1.22145808 1.39394009 0.454926312 0 1 0 0.825446129 0.749076784 
1.27826178 1.39394009 0.401931524 0 1 0 0.81649071 0.749109685 
1.16316128 1.39394009 0.494717687 0 1 0 0.832552969 0.748547554 
1.1645925 1.39393997 0.501761079 0 1 0 0.833660245 0.749031723 
1.22305703 1.39393997 0.461813837 0 1 0 0.826534986 0.749538481 
1.28007579 1.39394009 0.408582896 0 1 0 0.817555666 0.749554813 
1.16602385 1.39394009 0.508804321 0 1 0 0.83476758 0.749515891 
1.33289123 1.39394009 0.335146159 -0.05833783 0.99677217 -0.0547717251 0.805420041 0.748697996 
1.10768402 1.39394009 0.543763459 0 1 0 0.841483951 0.748972476 
1.16745484 1.39394009 0.515847623 0.472127169 0.641488016 0.604613543 0.835874856 0.75000006 
1.22465599 1.39394009 0.468701333 0.513200045 0.628814936 0.584116399 0.827623725 0.75000006 
1.28188992 1.39394009 0.415234149 0.558029354 0.61341548 0.558804154 0.818620563 0.75000006 
1.33707917 1.39394009 0.347751617 0.0637473613 0.996890306 0.046043139 0.807466269 0.749565959 
1.33917034 1.39394021 0.354433775 0.633884728 0.55044657 0.543253243 0.808489442 0.75000006 
1.33498514 1.39394009 0.341448903 0 1 0 0.806443214 0.749132037 
0.940756023 1.39394009 -0.639033675 0 1 0 0.638694048 0.746966124 
0.994184434 1.39393997 -0.609006703 0 1 0 0.644860029 0.747945547 
0.995151579 1.39394009 -0.616344213 0 1 0 0.643565953 0.74855417 
0.941405475 1.39394009 -0.646500289 0 1 0 0.637179971 0.747688293 
1.04975998 1.39394009 -0.574741304 0 1 0 0.651989222 0.748360455 
1.05091858 1.39393997 -0.581981599 0 1 0 0.650820196 0.748897433 
0.996118724 1.39393997 -0.623681724 0 1 0 0.642136216 0.74925077 
0.942054927 1.39394009 -0.653967083 0 1 0 0.63522172 0.748698056 
1.05207729 1.39394009 -0.589221776 0 1 0 0.649633944 0.749445438 
1.05323565 1.39394009 -0.59646219 0.407379538 0.658872008 -0.632343471 0.64843756 0.75000006 
0.997085631 1.39394009 -0.631019294 0.377993762 0.665382087 -0.643667877 0.64062506 0.75000006 
0.94270438 1.39394009 -0.661433816 0.347286016 0.671491385 -0.654552042 0.632812619 0.75000006 
1.54102552 1.39394009 -0.033723142 -0.343999118 0.932916999 0.106276155 0.744428992 0.748733222 
1.54802513 1.39394009 5.58793567e-10 -0.324462205 0.945884466 0 0.750000119 0.748733222 
1.55175054 1.39394021 7.45058071e-10 0 1 0 0.75000006 0.749155521 
1.54469073 1.39394009 -0.0353254937 0 1 0 0.744164348 0.749155521 
1.54102576 1.39394009 0.0337231457 -0.343945861 0.932930529 -0.106277697 0.755571127 0.748733222 
1.54469085 1.39394009 0.0353254937 0 1 0 0.755835772 0.749155521 
1.55547631 1.39394009 1.86264518e-10 0.492768824 0.8701424 0 0.750000119 0.749577761 
1.54835618 1.39393997 -0.0369278453 0.413312078 0.899574995 -0.141057283 0.743899643 0.749577761 
1.54835606 1.39394009 0.0369278453 0.413312078 0.899574995 0.141057283 0.756100476 0.749577761 
1.51683366 1.390517 -0.0728567541 -0.805835724 0.376142621 0.457255155 0.737964153 0.74834609 
1.53766572 1.390517 -0.0322543196 -0.881114781 0.355822653 0.311423719 0.744671643 0.74834609 
1.52002728 1.39394009 -0.0756531879 -0.312918395 0.934319377 0.170589298 0.737502277 0.748733222 
1.54461002 1.390517 1.02445485e-09 -0.933669925 0.358076185 0 0.750000119 0.748346031 
1.53766572 1.390517 0.0322543234 -0.881114781 0.355822653 -0.311423719 0.755328476 0.74834609 
1.51683342 1.390517 0.0728567541 -0.805843353 0.376146197 -0.457281351 0.762035966 0.74834609 
1.52002716 1.39394009 0.0756531879 -0.312918395 0.934319377 -0.170589298 0.762497902 0.748733222 
1.52351129 1.39394009 0.078703858 0 1 0 0.7630018 0.749155521 
1.52699566 1.39394009 0.0817545131 0.326726168 0.928251266 0.177676752 0.763505816 0.749577761 
1.53018951 1.390517 0.084550947 0.828306675 0.355553567 0.432949543 0.764009774 0.75000006 
1.55171585 1.390517 0.0383966677 0.910972357 0.306557745 0.27580449 0.75636524 0.75000006 
1.5588913 1.390517 7.45058071e-10 0.962480724 0.271314144 0 0.75000006 0.75000006 
1.55171597 1.390517 -0.038396664 0.910999298 0.306554198 -0.275801301 0.743634939 0.75000006 
1.52699566 1.39394009 -0.0817545131 0.326726168 0.928251266 -0.177676752 0.736494303 0.749577761 
1.53018928 1.390517 -0.0845509395 0.828306675 0.355553567 -0.432949543 0.735990465 0.75000006 
1.52351129 1.39394009 -0.0787038431 0 1 0 0.73699832 0.749155521 
1.38858342 1.39394009 -0.267601788 -0.184083253 0.971845031 0.14699544 0.705769598 0.748718381 
1.44063962 1.39394009 -0.197657302 -0.257119149 0.949037969 0.182173178 0.717340529 0.748728812 
1.44346714 1.39394021 -0.202786312 0 1 0 0.716495514 0.749152601 
1.39102817 1.39394009 -0.273410261 0 1 0 0.704817712 0.749145508 
1.48560584 1.39394009 -0.131584004 -0.27974841 0.943025768 0.17993556 0.72826165 0.748732686 
1.48879659 1.39394009 -0.135807395 0 1 0 0.727564335 0.749155104 
1.44629455 1.39394009 -0.207915336 0.262764543 0.946689367 -0.186211571 0.715650499 0.749576271 
1.39347291 1.39394009 -0.279218733 0.188073084 0.972403526 -0.137938336 0.703865886 0.749572754 
1.49198735 1.39394009 -0.140030786 0.286366999 0.940434396 -0.183066726 0.726866841 0.749577641 
1.38634217 1.390517 -0.262277335 -0.694447815 0.463940471 0.549935758 0.70664227 0.748326719 
1.43804777 1.390517 -0.192955703 -0.742157876 0.40944466 0.530550361 0.718115151 0.748340309 
1.48268092 1.390517 -0.127712548 -0.769009769 0.39506793 0.502474308 0.728901029 0.748345375 
1.49491215 1.390517 -0.143902242 0.781503677 0.383989543 -0.491669297 0.726169527 0.75000006 
1.44888628 1.390517 -0.21261692 0.749414802 0.401570082 -0.526387393 0.714805424 0.75000006 
1.39571428 1.390517 -0.284543216 0.710263312 0.447096765 -0.543705881 0.70291394 0.75000006 
1.48560584 1.39394009 0.131583989 -0.27974841 0.943025768 -0.17993556 0.77173841 0.748732686 
1.44063985 1.39394009 0.197657302 -0.257119149 0.949037969 -0.182173178 0.78265959 0.748728752 
1.44346726 1.39394021 0.202786326 0 1 0 0.783504665 0.749152541 
1.48879635 1.39394009 0.13580741 0 1 0 0.772435784 0.749155104 
1.38858342 1.39394009 0.267601788 -0.184083253 0.971845031 -0.14699544 0.794230521 0.748718381 
1.39102829 1.39394009 0.27341029 0 1 0 0.795182288 0.749145567 
1.44629443 1.39394009 0.207915351 0.262764543 0.946689367 0.186211571 0.78434968 0.74957633 
1.49198735 1.39394009 0.140030801 0.286366999 0.940434396 0.183066726 0.773133278 0.749577582 
1.39347303 1.39394009 0.279218733 0.18813172 0.97239536 0.137937173 0.796134233 0.749572814 
1.48268104 1.390517 0.127712548 -0.769009769 0.39506793 -0.502474308 0.77109915 0.748345315 
1.43804777 1.390517 0.192955717 -0.742157876 0.40944466 -0.530550361 0.781884968 0.748340309 
1.38634217 1.390517 0.262277335 -0.694453061 0.463943958 -0.549964309 0.793357909 0.748326659 
1.33080828 1.39394009 0.329198748 -0.612959921 0.572483897 -0.544499815 0.804454446 0.74826473 
1.39571428 1.390517 0.284543216 0.710263312 0.447096765 0.543705881 0.797086239 0.75000006 
1.44888604 1.390517 0.212616965 0.749414802 0.401570082 0.526387393 0.785194695 0.75000006 
1.49491191 1.390517 0.143902242 0.781503677 0.383989543 0.491669297 0.773830652 0.75000006 
0.844344437 1.39394009 0.68514204 0 1 0 0.868818343 0.742089987 
0.80137068 1.39393997 0.702095449 0 1 0 0.870367229 0.73837781 
0.799800158 1.39394009 0.710324109 0 1 0 0.871694505 0.738738298 
0.843726814 1.39393997 0.693052292 0 1 0 0.870146453 0.742565811 
0.760561943 1.39394009 0.716554403 0 1 0 0.870974302 0.734110117 
0.757906735 1.39394009 0.725141764 0 1 0 0.872289121 0.7343297 
0.798229814 1.39393997 0.718552768 0 1 0 0.873021781 0.739098787 
0.843108952 1.39394009 0.700962484 0 1 0 0.871474624 0.743041575 
0.755251408 1.39394009 0.733729064 0 1 0 0.87360394 0.734549105 
0.844962299 1.39394009 0.677231848 -0.282310277 0.68843472 -0.66804564 0.867490053 0.741614103 
0.802941024 1.39394009 0.69386673 -0.253665626 0.691983223 -0.675846279 0.869039953 0.73801738 
0.763217211 1.39393997 0.707967103 -0.234173402 0.693584859 -0.681212723 0.869659543 0.733890712 
0.724642098 1.39394009 0.720800161 -0.634953499 0.532254696 -0.55988574 0.869814038 0.729499161 
0.720835984 1.39393997 0.72976619 -0.787983179 0.516837895 -0.334498018 0.871110499 0.729564786 
0.71702987 1.39394009 0.738732278 -0.787983179 0.516837895 -0.334498018 0.872407079 0.72963047 
0.713223696 1.39393997 0.747698247 -0.787983179 0.516837895 -0.334498018 0.873703539 0.729696035 
0.709417582 1.39394009 0.756664336 -0.905373454 0.338189214 0.256648749 0.875000119 0.72976172 
0.75259614 1.39393997 0.742316365 0.234058917 0.691328466 0.683558404 0.874918699 0.734768629 
0.796659291 1.39394009 0.726781487 0.252815247 0.687901735 0.680308342 0.874348998 0.739459276 
0.84249121 1.39394009 0.708872736 0.280862927 0.683152974 0.674065173 0.872802854 0.743517458 
0.890702903 1.39394009 0.672099054 0 1 0 0.867168307 0.745521486 
1.16745484 1.27070904 0.515847623 0.615481734 0 0.788124442 0.62500006 0.960874915 
1.22465587 1.27070916 0.468701333 0.660031974 0 0.751206398 0.62500006 0.952623785 
1.22465575 1.31178617 0.468701333 0.660031974 0 0.751206398 0.62500006 0.952623785 
1.16745496 1.31178617 0.515847743 0.615481734 0 0.788124442 0.62500006 0.960874856 
1.28188992 1.27070904 0.415234149 0.706865668 0.000796346052 0.707324147 0.62500006 0.943620563 
1.28188968 1.31178617 0.415234149 0.707167149 0 0.707022429 0.62500006 0.943620563 
1.22465575 1.35286307 0.468701273 0.660031974 0 0.751206398 0.62500006 0.952623785 
1.16745484 1.35286307 0.515847623 0.615481734 0 0.788124442 0.625 0.960874915 
1.2818898 1.35286307 0.415234089 0.706865668 -0.000796346052 0.707324147 0.62500006 0.943620563 
1.28188992 1.39394009 0.415234149 0.558029354 0.61341548 0.558804154 0.62500006 0.943620622 
1.22465599 1.39394009 0.468701333 0.513200045 0.628814936 0.584116399 0.62500006 0.952623785 
1.16745484 1.39394009 0.515847623 0.472127169 0.641488016 0.604613543 0.62500006 0.960874975 
1.53736031 1.27070916 -0.0321207941 -0.946034372 0.0503410846 0.32005173 0.744693756 0.748310745 
1.54429924 1.27070916 7.45058071e-10 -0.998575151 0.0528646596 0 0.75000006 0.748310864 
1.54429924 1.31178617 0 -1 0 0 0.75000006 0.748310804 
1.53736031 1.31178617 -0.0321207941 -0.945379257 0 0.32590282 0.744693756 0.748310804 
1.53736055 1.27070904 0.0321207978 -0.946034372 0.0503410846 -0.32005173 0.755306363 0.748310804 
1.53736055 1.31178617 0.0321207978 -0.945379257 0 -0.32590282 0.755306304 0.748310804 
1.54429948 1.35286307 6.98491931e-10 -0.999966621 0.00428796886 0 0.750000119 0.748310864 
1.53736031 1.35286307 -0.0321207941 -0.945337713 0.00445103971 0.325959831 0.744693756 0.748310685 
1.53736019 1.35286307 0.0321208015 -0.945337713 0.00445103971 -0.325959831 0.755306423 0.748310685 
1.51654303 1.27070916 -0.0726025254 -0.871130884 0.0436086245 0.489069611 0.738006294 0.748310804 
1.53333259 1.23305523 0.0319278799 -0.813424468 0.507626832 -0.283899307 0.755274534 0.748047888 
1.51654339 1.27070916 0.0726025328 -0.871130884 0.0436086245 -0.489069611 0.761993825 0.748310804 
1.51654339 1.31178617 0.0726025328 -0.87031275 0 -0.492436498 0.761993825 0.748310804 
1.51654315 1.35286307 0.0726025328 -0.870347559 0.00497364393 -0.492350638 0.761993945 0.748310864 
1.51654315 1.35286307 -0.0726025328 -0.870347559 0.00497364393 0.492350638 0.738006175 0.748310864 
1.51654303 1.31178617 -0.0726025254 -0.87031275 0 0.492436498 0.738006294 0.748310804 
1.05323565 1.27070904 -0.59646219 0.541553438 0 -0.840631485 0.62500006 0.773465633 
0.997085631 1.27070916 -0.631019294 0.506364703 0 -0.862290084 0.625000119 0.765849769 
0.997085631 1.31178617 -0.631019235 0.506364703 0 -0.862290084 0.62500006 0.765816212 
1.05323565 1.31178617 -0.59646219 0.541553438 0 -0.840631485 0.62500006 0.773461461 
0.94270438 1.27070904 -0.661433756 0.468639821 0 -0.883364499 0.62500006 0.758573055 
0.94270438 1.31178617 -0.661433756 0.468639821 0 -0.883364499 0.62500006 0.758476913 
0.997085631 1.35286307 -0.631019294 0.506364703 0 -0.862290084 0.62500006 0.765734911 
1.05323565 1.35286307 -0.596462131 0.541553438 0 -0.840631485 0.625 0.773451269 
0.94270438 1.35286307 -0.661433697 0.468639821 0 -0.883364499 0.62500006 0.758224189 
0.99708575 1.22963214 -0.631019294 0.496146977 0.211118758 -0.842160225 0.62500006 0.765854537 
0.94270438 1.39394009 -0.661433816 0.347286016 0.671491385 -0.654552042 0.62500006 0.75781256 
0.997085631 1.39394009 -0.631019294 0.377993762 0.665382087 -0.643667877 0.62500006 0.765625119 
1.05323565 1.39394009 -0.59646219 0.407379538 0.658872008 -0.632343471 0.62500006 0.773437619 
1.38613856 1.27070916 -0.261793286 -0.789247274 0.0302288607 0.61328721 0.706721485 0.748291016 
1.43781221 1.27070916 -0.192528293 -0.812954843 0.0384479351 0.581053615 0.718185604 0.748304963 
1.43781221 1.31178617 -0.192528293 -0.813688517 0 0.581261694 0.718185663 0.748304963 
1.38613844 1.31178617 -0.261793286 -0.786839485 0 0.617111087 0.706721604 0.748291135 
1.48241532 1.27070904 -0.127360597 -0.837491035 0.0386999771 0.545035183 0.728959143 0.748310089 
1.4824152 1.31178617 -0.127360597 -0.837292075 0 0.546713352 0.728959143 0.748310089 
1.43781221 1.35286307 -0.192528263 -0.813691854 0.00580311334 0.581242442 0.718185604 0.748304963 
1.38613856 1.35286307 -0.261793315 -0.786605895 0.00520561123 0.617412329 0.706721604 0.748291016 
1.48241496 1.35286307 -0.127360612 -0.837312698 0.00546384184 0.546657383 0.728959084 0.748310089 
0.7525962 1.27070916 0.742316425 0.323922813 0 0.946078479 0.62500006 0.0151787512 
0.796659291 1.27070916 0.726781547 0.348344743 0 0.937347531 0.625000119 0.0101191672 
0.796659231 1.31178617 0.726781487 0.348344743 0 0.937347531 0.62500006 0.0101191681 
0.7525962 1.31178594 0.742316425 0.323922813 0 0.946078479 0.625000119 0.0151787512 
0.84249121 1.27070904 0.708872616 0.384616643 0 0.923068464 0.625 0.00505958311 
0.842491329 1.31178617 0.708872736 0.384616643 0 0.923068464 0.62500006 0.00505958311 
0.796659291 1.35286307 0.726781428 0.348344743 0 0.937347531 0.62500006 0.0101191672 
0.7525962 1.35286307 0.742316306 0.323922813 0 0.946078479 0.625 0.0151787512 
0.842491329 1.35286307 0.708872616 0.384616643 0 0.923068464 0.62500006 0.00505958358 
0.709417582 1.27070916 0.756664395 -0.962068796 0 0.272716701 0.62500006 0.0202383362 
0.890976608 1.27070916 0.687403083 0.427072614 0 0.90419054 0.62500006 0 
0.890976369 1.31178617 0.687403083 0.427072614 0 0.90419054 0.62500006 0 
0.89097625 1.35286307 0.687402904 0.427072614 0 0.90419054 0.625000119 0 
0.890976369 1.39394009 0.687403023 0.314115196 0.677391648 0.665145397 0.62500006 0 
0.84249121 1.39394009 0.708872736 0.280862927 0.683152974 0.674065173 0.625000119 0.00505958358 
0.796659291 1.39394009 0.726781487 0.252815247 0.687901735 0.680308342 0.62500006 0.0101191672 
0.75259614 1.39393997 0.742316365 0.234058917 0.691328466 0.683558404 0.62500006 0.0151787512 
0.709417582 1.35286307 0.756664276 -0.962068796 0 0.272716701 0.625000119 0.0202383343 
0.709417582 1.39394009 0.756664336 -0.905373454 0.338189214 0.256648749 0.62500006 0.0202383343 
0.709417582 1.31178617 0.756664395 -0.962068796 0 0.272716701 0.62500006 0.0202383362 
0.720835984 1.27070904 0.729766071 -0.920475304 0 -0.390754253 0.871110559 0.729564726 
0.71702987 1.27070916 0.738732278 -0.920475304 0 -0.390754253 0.872407019 0.729630411 
0.71702987 1.31178617 0.738732278 -0.920475304 0 -0.390754253 0.872407079 0.729630411 
0.720835984 1.31178594 0.72976619 -0.920475304 0 -0.390754253 0.871110499 0.729564786 
0.713223696 1.27070916 0.747698247 -0.920475304 0 -0.390754253 0.873703599 0.729696035 
0.713223696 1.31178617 0.747698247 -0.920475304 0 -0.390754253 0.873703539 0.729696035 
0.71702987 1.35286307 0.738732219 -0.920475304 0 -0.390754253 0.872407019 0.72963053 
0.720835984 1.35286307 0.72976613 -0.920463741 0 -0.390730917 0.871110499 0.729564726 
0.713223696 1.35286307 0.747698247 -0.920475304 0 -0.390754253 0.873703599 0.729696095 
0.724642098 1.27070904 0.720800102 -0.750062943 0 -0.661357462 0.869813979 0.729499102 
0.709417582 1.27070916 0.756664395 -0.962068796 0 0.272716701 0.875000119 0.729761779 
0.709417582 1.31178617 0.756664395 -0.962068796 0 0.272716701 0.875000119 0.729761779 
0.709417582 1.35286307 0.756664276 -0.962068796 0 0.272716701 0.875 0.72976172 
0.724642038 1.35286307 0.720800102 -0.750062943 0 -0.661357462 0.869813979 0.729499161 
0.724642098 1.31178617 0.720800161 -0.750062943 0 -0.661357462 0.869813979 0.729499221 
0.713223696 1.27070904 -0.747698247 -0.920475304 0 0.390754253 0.62629652 0.729695976 
0.71702981 1.27070904 -0.738732159 -0.920475304 0 0.390754253 0.62759304 0.729630291 
0.71702981 1.31178617 -0.738732278 -0.920475304 0 0.390754253 0.6275931 0.729630351 
0.713223696 1.31178617 -0.747698247 -0.920475304 0 0.390754253 0.62629658 0.729696035 
0.720835924 1.27070904 -0.72976619 -0.920475304 0 0.390754253 0.628889561 0.729564667 
0.720835924 1.31178617 -0.72976619 -0.920475304 0 0.390754253 0.62888962 0.729564667 
0.71702981 1.35286307 -0.738732278 -0.920475304 0 0.390754253 0.6275931 0.729630351 
0.713223696 1.35286307 -0.747698247 -0.920475304 0 0.390754253 0.62629652 0.729696035 
0.720835924 1.35286307 -0.72976619 -0.920475304 0 0.390754253 0.628889561 0.729564667 
1.48241496 1.27070916 0.127360612 -0.837491035 0.0386999771 -0.545035183 0.771040916 0.74831003 
1.43781221 1.27070916 0.192528293 -0.81294477 0.038447462 -0.581024766 0.781814516 0.748304963 
1.43781221 1.31178617 0.192528293 -0.813688517 0 -0.581261694 0.781814516 0.748304963 
1.48241496 1.31178617 0.127360612 -0.837292075 0 -0.546713352 0.771041036 0.748310089 
1.38613856 1.27070904 0.261793315 -0.789247274 0.0302288607 -0.61328721 0.793278515 0.748291016 
1.38613856 1.31178617 0.261793315 -0.786839485 0 -0.617111087 0.793278515 0.748291135 
1.43781221 1.35286307 0.192528293 -0.813691854 0.00580311334 -0.581242442 0.781814575 0.748304963 
1.48241496 1.35286307 0.127360627 -0.837312698 0.00546384184 -0.546657383 0.771041036 0.74831003 
1.38613856 1.35286307 0.261793315 -0.786596537 0.0052055493 -0.617382646 0.793278515 0.748291016 
1.49517798 1.27070916 -0.144254178 0.846016288 0.000436176488 -0.533153057 0.62500006 0.851169527 
1.44912183 1.27070916 -0.21304436 0.818044186 0.000689242093 -0.575150967 0.62500006 0.839805484 
1.44912183 1.31178617 -0.21304433 0.81799674 0 -0.575199723 0.62500006 0.839805543 
1.49517787 1.31178617 -0.144254178 0.845971346 0 -0.53319788 0.62500006 0.851169527 
1.39591801 1.27070904 -0.285027236 0.789011955 0.00140377728 -0.614341974 0.62500006 0.82791394 
1.39591801 1.31178617 -0.285027236 0.788840294 0 -0.614540339 0.62500006 0.82791394 
1.44912159 1.35286307 -0.21304436 0.817971528 0.00577280158 -0.575190783 0.62500006 0.839805365 
1.49517798 1.35286307 -0.144254193 0.84593004 0.00542156305 -0.533224225 0.62500006 0.851169467 
1.39591777 1.35286307 -0.285027236 0.789439261 0.00371935801 -0.613783121 0.62500006 0.82791394 
1.39571428 1.390517 -0.284543216 0.710263312 0.447096765 -0.543705881 0.62500006 0.82791394 
1.44888628 1.390517 -0.21261692 0.749414802 0.401570082 -0.526387393 0.62500006 0.839805484 
1.49491215 1.390517 -0.143902242 0.781503677 0.383989543 -0.491669297 0.62500006 0.851169527 
1.04860151 1.27070916 0.567501009 -0.542017698 0 -0.840351045 0.846782088 0.747752726 
0.993217528 1.27070916 0.601669192 -0.508001804 0 -0.86132288 0.853821516 0.747271955 
0.993217528 1.31178617 0.601669252 -0.508001804 0 -0.86132288 0.853821456 0.747271836 
1.04860151 1.31178617 0.567501068 -0.542017698 0 -0.840351045 0.846782088 0.747752726 
0.940106571 1.27070904 0.631566942 -0.471893877 0 -0.881618738 0.859890699 0.746245384 
0.940106571 1.31178617 0.631567061 -0.471893877 0 -0.881618738 0.859890759 0.746245325 
0.993217528 1.35286307 0.601669192 -0.508001804 0 -0.86132288 0.853821456 0.747271895 
1.04860139 1.35286307 0.567501009 -0.542017698 0 -0.840351045 0.846781969 0.747752666 
0.940106571 1.35286307 0.631567001 -0.471893877 0 -0.881618738 0.859890759 0.746245325 
0.890429556 1.27070916 0.656795204 -0.431662798 0 -0.90201956 0.864544868 0.744416118 
0.890429556 1.31178617 0.656795084 -0.431662798 0 -0.90201956 0.864544868 0.744416118 
0.890429437 1.35286307 0.656795144 -0.431662798 0 -0.90201956 0.864544809 0.744416118 
0.844962299 1.27070904 0.677231789 -0.389262289 0 -0.921121955 0.867489994 0.741614103 
0.802941144 1.27070916 0.69386667 -0.351408571 0 -0.936197996 0.869039893 0.73801738 
0.802941024 1.31178617 0.69386673 -0.351408571 0 -0.936197996 0.869039953 0.738017261 
0.844962299 1.31178617 0.677231848 -0.389262289 0 -0.921121955 0.867490113 0.741614103 
0.76321727 1.27070904 0.707967043 -0.325109541 0 -0.945664108 0.869659543 0.733890712 
0.763217211 1.31178617 0.707967103 -0.325109541 0 -0.945664108 0.869659543 0.733890772 
0.802941024 1.35286307 0.693866789 -0.351408571 0 -0.936197996 0.869039893 0.738017321 
0.844962299 1.35286307 0.677231848 -0.389262289 0 -0.921121955 0.867490053 0.741614103 
0.763217211 1.35286307 0.707967103 -0.325109541 0 -0.945664108 0.869659483 0.733890712 
-0.279144317 1.27151012 0.722295582 0 0 -1 0.866860271 0.622135103 
-0.436482698 1.27151012 0.722295702 0 0 -1 0.866860211 0.606014132 
-0.436482698 1.29533029 0.722295642 0 0 -1 0.866860211 0.606014013 
-0.279144287 1.29533029 0.722295642 0 0 -1 0.86686039 0.622135162 
-0.583154857 1.27151012 0.722295582 0 0 -1 0.866860271 0.590986967 
-0.583154857 1.29533029 0.722295702 0 0 -1 0.86686033 0.590987027 
-0.436482728 1.32154512 0.722295702 0 0 -1 0.866860271 0.606014073 
-0.279144287 1.32154512 0.722295642 0 0 -1 0.866860271 0.622135043 
-0.583154857 1.32154524 0.722295642 0 0 -1 0.866860271 0.590986967 
-0.122069366 1.25128245 0.722295702 0 0 -1 0.86686033 0.63823235 
-0.279144287 1.25128245 0.722295582 0 0 -1 0.86686039 0.622135043 
-0.122069359 1.27151012 0.722295702 0 0 -1 0.86686033 0.63823235 
-0.436482728 1.25128245 0.722295642 0 0 -1 0.86686039 0.606014132 
-0.583154857 1.25128245 0.722295642 0 0 -1 0.86686033 0.590986967 
-0.708230972 1.25128245 0.722295702 0 0 -1 0.86686033 0.578171313 
-0.708230972 1.27151012 0.722295702 0 0 -1 0.86686033 0.578171313 
-0.708231091 1.29533029 0.722295642 0 0 -1 0.866860271 0.578171313 
-0.708231032 1.32154524 0.722295702 0 0 -1 0.866860271 0.578171253 
-0.708231091 1.34895766 0.722295702 0 0.707083344 -0.707083344 0.866860271 0.578171313 
-0.583154857 1.34895754 0.722295582 0 0.707083344 -0.707083344 0.866860271 0.590986967 
-0.436482728 1.34895766 0.722295702 0 0.707083344 -0.707083344 0.866860271 0.606014132 
-0.279144287 1.34895766 0.722295642 0 0.707083344 -0.707083344 0.866860271 0.622135043 
-0.122069359 1.32154524 0.722295642 0 0 -1 0.866860271 0.63823235 
-0.122069366 1.34895766 0.722295642 0 0.707083344 -0.707083344 0.866860271 0.63823235 
-0.122069366 1.29533029 0.722295642 0 0 -1 0.866860271 0.63823235 
-0.812015772 1.26532722 -0.766511261 0 0.0215460677 -0.999755859 0.625 0.568258524 
-0.888392985 1.26532722 -0.766511261 0 0.0215460677 -0.999755859 0.625000119 0.560324907 
-0.888392925 1.29067993 -0.766186893 0 0.00848414656 -0.999938965 0.62500006 0.560324907 
-0.812015831 1.29067993 -0.766186953 0 0.00848414656 -0.999938965 0.62500006 0.568258524 
-0.949293375 1.26532722 -0.766511381 0 0.0215460677 -0.999755859 0.625 0.553998888 
-0.949293375 1.29067993 -0.766186893 0 0.00848414656 -0.999938965 0.625 0.553998947 
-0.888392985 1.31906152 -0.766067445 0 0.0023804435 -0.999969423 0.62500006 0.560324907 
-0.812015772 1.31906152 -0.766067445 0 0.0023804435 -0.999969423 0.62500006 0.568258524 
-0.949293375 1.31906152 -0.766067386 0 0.0023804435 -0.999969423 0.625 0.553998888 
-0.712423444 1.24451852 -0.76714313 0 0.0480971746 -0.998840332 0.62500006 0.578603625 
-0.812015772 1.24451828 -0.767143071 0 0.0480971746 -0.998840332 0.62500006 0.568258524 
-0.712423444 1.26532722 -0.766511381 0 0.0215460677 -0.999755859 0.62500006 0.578603625 
-0.888393044 1.24451828 -0.767143071 0 0.0480971746 -0.998840332 0.62500006 0.560324907 
-0.949293315 1.24451828 -0.767143071 0 0.0480971746 -0.998840332 0.62500006 0.553998947 
-1.00245547 1.24451828 -0.767143071 -0.983273029 0.0119033344 -0.181557864 0.62500006 0.548476756 
-1.00245535 1.26532722 -0.766511261 -0.983137131 0.00540994294 -0.182705626 0.625 0.548476696 
-1.00245547 1.29067993 -0.766186893 -0.983089387 0.00214508525 -0.183068603 0.625000119 0.548476756 
-1.00245535 1.3190614 -0.766067326 -0.983016312 0.000592390716 -0.183384955 0.62500006 0.548476696 
-1.00245547 1.34895766 -0.766050339 -0.930254281 0.323010981 -0.173807994 0.62500006 0.548476756 
-0.949293375 1.34895766 -0.766050279 0 0.707296908 -0.706900179 0.62500006 0.553998947 
-0.888392925 1.34895766 -0.766050279 0 0.707296908 -0.706900179 0.625000119 0.560324907 
-0.812015772 1.34895766 -0.766050279 0 0.707296908 -0.706900179 0.62500006 0.568258584 
-0.712423444 1.31906152 -0.766067445 0 0.0023804435 -0.999969423 0.62500006 0.578603685 
-0.712423503 1.34895766 -0.766050339 0 0.707296908 -0.706900179 0.62500006 0.578603685 
-0.712423503 1.29067993 -0.766186893 0 0.00848414656 -0.999938965 0.62500006 0.578603685 
-0.983588934 1.27151012 0.731523871 -0.827509046 -0.00687497854 -0.56140691 0.868895233 0.550051212 
-0.98987782 1.27151012 0.740752041 -0.827444375 -0.0137722911 -0.561364532 0.870930076 0.549526393 
-0.98987782 1.29533029 0.740395546 -0.821972728 -0.00565843005 -0.569443762 0.870930195 0.549526393 
-0.983588874 1.29533029 0.731345594 -0.822001398 -0.00282916613 -0.569455385 0.868895292 0.550051212 
-0.996166587 1.27151012 0.749980211 -0.827332556 -0.020650316 -0.561284125 0.872965097 0.549001515 
-0.996166587 1.29533029 0.749445438 -0.821979463 -0.00850914791 -0.569427013 0.872965097 0.549001575 
-0.98987782 1.32154524 0.740264177 -0.819644332 -0.00161220366 -0.572848201 0.870930135 0.549526393 
-0.983588934 1.32154524 0.73127991 -0.819643557 -0.000795353088 -0.572847664 0.868895233 0.550051212 
-0.996166587 1.32154512 0.749248445 -0.819645643 -0.00242905738 -0.572849095 0.872965097 0.549001575 
-0.977300107 1.25128245 0.722295702 -0.560808659 -0.00474854652 -0.827901065 0.866860211 0.550575912 
-0.983588934 1.25128245 0.731871068 -0.837030232 -0.0141481142 -0.5469203 0.868895233 0.550051212 
-0.977300107 1.27151012 0.722295702 -0.549286425 -0.0022817587 -0.835606873 0.866860271 0.550576031 
-0.98987782 1.25128245 0.741446376 -0.836800694 -0.0283055287 -0.546763599 0.870930195 0.549526393 
-0.996166587 1.25128245 0.751021683 -0.83637327 -0.0424183235 -0.546472609 0.872965097 0.549001575 
-1.00245559 1.25128245 0.76059711 -0.987739503 0.0237727668 0.154159442 0.875000119 0.548476696 
-1.00245559 1.27151012 0.7592085 -0.987715781 0.0116346916 0.155787885 0.87500006 0.548476756 
-1.00245559 1.29533029 0.75849545 -0.987662673 0.00479033496 0.1563894 0.875000119 0.548476756 
-1.00245559 1.32154512 0.758232653 -0.987576425 0.00137580698 0.157063395 0.875 0.548476756 
-1.00245559 1.34895766 0.758195162 -0.936199665 0.318009228 0.149536878 0.875000119 0.548476756 
-0.996166587 1.34895766 0.749220312 -0.669675827 0.575797856 -0.469016731 0.872965097 0.549001575 
-0.98987782 1.34895766 0.740245461 -0.669606924 0.575898767 -0.468963563 0.870930195 0.549526393 
-0.983588874 1.34895766 0.731270552 -0.669537961 0.575999558 -0.468910336 0.868895233 0.550051212 
-0.977300048 1.32154512 0.722295702 -0.540082574 -0.000242770097 -0.841603041 0.866860271 0.550576031 
-0.977300048 1.34895766 0.722295702 -0.432538867 0.597535193 -0.675152242 0.86686033 0.550576031 
-0.977300107 1.29533029 0.722295702 -0.542816103 -0.000915827055 -0.839840293 0.86686033 0.550576031 
-0.803958297 1.27151012 0.722295523 0 0 -1 0.866860271 0.568359613 
-0.875291228 1.27151012 0.722295702 0 0 -1 0.86686039 0.561044693 
-0.875291228 1.29533029 0.722295702 0 0 -1 0.866860271 0.561044633 
-0.803958297 1.29533029 0.722295702 0 0 -1 0.866860271 0.568359613 
-0.93036139 1.27151012 0.722295702 0 0 -1 0.866860271 0.555394232 
-0.93036139 1.29533029 0.722295702 0 0 -1 0.86686033 0.555394292 
-0.875291288 1.32154524 0.722295642 0 0 -1 0.86686033 0.561044693 
-0.803958297 1.32154524 0.722295642 0 0 -1 0.866860211 0.568359613 
-0.93036139 1.32154512 0.722295702 0 0 -1 0.866860271 0.555394232 
-0.803958297 1.25128245 0.722295702 0 0 -1 0.86686039 0.568359613 
-0.875291228 1.25128245 0.722295761 0 0 -1 0.86686033 0.561044693 
-0.93036139 1.25128245 0.722295702 0 0 -1 0.86686033 0.555394292 
-0.93036139 1.34895766 0.722295702 0 0.707083344 -0.707083344 0.866860271 0.555394232 
-0.875291288 1.34895766 0.722295702 0 0.707083344 -0.707083344 0.866860271 0.561044693 
-0.803958297 1.34895766 0.722295702 0 0.707083344 -0.707083344 0.866860271 0.568359613 
0.45029974 1.27151012 0.749980152 0.827332556 -0.020650316 -0.561284125 0.872965038 0.698775053 
0.444010913 1.27151012 0.740751982 0.827444375 -0.0137722911 -0.561364532 0.870930135 0.697515845 
0.444010973 1.29533029 0.740395546 0.821972728 -0.00565843005 -0.569443762 0.870930195 0.697515786 
0.450299859 1.29533029 0.749445438 0.821979463 -0.00850914791 -0.569427013 0.872965097 0.698775113 
0.437722027 1.27151012 0.731523931 0.827509046 -0.00687497854 -0.56140691 0.868895292 0.696256578 
0.437722147 1.29533029 0.731345534 0.822001398 -0.00282916613 -0.569455385 0.868895233 0.696256578 
0.444010973 1.32154524 0.740264177 0.819644332 -0.00161220366 -0.572848201 0.870930195 0.697515786 
0.450299799 1.32154524 0.749248445 0.819645643 -0.00242905738 -0.572849095 0.872965038 0.698774993 
0.437722027 1.32154512 0.73127985 0.819643557 -0.000795353088 -0.572847664 0.868895173 0.696256578 
0.456588745 1.25128245 0.76059711 0.987739503 0.0237727668 0.154159442 0.875000119 0.70003432 
0.450299859 1.25128245 0.751021683 0.83637327 -0.0424183235 -0.546472609 0.872965097 0.698775053 
0.456588686 1.27151012 0.7592085 0.987715781 0.0116346916 0.155787885 0.87500006 0.70003432 
0.444010973 1.25128245 0.741446376 0.836800158 -0.0282844827 -0.546763241 0.870930135 0.697515905 
0.437722087 1.25128245 0.731870949 0.837030232 -0.0141481142 -0.5469203 0.868895233 0.696256638 
0.431433201 1.25128245 0.722295642 0.560808659 -0.00474854652 -0.827901065 0.86686033 0.69499737 
0.431433201 1.27151012 0.722295642 0.549286425 -0.0022817587 -0.835606873 0.866860271 0.69499743 
0.431433201 1.29533029 0.722295642 0.542816103 -0.000915827055 -0.839840293 0.866860271 0.69499737 
0.431433201 1.32154512 0.722295702 0.540082574 -0.000242770097 -0.841603041 0.866860271 0.694997311 
0.43143326 1.34895766 0.722295702 0.432538867 0.597535193 -0.675152242 0.86686033 0.694997311 
0.437722087 1.34895766 0.731270492 0.669537961 0.575999558 -0.468910336 0.868895173 0.696256518 
0.444010973 1.34895766 0.740245402 0.669606924 0.575898767 -0.468963563 0.870930135 0.697515786 
0.450299799 1.34895766 0.749220312 0.669671893 0.575794518 -0.468989134 0.872965097 0.698774993 
0.456588686 1.32154512 0.758232653 0.987576425 0.00137580698 0.157063395 0.875 0.700034261 
0.456588745 1.34895766 0.758195162 0.936199665 0.318009228 0.149536878 0.875000119 0.70003432 
0.456588745 1.29533029 0.75849545 0.987662673 0.00479033496 0.1563894 0.875000119 0.70003432 
-0.114105888 1.20469904 -0.0447835736 0 1 0 0.742754579 0.617453158 
-0.132333308 1.20469904 -1.02445485e-09 0 1 0 0.750000179 0.615707397 
-0.0852541924 1.20469904 2.79396783e-10 0 1 0 0.75000006 0.619216323 
-0.0683624893 1.20469904 -0.0307954606 0 1 0 0.745017707 0.620700598 
-0.114105888 1.20469904 0.0447835699 0 1 0 0.75724566 0.617453098 
-0.0683624893 1.20469904 0.030795455 0 1 0 0.754982471 0.620700598 
-0.0438030511 1.20469904 9.31322575e-10 0 1 0 0.75 0.62233597 
-0.0293843448 1.20469904 -0.0224595498 0 1 0 0.746366322 0.623564363 
-0.0293843448 1.20469892 0.0224595517 0 0.999969482 0 0.753633738 0.623564303 
-0.0553224236 1.20469904 -0.0844715685 0 1 0 0.73633337 0.622906327 
-0.0553224236 1.20469904 0.084471561 0 1 0 0.763666809 0.622906327 
-0.0168020874 1.20469904 0.0562132001 0 1 0 0.759094834 0.625165284 
0.0137294829 1.20469904 0.0404934436 0 1 0 0.756551564 0.627204359 
0.0137294978 1.20469904 -0.0404934399 0 1 0 0.743448615 0.627204359 
-0.0168020725 1.20469904 -0.0562132075 0 1 0 0.740905285 0.625165224 
0.0447225124 1.20469904 0.110278524 0 1 0 0.767842114 0.631870568 
0.155420735 1.20469904 0.132251635 0 1 0 0.771397114 0.642028511 
0.168898389 1.20469904 0.0929660425 0 1 0 0.765041053 0.641603351 
0.0674127489 1.20469904 0.0738207027 0 1 0 0.761943579 0.632440567 
0.252687216 1.20469904 0.163838103 0 1 0 0.776507437 0.651769519 
0.269224286 1.20469904 0.126383662 0 1 0 0.770447731 0.651598215 
0.181609288 1.20469904 0.0679499432 0 1 0 0.760993719 0.641805649 
0.0864682049 1.20469904 0.0525926538 0 1 0 0.75850904 0.633358955 
0.286051035 1.20469892 0.0987029448 0 1 0 0.765969276 0.651967764 
0.301567912 1.20469904 0.245517254 0 1 0 0.789722383 0.659770489 
0.325388312 1.20469904 0.217433527 0 1 0 0.785178661 0.660607815 
0.351140499 1.20469904 0.18857269 0 1 0 0.780509233 0.661589682 
0.376991451 1.20469904 0.162760198 0 1 0 0.776333094 0.662768185 
0.252687156 1.20469904 -0.163838103 0 1 0 0.723492622 0.651769519 
0.155420765 1.20469904 -0.132251635 0 1 0 0.728603065 0.642028511 
0.168898359 1.20469904 -0.0929660425 0 1 0 0.734959006 0.641603291 
0.269224286 1.20469904 -0.126383647 0 1 0 0.729552448 0.651598155 
0.0447225124 1.20469904 -0.110278547 0 1 0 0.732158184 0.631870568 
0.0674127191 1.20469904 -0.0738207027 0 1 0 0.73805654 0.632440507 
0.181609318 1.20469904 -0.0679499581 0 1 0 0.7390064 0.641805708 
0.286051095 1.20469904 -0.0987029374 0 1 0 0.734030962 0.651967824 
0.0864681751 1.2046988 -0.0525926538 0 1 0 0.741491139 0.633359015 
0.325388312 1.20469904 -0.217433527 0 1 0 0.714821458 0.660607815 
0.37699151 1.20469904 -0.162760198 0 1 0 0.723667145 0.662768185 
0.351140499 1.20469904 -0.188572705 0 1 0 0.719490826 0.661589682 
0.417722344 1.20469892 -0.57480222 0 1 0 0.657002866 0.686344683 
0.397597313 1.20469892 -0.427578926 0 1 0 0.680822015 0.677184641 
0.428525805 1.20469904 -0.424456984 0 1 0 0.681327164 0.679941297 
0.439861178 1.20469904 -0.580519438 0 1 0 0.656077802 0.688752413 
0.370208144 1.20469904 -0.305747241 0 1 0 0.700533211 0.668785036 
0.402267098 1.20469904 -0.290152341 0 1 0 0.703056276 0.670985162 
0.452943325 1.20469904 -0.421693236 0 1 0 0.681774259 0.682154655 
0.456924796 1.20469892 -0.586281955 0 1 0 0.655145466 0.690719962 
0.430134773 1.20469904 -0.275595933 0 1 0 0.705411315 0.672892153 
0.437722147 1.20469892 -0.734873414 0.762304723 0.518411219 0.387410164 0.631104887 0.696256518 
0.450299799 1.20469892 -0.76002878 0.780603528 0.482952356 0.396688372 0.627035022 0.698774993 
0.444010973 1.20469892 -0.747451127 0.771761417 0.500516713 0.39219138 0.629069924 0.697515845 
0.370208204 1.20469904 0.305747241 0 0.999969482 0 0.79946655 0.668786466 
0.397597313 1.20469892 0.427578926 0 1 0 0.819174588 0.67719543 
0.428525805 1.20469904 0.424456984 0 1 0 0.818644702 0.680027008 
0.402267098 1.20469904 0.290152311 0 1 0 0.796940267 0.670995831 
0.417722285 1.20469904 0.57480222 0 1 0 0.842986286 0.6863783 
0.439861178 1.20469904 0.580519438 0 1 0 0.843833983 0.689020336 
0.452943385 1.20469904 0.421693236 0 1 0 0.8181445 0.682401061 
0.430134833 1.20469904 0.275595933 0 1 0 0.794578552 0.672923028 
0.456924796 1.20469892 0.586282015 0 1 0 0.844586611 0.691533029 
0.437722147 1.20469892 0.734873414 0.763545752 0.510205686 -0.395783722 0.868874073 0.696320891 
0.444010973 1.20469892 0.747451127 0.77780503 0.482079506 -0.403180212 0.87076056 0.698030233 
0.450299799 1.20469892 0.76002878 0.790602624 0.454934597 -0.409825921 0.872392774 0.700511158 
0.300053358 1.27151012 0.722295702 0 0 -1 0.866860271 0.68151933 
0.165875122 1.27151012 0.722295642 0 0 -1 0.86686033 0.66775614 
0.165875152 1.29533029 0.722295702 0 0 -1 0.866860271 0.667756081 
0.300053358 1.29533029 0.722295702 0 0 -1 0.86686033 0.681519389 
0.0261003673 1.27151012 0.722295523 0 0 -1 0.866860271 0.653422236 
0.0261003524 1.29533029 0.722295702 0 0 -1 0.866860211 0.653422177 
0.165875182 1.32154524 0.722295642 0 0 -1 0.86686033 0.66775614 
0.300053358 1.32154524 0.722295582 0 0 -0.999969482 0.866860211 0.68151933 
0.0261003673 1.32154524 0.722295642 0 0 -1 0.866860211 0.653422236 
0.300053358 1.25128245 0.722295702 0 0 -1 0.86686033 0.681519389 
0.165875152 1.25128245 0.722295702 0 0 -1 0.86686033 0.6677562 
0.0261003524 1.25128245 0.722295702 0 0 -1 0.86686039 0.653422177 
0.0261003524 1.34895766 0.722295702 0 0.707083344 -0.707083344 0.866860271 0.653422177 
0.165875152 1.34895766 0.722295642 0 0.707083344 -0.707083344 0.866860271 0.667756081 
0.300053358 1.34895766 0.722295702 0 0.707083344 -0.707083344 0.866860271 0.68151933 
-0.97338593 1.20469892 0.0642895475 0 1 0 0.760401428 0.545091391 
-0.973386049 1.20469904 3.3469405e-09 0 1 0 0.750000119 0.5448879 
-0.993393242 1.20469904 2.9336662e-09 0 1 0 0.75000006 0.543212831 
-0.993393302 1.20469892 0.0649121404 0 1 0 0.76050216 0.543406725 
-0.97338593 1.2046988 -0.064289555 0 1 0 0.739598632 0.545091391 
-0.993393302 1.20469892 -0.0649121329 0 1 0 0.73949784 0.543406725 
-1.0186739 1.2046988 2.88710011e-09 0 1 0 0.75 0.541095197 
-1.01867402 1.2046988 0.0655351505 0 1 0 0.760603011 0.54127562 
-1.0186739 1.2046988 -0.0655351505 0 1 0 0.739397109 0.54127562 
-0.97338599 1.2046988 0.147133991 0 1 0 0.773804784 0.545701921 
-0.97338593 1.2046988 -0.147133991 0 1 0 0.726195157 0.545701981 
-0.993393302 1.20469904 -0.148665249 0 1 0 0.725947559 0.543988228 
-1.0186739 1.20469904 -0.150197223 0 1 0 0.725699663 0.54181689 
-1.05677652 1.20469904 1.6763807e-09 0 1 0 0.750000119 0.537900507 
-1.0186739 1.20469904 0.150197223 0 1 0 0.774300456 0.54181689 
-0.993393302 1.20469904 0.148665264 0 1 0 0.77405268 0.543988228 
-0.978120208 1.20469892 0.5657112 0 1 0 0.841526508 0.549018025 
-0.97481364 1.20469904 0.405116796 0 1 0 0.815543771 0.547858 
-0.992807329 1.20469892 0.410376221 0 1 0 0.816394806 0.546246409 
-0.991562307 1.20469904 0.574203432 0 1 0 0.842900395 0.547814786 
-0.973564506 1.20469904 0.262389392 0 1 0 0.792451978 0.546683967 
-0.993320167 1.20469904 0.265390009 0 1 0 0.792937517 0.544948816 
-1.01548874 1.20469904 0.415636361 0 1 0 0.817245841 0.544197619 
-1.0081538 1.20469892 0.582696021 0 1 0 0.844274461 0.546309173 
-1.01827574 1.20469904 0.26839143 0 1 0 0.793423116 0.542746007 
-0.983588994 1.20469892 0.734873474 -0.763545752 0.510205686 -0.395783722 0.868895233 0.550051212 
-0.996166646 1.20469892 0.760028839 -0.790602624 0.454934597 -0.409825921 0.872965097 0.549001575 
-0.98987782 1.20469892 0.747451127 -0.77780503 0.482079506 -0.403180212 0.870930195 0.549526393 
-0.973564446 1.20469904 -0.262389392 0 1 0 0.707548022 0.546684086 
-0.974813581 1.20469892 -0.405116796 0 1 0 0.684456229 0.547858 
-0.992807269 1.20469892 -0.410376281 0 1 0 0.683605313 0.54624635 
-0.993320107 1.20469904 -0.265390038 0 1 0 0.707062662 0.544948816 
-0.978120089 1.20469904 -0.5657112 0 1 0 0.658473611 0.549018025 
-0.991562247 1.20469904 -0.574203432 0 1 0 0.657099605 0.547814727 
-1.01548851 1.20469904 -0.415636361 0 1 0 0.682754278 0.544197619 
-1.01827574 1.20469904 -0.26839146 0 1 0 0.706577063 0.542745888 
-1.0081538 1.20469904 -0.582695961 0 1 0 0.655725658 0.546309173 
-0.983588815 1.20469892 -0.734873474 -0.762304723 0.518411219 0.387410164 0.631104887 0.550051153 
-0.989877701 1.20469892 -0.747451127 -0.771737933 0.500553668 0.392202526 0.629069924 0.549526393 
-0.996166527 1.20469892 -0.760028839 -0.780603528 0.482952356 0.396688372 0.627035022 0.549001575 
-0.993393302 1.20469904 -0.148665249 0 1 0 0.725947499 0.543988168 
0.0281147957 1.34895766 -0.733234286 0 1 0 0.631104827 0.654105246 
0.169150636 1.34895766 -0.733234346 0 1 0 0.631104827 0.668616354 
0.17242609 1.34895766 -0.74417299 0 0.999969482 0 0.629069924 0.669476748 
0.0301291943 1.34895766 -0.74417299 0 1 0 0.629069924 0.654788256 
0.304786384 1.34895766 -0.733234227 0 0.999969482 0 0.631104827 0.68257463 
0.30951941 1.34895766 -0.74417299 0 1 0 0.629069924 0.683630049 
0.175701514 1.34895766 -0.755111635 0 0.999969482 0 0.627035022 0.670337081 
0.0321435928 1.34895754 -0.755111635 0 1 0 0.627034962 0.655471325 
0.314252377 1.34895766 -0.755111635 0 1 0 0.627034962 0.684685349 
-0.122069314 1.34895766 -0.722295642 0 0.707083344 0.707083344 0.633139849 0.638232291 
0.0261003673 1.34895766 -0.722295582 0 0.707083344 0.707083344 0.633139789 0.653422117 
-0.121021152 1.34895766 -0.733234346 0 1 0 0.631104946 0.638764679 
0.165875182 1.34895766 -0.722295702 0 0.707083344 0.707083344 0.633139849 0.667756021 
0.300053358 1.34895754 -0.722295582 0 0.707083344 0.707083344 0.633139729 0.68151927 
0.43143326 1.34895766 -0.722295702 0.489645213 0.576043487 0.654481709 0.633139789 0.694997251 
0.437722147 1.34895766 -0.733234346 0.72343266 0.551078022 0.415829837 0.631104827 0.696256518 
0.444010973 1.34895766 -0.74417299 0.72343111 0.551053107 0.415852755 0.629069924 0.697515726 
0.450299859 1.34895766 -0.755111635 0.723462582 0.551017046 0.415867269 0.627034962 0.698774993 
0.456588745 1.34895766 -0.766050339 0.930259645 0.323012859 -0.173827082 0.62500006 0.700034261 
0.318985462 1.34895766 -0.766050279 0 0.707296908 -0.706900179 0.62500006 0.685740829 
0.178976968 1.34895766 -0.766050279 0 0.707296908 -0.706900179 0.625000119 0.671197414 
0.0341579914 1.34895766 -0.766050279 0 0.707296908 -0.706900179 0.62500006 0.656154394 
-0.118924879 1.34895754 -0.755111635 0 1 0 0.627034962 0.639829457 
-0.117876731 1.34895766 -0.766050339 0 0.707296908 -0.706900179 0.62500006 0.640361905 
-0.119973026 1.34895766 -0.74417299 0 1 0 0.629069924 0.639297068 
-0.583580554 1.34895766 -0.733234286 0 1 0 0.631104887 0.591203749 
-0.436482608 1.34895754 -0.733234346 0 1 0 0.631104887 0.606327295 
-0.436482608 1.34895766 -0.74417299 0 1 0 0.629069984 0.606640399 
-0.584006429 1.34895766 -0.74417299 0 1 0 0.629069984 0.59142065 
-0.278718442 1.34895766 -0.733234286 0 1 0 0.631104887 0.622548103 
-0.278292596 1.34895766 -0.74417305 0 1 0 0.629069984 0.622961104 
-0.436482608 1.34895766 -0.755111635 0 1 0 0.627034962 0.606953681 
-0.584432185 1.34895766 -0.755111635 0 1 0 0.627034962 0.591637552 
-0.277866811 1.34895766 -0.755111635 0 1 0 0.627034962 0.623374104 
-0.708230913 1.34895766 -0.722295702 0 0.707083344 0.707083344 0.633139849 0.578171253 
-0.583154738 1.34895766 -0.722295642 0 0.707083344 0.707083344 0.633139789 0.590986907 
-0.70927906 1.34895766 -0.733234346 0 1 0 0.631104946 0.578279316 
-0.436482608 1.34895766 -0.722295702 0 0.707083344 0.707083344 0.633139849 0.606014013 
-0.279144228 1.34895754 -0.722295582 0 0.707083344 0.707083344 0.633139789 0.622134984 
-0.277440995 1.34895754 -0.766050279 0 0.707296908 -0.706900179 0.62500006 0.623787224 
-0.436482608 1.34895766 -0.766050339 0 0.707296908 -0.706900179 0.62500006 0.607266903 
-0.584858 1.34895766 -0.766050279 0 0.707296908 -0.706900179 0.62500006 0.591854393 
-0.711375296 1.34895754 -0.755111635 0 1 0 0.627034962 0.578495502 
-0.710327208 1.34895766 -0.74417299 0 1 0 0.629069924 0.578387439 
0.304786325 1.34895766 0.731270492 0 1 0 0.868895233 0.682574749 
0.169150606 1.34895754 0.731270492 0 1 0 0.868895233 0.668616414 
0.17242603 1.34895766 0.740245342 0 1 0 0.870930135 0.669476748 
0.30951941 1.34895754 0.740245461 0 1 0 0.870930195 0.683630049 
0.0281147659 1.34895766 0.731270492 0 1 0 0.868895173 0.654105306 
0.0301291645 1.34895766 0.740245402 0 1 0 0.870930195 0.654788375 
0.175701484 1.34895766 0.749220252 0 1 0 0.872965097 0.6703372 
0.314252377 1.34895766 0.749220312 0 1 0 0.872965097 0.684685469 
0.032143563 1.34895766 0.749220252 0 1 0 0.872965097 0.655471444 
-0.121021211 1.34895766 0.731270552 0 1 0 0.868895233 0.638764799 
-0.119973078 1.34895766 0.740245461 0 1 0 0.870930195 0.639297187 
-0.118924946 1.34895754 0.749220252 0 1 0 0.872965097 0.639829576 
-0.11787679 1.34895766 0.758195162 0 0.707571685 0.706595123 0.875000119 0.640361965 
0.0341579616 1.34895754 0.758195102 0 0.707571685 0.706595123 0.875 0.656154454 
0.178976938 1.34895766 0.758195162 0 0.707571685 0.706595123 0.87500006 0.671197534 
0.318985462 1.34895754 0.758195102 0 0.707571685 0.706595123 0.87500006 0.685740829 
-0.278718501 1.34895766 0.731270492 0 1 0 0.868895233 0.622548163 
-0.436482698 1.34895754 0.731270492 0 1 0 0.868895292 0.606327355 
-0.436482698 1.34895766 0.740245402 0 0.999969482 0 0.870930135 0.606640458 
-0.278292656 1.34895766 0.740245461 0 1 0 0.870930195 0.622961223 
-0.583580673 1.34895766 0.731270492 0 1 0 0.868895173 0.591203868 
-0.584006488 1.34895766 0.740245402 0 1 0 0.870930135 0.591420829 
-0.436482728 1.34895766 0.749220252 0 1 0 0.872965097 0.60695374 
-0.2778669 1.34895766 0.749220312 0 1 0 0.872965097 0.623374224 
-0.584432304 1.34895766 0.749220252 0 1 0 0.872965097 0.591637611 
-0.70927918 1.34895766 0.731270552 0 1 0 0.868895233 0.578279376 
-0.710327327 1.34895766 0.740245461 0 1 0 0.870930195 0.578387499 
-0.711375415 1.34895754 0.749220252 0 1 0 0.872965097 0.578495562 
-0.712423623 1.34895766 0.758195162 0 0.707571685 0.706595123 0.875000119 0.578603745 
-0.58485806 1.34895754 0.758195102 0 0.707571685 0.706595123 0.87500006 0.591854453 
-0.436482728 1.34895766 0.758195162 0 0.707571685 0.706595123 0.87500006 0.607266963 
-0.277441055 1.34895766 0.758195102 0 0.707571685 0.706595123 0.87500006 0.623787284 
-0.935094237 1.34895766 -0.733234346 0 1 0 0.631104887 0.555045366 
-0.878566623 1.34895754 -0.733234346 0 1 0 0.631104887 0.560864687 
-0.881842077 1.34895766 -0.74417299 0 1 0 0.629069924 0.560684741 
-0.939827323 1.34895754 -0.74417299 0 1 0 0.629069865 0.55469656 
-0.805972576 1.34895766 -0.733234286 0 1 0 0.631104887 0.568334222 
-0.807986975 1.34895766 -0.74417305 0 1 0 0.629069924 0.568309069 
-0.885117471 1.34895766 -0.755111635 0 1 0 0.627034962 0.560504854 
-0.944560349 1.34895766 -0.755111635 0 1 0 0.627034962 0.554347754 
-0.810001373 1.34895766 -0.755111635 0 1 0 0.627034962 0.568283796 
-0.977299988 1.34895766 -0.722295702 -0.489645213 0.576043487 0.654481709 0.633139789 0.550575972 
-0.930361211 1.34895754 -0.722295642 0 0.707083344 0.707083344 0.633139729 0.555394173 
-0.983588874 1.34895766 -0.733234406 -0.72343266 0.551078022 0.415829837 0.631104887 0.550051212 
-0.875291169 1.34895766 -0.722295702 0 0.707083344 0.707083344 0.633139789 0.561044574 
-0.803958178 1.34895754 -0.722295642 0 0.707083344 0.707083344 0.633139789 0.568359494 
-0.812015772 1.34895766 -0.766050279 0 0.707296908 -0.706900179 0.625 0.568258464 
-0.996166527 1.34895766 -0.755111635 -0.723456502 0.550988615 0.415863782 0.627034962 0.549001515 
-0.989877701 1.34895766 -0.74417305 -0.723464012 0.551041901 0.415844321 0.629069924 0.549526334 
-0.805972695 1.34895766 0.731270492 0 1 0 0.868895173 0.568334341 
-0.878566742 1.34895766 0.731270492 0 1 0 0.868895233 0.560864747 
-0.881842196 1.34895766 0.740245402 0 1 0 0.870930195 0.5606848 
-0.807987094 1.34895766 0.740245402 0 1 0 0.870930195 0.568309069 
-0.935094357 1.34895766 0.731270492 0 1 0 0.868895173 0.555045366 
-0.939827442 1.34895766 0.740245402 0 1 0 0.870930195 0.55469662 
-0.88511765 1.34895766 0.749220312 0 1 0 0.872965097 0.560504854 
-0.810001493 1.34895754 0.749220312 0 1 0 0.872965097 0.568283796 
-0.944560409 1.34895766 0.749220312 0 1 0 0.872965097 0.554347754 
-0.949293494 1.34895766 0.758195102 0 0.707571685 0.706595123 0.87500006 0.553998947 
-0.888393044 1.34895766 0.758195102 0 0.707571685 0.706595123 0.875 0.560324907 
-0.812015891 1.34895766 0.758195102 0 0.707571685 0.706595123 0.875000119 0.568258584 
-0.930361271 1.26532722 -0.722295702 0 0 1 0.633139849 0.555394173 
-0.875291169 1.26532733 -0.722295642 0 0 1 0.633139849 0.561044633 
-0.875291169 1.29067993 -0.722295702 0 0 1 0.633139849 0.561044574 
-0.930361271 1.29067993 -0.722295702 0 0 1 0.633139789 0.555394292 
-0.803958178 1.26532722 -0.722295523 0 0 1 0.633139789 0.568359494 
-0.803958178 1.29067993 -0.722295702 0 0 1 0.633139789 0.568359494 
-0.875291169 1.31906152 -0.722295642 0 0 1 0.633139789 0.561044633 
-0.930361211 1.31906152 -0.722295642 0 0 1 0.633139789 0.555394173 
-0.803958178 1.31906152 -0.722295642 0 0 1 0.633139789 0.568359494 
-0.977299929 1.24451828 -0.722295702 -0.606643558 -0.00202543428 0.794931054 0.633139789 0.550576031 
-0.930361271 1.24451828 -0.722295702 0 0 1 0.633139849 0.555394173 
-0.977299988 1.26532733 -0.722295702 -0.602492452 -0.000911210605 0.798090279 0.633139789 0.550576031 
-0.875291169 1.24451828 -0.722295702 0 0 1 0.633139849 0.561044633 
-0.803958237 1.2445184 -0.722295702 0 0 1 0.633139849 0.568359494 
-0.708230853 1.24451828 -0.722295702 0 0 1 0.633139849 0.578171194 
-0.708230853 1.26532733 -0.722295642 0 0 1 0.633139849 0.578171253 
-0.708230853 1.29067993 -0.722295702 0 0 1 0.633139908 0.578171194 
-0.708230853 1.31906152 -0.722295642 0 0 1 0.633139849 0.578171253 
-0.977299929 1.31906152 -0.722295702 -0.599261999 -7.825988e-05 0.800520301 0.633139789 0.550575972 
-0.977299929 1.29067993 -0.722295702 -0.600215912 -0.000364999665 0.799818516 0.633139789 0.550575972 
0.318985403 1.26532722 -0.766511261 0 0.0215460677 -0.999755859 0.62500006 0.685740709 
0.178976968 1.26532733 -0.766511261 0 0.0215460677 -0.999755859 0.62500006 0.671197474 
0.178976968 1.29067981 -0.766186893 0 0.00848414656 -0.999938965 0.625 0.671197414 
0.318985462 1.29067993 -0.766186893 0 0.00848414656 -0.999938965 0.62500006 0.685740829 
0.0341580212 1.26532722 -0.766511321 0 0.0215460677 -0.999755859 0.625 0.656154454 
0.0341579914 1.29067981 -0.766186893 0 0.00848414656 -0.999938965 0.62500006 0.656154394 
0.178976968 1.31906152 -0.766067445 0 0.0023804435 -0.999969423 0.62500006 0.671197414 
0.318985462 1.31906152 -0.766067386 0 0.0023804435 -0.999969423 0.62500006 0.685740829 
0.0341579914 1.31906152 -0.766067386 0 0.0023804435 -0.999969423 0.62500006 0.656154454 
0.456588745 1.24451828 -0.767143071 0.983273625 0.0119193401 -0.181557968 0.62500006 0.70003432 
0.318985462 1.24451828 -0.76714313 0 0.0480971746 -0.998840332 0.62500006 0.685740829 
0.456588686 1.26532733 -0.766511321 0.983137131 0.00540994294 -0.182705626 0.62500006 0.700034261 
0.178976998 1.24451828 -0.767143011 0 0.0480971746 -0.998840332 0.625000119 0.671197534 
0.0341579914 1.24451828 -0.767142951 0 0.0480971746 -0.998840332 0.62500006 0.656154394 
-0.117876716 1.24451852 -0.76714313 0 0.0480971746 -0.998840332 0.62500006 0.640361905 
-0.117876731 1.26532722 -0.766511381 0 0.0215460677 -0.999755859 0.62500006 0.640361905 
-0.117876716 1.29067993 -0.766186893 0 0.00848414656 -0.999938965 0.62500006 0.640361965 
-0.117876731 1.31906152 -0.766067445 0 0.0023804435 -0.999969423 0.62500006 0.640361905 
0.456588686 1.31906152 -0.766067386 0.983016312 0.000592390716 -0.183384955 0.62500006 0.700034261 
0.456588686 1.29067993 -0.766186893 0.983060062 0.0021450913 -0.18306911 0.625000119 0.700034261 
-0.996166527 1.26532733 -0.755457342 -0.869505525 -0.0079721408 0.493830949 0.627034962 0.549001575 
-0.989877641 1.26532722 -0.744403541 -0.869523883 -0.00530124083 0.493838668 0.629069865 0.549526334 
-0.989877582 1.29067993 -0.744241357 -0.867816925 -0.00209364761 0.496798426 0.629069924 0.549526393 
-0.996166527 1.29067993 -0.755214155 -0.867820084 -0.00316061382 0.496800214 0.627035022 0.549001575 
-0.983588755 1.26532722 -0.733349621 -0.869511902 -0.00265058363 0.493831843 0.631104887 0.550051153 
-0.983588874 1.29067993 -0.733268499 -0.867842376 -0.00104680599 0.496789932 0.631104946 0.550051212 
-0.989877701 1.31906152 -0.744181573 -0.867125332 -0.000584424881 0.498050898 0.629069984 0.549526334 
-0.996166527 1.31906152 -0.755124509 -0.867125571 -0.000886713911 0.498051077 0.627035022 0.549001515 
-0.983588815 1.31906152 -0.733238637 -0.867125213 -0.000282136112 0.498050839 0.631104827 0.550051153 
-0.996166527 1.2445184 -0.755931199 -0.872433901 -0.0175726265 0.4883551 0.627035022 0.549001575 
-0.989877641 1.24451828 -0.744719386 -0.872500122 -0.0117138261 0.488402605 0.629069865 0.549526334 
-0.983588815 1.24451828 -0.733507574 -0.87255621 -0.00585648464 0.488426834 0.631104827 0.550051212 
-0.277440995 1.26532722 -0.766511321 0 0.0215460677 -0.999755859 0.62500006 0.623787165 
-0.436482608 1.26532733 -0.766511261 0 0.0215460677 -0.999755859 0.62500006 0.607266843 
-0.436482608 1.29067993 -0.766186893 0 0.00848414656 -0.999938965 0.625 0.607266843 
-0.277440995 1.29067993 -0.766186893 0 0.00848414656 -0.999938965 0.62500006 0.623787224 
-0.584858 1.26532722 -0.766511381 0 0.0215460677 -0.999755859 0.625 0.591854393 
-0.584858 1.29067993 -0.766186953 0 0.00848414656 -0.999938965 0.625 0.591854453 
-0.436482608 1.31906152 -0.766067386 0 0.0023804435 -0.999969423 0.62500006 0.607266843 
-0.277440995 1.31906152 -0.766067386 0 0.0023804435 -0.999969423 0.62500006 0.623787224 
-0.584858 1.31906152 -0.766067386 0 0.0023804435 -0.999969423 0.625 0.591854393 
-0.277440995 1.24451828 -0.767143071 0 0.0480971746 -0.998840332 0.62499994 0.623787224 
-0.436482608 1.24451828 -0.767143011 0 0.0480971746 -0.998840332 0.62500006 0.607266843 
-0.584858 1.24451828 -0.767143071 0 0.0480971746 -0.998840332 0.62500006 0.591854453 
-0.584858119 1.27151012 0.759208381 0 0.0491958372 0.998779237 0.625000119 0.158053607 
-0.436482728 1.27151012 0.759208441 0 0.0491958372 0.998779237 0.62500006 0.141997486 
-0.436482728 1.29533029 0.75849539 0 0.0199591052 0.999786317 0.62500006 0.142479688 
-0.58485806 1.29533029 0.758495331 0 0.0199591052 0.999786317 0.62500006 0.158113882 
-0.277441055 1.27151012 0.7592085 0 0.0491958372 0.998779237 0.62500006 0.123928726 
-0.277441055 1.29533029 0.758495331 0 0.0199591052 0.999786317 0.62500006 0.125484064 
-0.436482728 1.32154524 0.758232713 0 0.00567644229 0.999969423 0.62500006 0.142701462 
-0.584858119 1.32154524 0.758232653 0 0.00567644229 0.999969423 0.625 0.158141598 
-0.277441055 1.32154524 0.758232653 0 0.00567644229 0.999969423 0.625 0.126121685 
-0.712423623 1.25128245 0.760596991 0 0.103518784 0.99459821 0.62500006 0.17139636 
-0.58485806 1.25128245 0.76059705 0 0.103518784 0.99459821 0.62500006 0.158011883 
-0.712423682 1.27151012 0.759208381 0 0.0491958372 0.998779237 0.625000119 0.171396375 
-0.436482698 1.25128245 0.760596991 0 0.103518784 0.99459821 0.62500006 0.141663775 
-0.277441055 1.25128245 0.76059705 0 0.103518784 0.99459821 0.62500006 0.122409612 
-0.11787679 1.25128245 0.76059705 0 0.103518784 0.99459821 0.62500006 0.0974718705 
-0.117876783 1.27151012 0.759208441 0 0.0491958372 0.998779237 0.62500006 0.105991095 
-0.117876783 1.29533029 0.75849539 0 0.0199591052 0.999786317 0.62500006 0.10862425 
-0.117876783 1.32154524 0.758232713 0 0.00567644229 0.999969423 0.62500006 0.109511361 
-0.11787679 1.34895766 0.758195162 0 0.707571685 0.706595123 0.62500006 0.109638102 
-0.277441055 1.34895766 0.758195102 0 0.707571685 0.706595123 0.62500006 0.126212761 
-0.436482728 1.34895766 0.758195162 0 0.707571685 0.706595123 0.62500006 0.142733157 
-0.58485806 1.34895754 0.758195102 0 0.707571685 0.706595123 0.62500006 0.158145577 
-0.712423623 1.32154524 0.758232713 0 0.00567644229 0.999969423 0.62500006 0.17139639 
-0.712423623 1.34895766 0.758195162 0 0.707571685 0.706595123 0.62500006 0.17139639 
-0.712423623 1.29533029 0.75849539 0 0.0199591052 0.999786317 0.62500006 0.171396375 
0.0261003971 1.26532722 -0.722295702 0 0 1 0.633139908 0.651768863 
0.165875152 1.26532733 -0.722295642 0 0 1 0.633139729 0.667227626 
0.165875182 1.29067993 -0.722295702 0 0 1 0.633139849 0.667569399 
0.0261003971 1.29067993 -0.722295702 0 0 1 0.633139789 0.652885854 
0.300053358 1.26532733 -0.722295582 0 0 1 0.633139729 0.681453228 
0.300053358 1.29067993 -0.722295642 0 0 1 0.633139789 0.681495965 
0.165875211 1.31906152 -0.722295642 0 0 1 0.633139789 0.667732656 
0.0261003673 1.31906152 -0.722295642 0 0 1 0.633139729 0.653355062 
0.300053358 1.31906152 -0.722295582 0 0 1 0.633139729 0.681516349 
-0.122069292 1.24451828 -0.722295702 0 0 1 0.633139908 0.629278719 
0.0261003971 1.24451828 -0.722295702 0 0 1 0.633139849 0.650923014 
-0.122069292 1.26532722 -0.722295702 0 0 1 0.633139908 0.63555479 
0.165875182 1.24451828 -0.722295702 0 0 1 0.633139849 0.66707325 
0.300053358 1.2445184 -0.722295642 0 0 1 0.633139789 0.681433916 
0.431433201 1.24451828 -0.722295642 0.606643558 -0.00202543428 0.794931054 0.633139789 0.694997251 
0.43143326 1.26532733 -0.722295702 0.602492452 -0.000911210605 0.798090279 0.633139729 0.694997251 
0.431433201 1.29067993 -0.722295642 0.600215912 -0.000338928279 0.799818575 0.633139789 0.694997251 
0.431433201 1.31906152 -0.722295702 0.599261999 -7.825988e-05 0.800520301 0.633139789 0.694997191 
-0.122069299 1.31906152 -0.722295642 0 0 1 0.633139849 0.638139009 
-0.122069314 1.29067993 -0.722295702 0 0 1 0.633139849 0.637486041 
0.437722087 1.26532722 -0.733349502 0.869511902 -0.00265058363 0.493831843 0.631104827 0.696256518 
0.444010973 1.26532733 -0.744403481 0.869523883 -0.00530124083 0.493838668 0.629069865 0.697515726 
0.444010973 1.29067993 -0.744241238 0.867844164 -0.00209361617 0.496790946 0.629069924 0.697515726 
0.437722087 1.29067993 -0.73326844 0.867853642 -0.0010468195 0.496816516 0.631104887 0.696256518 
0.450299799 1.26532722 -0.755457342 0.869505525 -0.0079721408 0.493830949 0.627034962 0.698774993 
0.45029974 1.29067993 -0.755214095 0.867820084 -0.00316061382 0.496800214 0.627034962 0.698774993 
0.444010973 1.31906152 -0.744181514 0.867125332 -0.000584424881 0.498050898 0.629069924 0.697515726 
0.437722027 1.31906152 -0.733238518 0.867125213 -0.000282136112 0.498050839 0.631104887 0.696256518 
0.45029974 1.31906152 -0.75512445 0.867125571 -0.000886713911 0.498051077 0.627034962 0.698774993 
0.437722027 1.24451828 -0.733507395 0.87255621 -0.00585648464 0.488426834 0.631104827 0.696256459 
0.444010973 1.24451828 -0.744719386 0.872527361 -0.0117136547 0.488395482 0.629069924 0.697515845 
0.450299859 1.2445184 -0.755931258 0.872433901 -0.0175726265 0.4883551 0.627035022 0.698774993 
-0.949293435 1.27151012 0.759208381 0 0.0491958372 0.998779237 0.62500006 0.196001127 
-0.888393164 1.27151012 0.759208441 0 0.0491958372 0.998779237 0.62500006 0.189675122 
-0.888393044 1.29533029 0.75849539 0 0.0199591052 0.999786317 0.625 0.189675108 
-0.949293494 1.29533017 0.75849539 0 0.0199591052 0.999786317 0.62500006 0.196001112 
-0.812015891 1.27151012 0.759208381 0 0.0491958372 0.998779237 0.625 0.181741476 
-0.812015891 1.29533029 0.75849539 0 0.0199591052 0.999786317 0.62500006 0.181741491 
-0.888393044 1.32154512 0.758232713 0 0.00567644229 0.999969423 0.62500006 0.189675122 
-0.949293494 1.32154512 0.758232713 0 0.00567644229 0.999969423 0.62500006 0.196001112 
-0.812015891 1.32154524 0.758232653 0 0.00567644229 0.999969423 0.62500006 0.181741461 
-1.00245559 1.25128245 0.76059711 -0.987739503 0.0237727668 0.154159442 0.62500006 0.201523304 
-0.949293494 1.25128245 0.760596991 0 0.103518784 0.99459821 0.62500006 0.196001127 
-1.00245559 1.27151012 0.7592085 -0.987715781 0.0116346916 0.155787885 0.62500006 0.201523304 
-0.888393104 1.25128245 0.76059705 0 0.103518784 0.99459821 0.625000119 0.189675122 
-0.812015891 1.25128245 0.76059705 0 0.103518784 0.99459821 0.62500006 0.181741461 
-0.812015891 1.34895766 0.758195102 0 0.707571685 0.706595123 0.625 0.181741476 
-0.888393044 1.34895766 0.758195102 0 0.707571685 0.706595123 0.62500006 0.189675108 
-0.949293494 1.34895766 0.758195102 0 0.707571685 0.706595123 0.62500006 0.196001112 
-1.00245559 1.32154512 0.758232653 -0.987576425 0.00137580698 0.157063395 0.62500006 0.201523304 
-1.00245559 1.34895766 0.758195162 -0.936199665 0.318009228 0.149536878 0.62500006 0.201523319 
-1.00245559 1.29533029 0.75849545 -0.987662673 0.00479033496 0.1563894 0.625000119 0.201523304 
-0.583154738 1.26532722 -0.722295523 0 0 1 0.633139789 0.590914011 
-0.436482608 1.26532722 -0.722295702 0 0 1 0.633139849 0.60543108 
-0.436482608 1.29067993 -0.722295702 0 0 1 0.633139908 0.605827451 
-0.583154738 1.29067993 -0.722295702 0 0 1 0.633139849 0.590963542 
-0.279144228 1.26532722 -0.722295702 0 0 1 0.633139908 0.620365858 
-0.279144228 1.29067993 -0.722295702 0 0 1 0.633139789 0.621598721 
-0.436482608 1.31906152 -0.722295642 0 0 1 0.633139908 0.605990648 
-0.583154738 1.31906152 -0.722295642 0 0 1 0.633139849 0.590983927 
-0.279144228 1.31906152 -0.722295642 0 0 1 0.633139849 0.622067988 
-0.583154798 1.2445184 -0.722295702 0 0 1 0.633139849 0.590846956 
-0.436482579 1.24451828 -0.722295761 0 0 1 0.633139849 0.604894876 
-0.279144228 1.24451828 -0.722295702 0 0 1 0.633139849 0.618357718 
0.0341579467 1.27151012 0.759208381 0 0.0491958372 0.998779237 0.62500006 0.0914416015 
0.178976968 1.27151012 0.759208441 0 0.0491958372 0.998779237 0.625000119 0.0780104771 
0.178976938 1.29533029 0.75849545 0 0.0199591052 0.999786317 0.62500006 0.0785490796 
0.0341579616 1.29533029 0.758495331 0 0.0199591052 0.999786317 0.62500006 0.0931168497 
0.318985462 1.27151012 0.759208441 0 0.0491958372 0.998779237 0.625 0.0641602129 
0.318985462 1.29533029 0.758495331 0 0.0199591052 0.999786317 0.62500006 0.0642275363 
0.178976968 1.32154524 0.758232713 0 0.00567644229 0.999969423 0.62500006 0.078770861 
0.0341579616 1.32154524 0.758232653 0 0.00567644229 0.999969423 0.625 0.0937544703 
0.318985462 1.32154512 0.758232653 0 0.00567644229 0.999969423 0.62500006 0.0642552674 
0.0341579467 1.25128245 0.760596991 0 0.103518784 0.99459821 0.62500006 0.0887129307 
0.178976938 1.25128245 0.76059705 0 0.103518784 0.99459821 0.62500006 0.0772817656 
0.318985462 1.25128245 0.76059705 0 0.103518784 0.99459821 0.625 0.0640691221 
0.456588745 1.25128245 0.76059711 0.987739503 0.0237727668 0.154159442 0.625 0.0499657504 
0.456588686 1.27151012 0.7592085 0.987715781 0.0116346916 0.155787885 0.625 0.0499657504 
0.456588745 1.29533029 0.75849545 0.987662673 0.00479033496 0.1563894 0.62500006 0.0499657542 
0.456588686 1.32154512 0.758232653 0.987576425 0.00137580698 0.157063395 0.625000119 0.0499657467 
0.456588745 1.34895766 0.758195162 0.936199665 0.318009228 0.149536878 0.62500006 0.0499657542 
0.318985462 1.34895754 0.758195102 0 0.707571685 0.706595123 0.625000119 0.0642592236 
0.178976938 1.34895766 0.758195162 0 0.707571685 0.706595123 0.62500006 0.0788025483 
0.0341579616 1.34895754 0.758195102 0 0.707571685 0.706595123 0.62500006 0.0938455462 
-1.46374834 0.792141557 0.534478903 -0.99189657 -0.0911779925 0.088225171 0.51194036 0.279027343 
-1.47387266 0.788161635 0.384256244 -0.994071066 -0.0844980627 0.0682723299 0.5119403 0.306087166 
-1.46440375 0.683220625 0.371950567 -0.990017891 -0.119684227 0.0741979331 0.469985038 0.305966824 
-1.45481265 0.692315459 0.512089193 -0.986173928 -0.13548702 0.0951504558 0.469985127 0.278936774 
-1.48254073 0.784779191 0.249571323 -0.994606018 -0.0810648277 0.0644921884 0.51194042 0.330268085 
-1.47271383 0.676015675 0.243424207 -0.991227031 -0.113047846 0.0682325587 0.469985098 0.330119878 
-1.45199728 0.586252153 0.356718957 -0.98069495 -0.174903154 0.0871696547 0.423599988 0.305827647 
-1.44352639 0.60315752 0.478896052 -0.974005282 -0.197452992 0.110683165 0.423599988 0.278859168 
-1.45959234 0.573719621 0.237201929 -0.983462751 -0.16463542 0.0752733275 0.423599988 0.329948336 
-1.48918879 0.782240987 0.14049606 -0.995183349 -0.0790086016 0.0576662198 0.51194036 0.349813849 
-1.47913384 0.67092222 0.137489244 -0.992070496 -0.110313348 0.0600914173 0.469985038 0.349676371 
-1.46557367 0.565425694 0.134673193 -0.984781086 -0.16128853 0.0643114522 0.423599988 0.349517316 
-1.44812882 0.476590574 0.132676825 -0.964001834 -0.255153269 0.0744007975 0.37500003 0.349347442 
-1.44286847 0.488477737 0.232703358 -0.961087883 -0.260950774 0.090411745 0.37500003 0.329765201 
-1.43638623 0.507065833 0.34524259 -0.955151737 -0.273608506 0.113130383 0.37500003 0.305678993 
-1.42974997 0.533264101 0.451683581 -0.941948295 -0.300179362 0.150301486 0.37500003 0.278776288 
-1.46924555 0.560548007 -0.0592463985 -0.986163318 -0.160418242 -0.0414182283 0.423599958 0.38622421 
-1.47046959 0.558922112 3.69618641e-10 -0.987056375 -0.160296887 -0 0.423599988 0.37500003 
-1.48436677 0.666857958 -2.32830647e-11 -0.994031072 -0.108900242 -0 0.469985068 0.37500003 
-1.48305845 0.667874038 -0.0603883453 -0.993233621 -0.109212734 -0.0389878713 0.469985098 0.386129707 
-1.46924555 0.560548007 0.0592463985 -0.986163318 -0.160418242 0.0414182283 0.423599988 0.363775909 
-1.48305845 0.667874038 0.0603883453 -0.993233621 -0.109212734 0.0389878713 0.469985098 0.363870323 
-1.49459875 0.780185997 -8.3819035e-10 -0.996968627 -0.0775355101 -0 0.51194036 0.37500006 
-1.49324608 0.78069973 -0.0616082735 -0.996228516 -0.0779041275 -0.037617404 0.51194036 0.386048079 
-1.4932462 0.78069973 0.0616082735 -0.996228516 -0.0779041275 0.037617404 0.51194036 0.363952041 
-1.45137966 0.469666779 -0.0584377646 -0.966354609 -0.252646655 -0.0476395525 0.375 0.386325002 
-1.45246315 0.467358828 -1.86264518e-10 -0.967698216 -0.251989126 -0 0.37500003 0.37500006 
-1.45137942 0.469666779 0.0584377609 -0.966354609 -0.252646655 0.0476395525 0.375 0.363675058 
-0.583154738 1.2108674 -0.722295523 0 0 1 0.633139729 0.591034472 
-0.436482608 1.2108674 -0.722295702 0 0 1 0.633139908 0.60639447 
-0.436482608 1.21855056 -0.722295702 0 0 1 0.633139908 0.60639441 
-0.583154738 1.21855044 -0.722295642 0 0 1 0.633139849 0.591034412 
-0.279144228 1.2108674 -0.722295702 0 0 1 0.633139908 0.623418927 
-0.279144228 1.21855056 -0.722295702 0 0 1 0.633139849 0.623418927 
-0.436482608 1.22926259 -0.722295702 0 0 1 0.633139908 0.60639447 
-0.583154738 1.22926259 -0.722295523 0 0 1 0.633139908 0.591034472 
-0.279144228 1.22926259 -0.722295702 0 0 1 0.633139908 0.623418868 
-0.708230972 1.2108674 -0.722295642 0 0 1 0.633139849 0.578171313 
-0.122069307 1.2108674 -0.722295702 0 0 1 0.633139849 0.641275704 
-0.122069307 1.21855056 -0.722295702 0 0 1 0.633139849 0.641275704 
-0.122069307 1.22926259 -0.722295702 0 0 1 0.633139849 0.641275704 
-0.122069292 1.24451828 -0.722295702 0 0 1 0.633139849 0.641275644 
-0.279144228 1.24451828 -0.722295702 0 0 1 0.633139849 0.623418927 
-0.436482579 1.24451828 -0.722295761 0 0 1 0.633139849 0.60639447 
-0.583154798 1.2445184 -0.722295702 0 0 1 0.633139849 0.591034412 
-0.708230972 1.22926259 -0.722295702 0 0 1 0.633139908 0.578171253 
-0.708230853 1.21855044 -0.722295702 0 0 1 0.633139908 0.578171194 
0.437722147 1.2108674 -0.734467924 0.888174295 -0.0262684599 0.458693743 0.631104887 0.696256518 
0.444010973 1.2108674 -0.746640086 0.887248755 -0.052499 0.458233476 0.629069805 0.697515786 
0.444010913 1.21855068 -0.745880306 0.881927609 -0.0374085419 0.469882011 0.629069865 0.697515666 
0.437722087 1.21855056 -0.734088004 0.882383049 -0.0187200811 0.47012791 0.631104946 0.696256518 
0.450299799 1.2108674 -0.758812368 0.885723114 -0.0786104351 0.457448065 0.627034962 0.698774993 
0.450299859 1.21855056 -0.757672727 0.881152689 -0.0560729951 0.469470829 0.627035022 0.698775053 
0.444010973 1.22926283 -0.745222986 0.876822591 -0.0225381311 0.480250806 0.629069924 0.697515786 
0.437722087 1.22926259 -0.733759344 0.876992643 -0.0112760738 0.480344832 0.631104827 0.696256399 
0.45029974 1.22926259 -0.756686628 0.876532912 -0.0337922685 0.480104506 0.627034903 0.698774934 
0.431433201 1.2108674 -0.722295642 0.62908572 -0.00934083015 0.777233839 0.633139789 0.694997251 
0.456588745 1.2108674 -0.77098459 0.982343853 0.0543590114 -0.17894043 0.62500006 0.70003432 
0.456588745 1.21855056 -0.769465029 0.98326993 0.0378562286 -0.178097069 0.62500006 0.70003432 
0.456588686 1.22926259 -0.76815033 0.983361125 0.0228420794 -0.180097327 0.62500006 0.700034261 
0.437722027 1.24451828 -0.733507395 0.87255621 -0.00585648464 0.488426834 0.631104946 0.696256518 
0.43143326 1.22926259 -0.722295702 0.612814903 -0.0039316169 0.790203214 0.633139729 0.694997251 
0.431433201 1.21855056 -0.722295642 0.62056011 -0.00658856099 0.78411597 0.633139789 0.694997251 
0.0261003673 1.2108674 -0.722295702 0 0 1 0.633139849 0.654608428 
0.165875182 1.2108674 -0.722295702 0 0 1 0.633139849 0.668105185 
0.165875182 1.21855068 -0.722295702 0 0 1 0.633139849 0.667886436 
0.0261003971 1.21855056 -0.722295702 0 0 1 0.633139849 0.653925002 
0.300053358 1.2108674 -0.722295702 0 0 1 0.633139849 0.68156296 
0.300053358 1.21855056 -0.722295642 0 0 1 0.633139789 0.681535661 
0.165875152 1.22926283 -0.722295642 0 0 1 0.633139729 0.667409956 
0.0261003971 1.22926259 -0.722295702 0 0 1 0.633139908 0.652318716 
0.300053358 1.22926259 -0.722295582 0 0 1 0.633139729 0.681475997 
-0.122069307 1.2108674 -0.722295702 0 0 1 0.633139849 0.641088247 
-0.122069307 1.22926259 -0.722295702 0 0 1 0.633139849 0.636214435 
-0.122069307 1.21855056 -0.722295702 0 0 1 0.633139849 0.639776051 
-0.277440995 1.2108674 -0.77098459 0 0.224249989 -0.974516988 0.625 0.623787224 
-0.436482608 1.2108674 -0.77098465 0 0.224249989 -0.974516988 0.62500006 0.607266903 
-0.436482608 1.21855044 -0.76946491 0 0.158024848 -0.9874264 0.62500006 0.607266784 
-0.277440995 1.21855044 -0.76946497 0 0.158024848 -0.9874264 0.625000119 0.623787165 
-0.584858 1.2108674 -0.77098459 0 0.224249989 -0.974516988 0.625 0.591854453 
-0.584858 1.21855044 -0.769465089 0 0.158024848 -0.9874264 0.625000119 0.591854453 
-0.436482608 1.22926259 -0.76815027 0 0.0938749313 -0.995574892 0.62500006 0.607266843 
-0.277440995 1.22926259 -0.768150389 0 0.0938749313 -0.995574892 0.62500006 0.623787284 
-0.584857941 1.22926259 -0.76815033 0 0.0938749313 -0.995574892 0.625 0.591854453 
-0.117876731 1.2108674 -0.77098459 0 0.224249989 -0.974516988 0.625 0.640361905 
-0.712423444 1.2108674 -0.77098459 0 0.224249989 -0.974516988 0.625 0.578603625 
-0.712423444 1.21855056 -0.769465029 0 0.157994315 -0.987426341 0.625000119 0.578603685 
-0.712423444 1.22926259 -0.76815033 0 0.0938749313 -0.995574892 0.62500006 0.578603625 
-0.117876731 1.22926259 -0.76815033 0 0.0938749313 -0.995574892 0.62500006 0.640361845 
-0.117876723 1.21855056 -0.769465029 0 0.157994315 -0.987426341 0.625000119 0.640361965 
-0.996166468 1.2108674 -0.758812368 -0.885723114 -0.0786104351 0.457448065 0.627034962 0.549001515 
-0.989877641 1.2108674 -0.746640027 -0.887248755 -0.052499 0.458233476 0.629069865 0.549526334 
-0.989877641 1.21855056 -0.745880365 -0.881927609 -0.0374085419 0.469882011 0.629069865 0.549526393 
-0.996166527 1.21855056 -0.757672727 -0.881152689 -0.0560729951 0.469470829 0.627035022 0.549001575 
-0.983588755 1.2108674 -0.734467924 -0.888174295 -0.0262684599 0.458693743 0.631104887 0.550051153 
-0.983588755 1.21855056 -0.734088004 -0.882383049 -0.0187200811 0.47012791 0.631104887 0.550051212 
-0.989877641 1.22926259 -0.745222986 -0.876822591 -0.0225381311 0.480250806 0.629069865 0.549526393 
-0.996166468 1.22926259 -0.756686628 -0.876533747 -0.0338121653 0.480104953 0.627034962 0.549001575 
-0.983588815 1.22926259 -0.733759344 -0.876992643 -0.0112760738 0.480344832 0.631104827 0.550051153 
-1.00245547 1.2108674 -0.77098459 -0.982346058 0.0543751754 -0.178940833 0.62500006 0.548476756 
-0.977299988 1.2108674 -0.722295702 -0.62908572 -0.00934083015 0.777233839 0.633139789 0.550575972 
-0.977299988 1.21855056 -0.722295761 -0.62056011 -0.00658856099 0.78411597 0.633139789 0.550576031 
-0.977299929 1.22926259 -0.722295702 -0.612814903 -0.0039316169 0.790203214 0.633139789 0.550576031 
-1.00245547 1.22926259 -0.76815033 -0.983361125 0.0228420794 -0.180097327 0.62500006 0.548476756 
-1.00245547 1.21855056 -0.769465029 -0.98326993 0.0378562286 -0.178097069 0.62500006 0.548476756 
0.318985462 1.2108674 -0.77098459 0 0.224249989 -0.974516988 0.62500006 0.685740829 
0.178976998 1.2108674 -0.77098459 0 0.224249989 -0.974516988 0.625000119 0.671197474 
0.178976998 1.21855056 -0.769465029 0 0.157994315 -0.987426341 0.62500006 0.671197474 
0.318985462 1.21855056 -0.769465089 0 0.157994315 -0.987426341 0.625000119 0.685740769 
0.0341580212 1.2108674 -0.77098453 0 0.224249989 -0.974516988 0.62500006 0.656154394 
0.0341579914 1.21855044 -0.769465029 0 0.157994315 -0.987426341 0.62500006 0.656154394 
0.178976998 1.22926259 -0.76815033 0 0.0938749313 -0.995574892 0.625000119 0.671197474 
0.318985462 1.22926259 -0.768150389 0 0.0938749313 -0.995574892 0.625 0.685740829 
0.0341580361 1.22926259 -0.76815033 0 0.0938749313 -0.995574892 0.625000119 0.656154454 
0.178976998 1.20469892 -0.772606611 0.00128177658 0.121494107 -0.992583394 0.62500006 0.671197414 
0.178976998 1.24451828 -0.767143011 0 0.0480971746 -0.998840332 0.62500006 0.671197474 
-0.930361271 1.2108674 -0.722295702 0 0 1 0.633139849 0.555394113 
-0.875291169 1.2108674 -0.722295642 0 0 1 0.633139729 0.561044633 
-0.875291169 1.21855056 -0.722295702 0 0 1 0.633139849 0.561044574 
-0.930361271 1.21855056 -0.722295702 0 0 1 0.633139849 0.555394113 
-0.803958118 1.2108674 -0.722295523 0 0 1 0.633139729 0.568359494 
-0.803958178 1.21855044 -0.722295642 0 0 1 0.633139849 0.568359494 
-0.875291169 1.22926259 -0.722295642 0 0 1 0.633139789 0.561044633 
-0.930361271 1.22926259 -0.722295702 0 0 1 0.633139908 0.555394173 
-0.803958237 1.22926259 -0.722295523 0 0 1 0.633139849 0.568359554 
-0.812015772 1.2108674 -0.770984471 0 0.224249989 -0.974516988 0.62500006 0.568258524 
-0.888392925 1.2108674 -0.77098459 0 0.224249989 -0.974516988 0.62500006 0.560324907 
-0.888392925 1.21855068 -0.769465029 0 0.157994315 -0.987426341 0.62500006 0.560324907 
-0.812015772 1.21855044 -0.769465029 0 0.157994315 -0.987426341 0.62500006 0.568258584 
-0.949293375 1.2108674 -0.77098459 0 0.224249989 -0.974516988 0.62500006 0.553998947 
-0.949293435 1.21855056 -0.769465089 0 0.157994315 -0.987426341 0.62500006 0.553998947 
-0.888392985 1.22926283 -0.76815033 0 0.0938749313 -0.995574892 0.625000119 0.560324907 
-0.812015831 1.22926259 -0.76815033 0 0.0938749313 -0.995574892 0.625000119 0.568258584 
-0.949293315 1.22926259 -0.76815033 0 0.0938749313 -0.995574892 0.625 0.553998888 
0.0341579467 1.21335125 0.76904124 0 0.351237565 0.93627739 0.62500006 0.0927212611 
0.178976938 1.21335125 0.769041181 0 0.351237565 0.93627739 0.62500006 0.078469418 
0.178976938 1.22320092 0.765701056 0 0.275704205 0.961211026 0.62500006 0.0784694254 
0.0341579169 1.2232008 0.765701056 0 0.275704205 0.961211026 0.62500006 0.0927212611 
0.318985462 1.21335125 0.76904124 0 0.351237565 0.93627739 0.62500006 0.0642175823 
0.318985462 1.2232008 0.765701115 0 0.275704205 0.961211026 0.62500006 0.0642175823 
0.178976968 1.2354455 0.762811244 0 0.184270754 0.982848585 0.62500006 0.078469418 
0.0341579467 1.2354455 0.762811244 0 0.184270754 0.982848585 0.62500006 0.0927212611 
0.318985462 1.2354455 0.762811303 0 0.184270754 0.982848585 0.625 0.0642175823 
0.0341579616 1.20469892 0.772606552 0.000305185065 0.191106886 0.981566727 0.62500006 0.0927212536 
-0.117876783 1.21335125 0.769041181 0 0.351237565 0.93627739 0.62500006 0.106973097 
0.178976998 1.20469904 0.772606611 0.00103762897 0.18836017 0.982085288 0.62500006 0.078469418 
0.318985462 1.20469892 0.772606611 0.0024414754 0.181340575 0.983395696 0.62500006 0.0642175898 
0.456588626 1.2046988 0.772606492 0.374435246 0.513845325 0.771821618 0.62500006 0.0499657542 
0.456588745 1.21335113 0.76904124 0.983936071 0.0817737356 0.158596322 0.62500006 0.0499657542 
0.456588745 1.22320092 0.765701175 0.986106455 0.0618082844 0.153957099 0.62500006 0.0499657542 
0.456588686 1.2354455 0.762811363 0.987267137 0.0413880497 0.153491899 0.625 0.0499657467 
0.318985462 1.25128245 0.76059705 0 0.103518784 0.99459821 0.625 0.0642175823 
0.178976938 1.25128245 0.76059705 0 0.103518784 0.99459821 0.62500006 0.078469418 
0.0341579467 1.25128245 0.760596991 0 0.103518784 0.99459821 0.62500006 0.0927212536 
-0.11787679 1.2354455 0.762811244 0 0.184270754 0.982848585 0.62500006 0.106973097 
-0.11787679 1.25128245 0.76059705 0 0.103518784 0.99459821 0.62500006 0.106973097 
-0.11787679 1.2232008 0.765701056 0 0.275704205 0.961211026 0.62500006 0.106973097 
-0.949293494 1.21335125 0.769041181 0 0.351237565 0.93627739 0.62500006 0.196001142 
-0.888393044 1.21335113 0.769041181 0 0.351237565 0.93627739 0.625000119 0.189675137 
-0.888393044 1.22320092 0.765701056 0 0.275704205 0.961211026 0.62500006 0.189675122 
-0.949293494 1.2232008 0.765701115 0 0.275704205 0.961211026 0.625000119 0.196001127 
-0.812015891 1.21335101 0.76904124 0 0.351237565 0.93627739 0.62500006 0.181741476 
-0.812015891 1.2232008 0.765701056 0 0.275704205 0.961211026 0.62500006 0.181741476 
-0.888392985 1.2354455 0.762811244 0 0.184270754 0.982848585 0.625000119 0.189675137 
-0.949293435 1.2354455 0.762811244 0 0.184270754 0.982848585 0.625 0.196001127 
-0.812015891 1.2354455 0.762811244 0 0.184270754 0.982848585 0.625000119 0.181741461 
-1.00245559 1.21335113 0.76904124 -0.983936071 0.0817737356 0.158596322 0.62500006 0.201523304 
-0.712423623 1.21335113 0.769041181 0 0.351237565 0.93627739 0.625000119 0.171396375 
-0.712423623 1.22320092 0.765701056 0 0.275704205 0.961211026 0.62500006 0.17139639 
-0.712423623 1.2354455 0.762811244 0 0.184270754 0.982848585 0.625000119 0.171396375 
-1.00245559 1.2354455 0.762811363 -0.987267137 0.0413880497 0.153491899 0.62500006 0.201523304 
-1.00245559 1.22320092 0.765701175 -0.986106455 0.0618082844 0.153957099 0.62500006 0.201523304 
-0.584858119 1.21335101 0.76904124 0 0.351237565 0.93627739 0.62500006 0.158100829 
-0.436482728 1.21335125 0.769041181 0 0.351237565 0.93627739 0.62500006 0.142375261 
-0.436482728 1.2232008 0.765701056 0 0.275704205 0.961211026 0.62500006 0.142202079 
-0.58485806 1.2232008 0.765701056 0 0.275704205 0.961211026 0.62500006 0.158079192 
-0.277441055 1.21335125 0.76904124 0 0.351237565 0.93627739 0.62500006 0.125011146 
-0.277441055 1.2232008 0.765701056 0 0.275704205 0.961211026 0.62500006 0.124469899 
-0.436482728 1.2354455 0.762811303 0 0.184270754 0.982848585 0.62500006 0.141837865 
-0.58485806 1.2354455 0.762811244 0 0.184270754 0.982848585 0.625000119 0.158033654 
-0.277441055 1.2354455 0.762811363 0 0.184270754 0.982848585 0.62500006 0.123225845 
-0.117876783 1.21335125 0.769041181 0 0.351237565 0.93627739 0.62500006 0.106824636 
-0.11787679 1.2232008 0.765701056 0 0.275704205 0.961211026 0.62500006 0.105785444 
-0.11787679 1.2354455 0.762811244 0 0.184270754 0.982848585 0.62500006 0.102964766 
0.300053358 1.21335125 0.722295702 0 0 -1 0.866860271 0.68151933 
0.165875122 1.21335113 0.722295642 0 0 -1 0.86686033 0.66775614 
0.165875152 1.22320092 0.722295702 0 0 -1 0.866860271 0.667756081 
0.300053358 1.2232008 0.722295702 0 0 -1 0.866860271 0.68151933 
0.0261003524 1.21335101 0.722295523 0 0 -1 0.866860271 0.653422236 
0.0261003524 1.2232008 0.722295642 0 0 -1 0.866860211 0.653422236 
0.165875122 1.2354455 0.722295642 0 0 -1 0.86686033 0.66775614 
0.300053358 1.2354455 0.722295702 0 0 -1 0.866860271 0.681519389 
0.0261003673 1.2354455 0.722295523 0 0 -1 0.86686033 0.653422236 
0.431433201 1.21335113 0.722295642 0.617731273 -0.0155477077 -0.786203444 0.866860271 0.69499737 
-0.122069351 1.21335113 0.722295642 0 0 -1 0.86686033 0.63823235 
-0.122069366 1.22320092 0.722295702 0 0 -1 0.866860271 0.63823235 
-0.122069351 1.2354455 0.722295702 0 0 -1 0.86686033 0.63823241 
0.431433201 1.2354455 0.722295642 0.577334821 -0.00835185032 -0.816446245 0.866860271 0.69499743 
0.431433201 1.2232008 0.722295642 0.59708643 -0.0123554952 -0.802062273 0.866860271 0.69499743 
0.450299799 1.21335101 0.757354856 0.873016775 -0.131427899 -0.469585091 0.872965217 0.698775113 
0.444010973 1.21335125 0.745668352 0.877252221 -0.0880268514 -0.471824735 0.870930135 0.697515845 
0.444010913 1.2232008 0.743998408 0.86341691 -0.0711645186 -0.499387681 0.870930135 0.697515786 
0.450299859 1.2232008 0.754849792 0.860686779 -0.106380448 -0.497845829 0.872965097 0.698775113 
0.437722147 1.21335101 0.733982027 0.879823983 -0.0441334993 -0.473194927 0.868895292 0.696256518 
0.437722147 1.2232008 0.733147025 0.865079343 -0.0356373228 -0.500337541 0.868895233 0.696256578 
0.444010913 1.2354455 0.742553413 0.849408567 -0.0489327796 -0.525422692 0.870930135 0.697515845 
0.45029974 1.2354455 0.752682328 0.848135173 -0.0732700601 -0.524653435 0.872965038 0.698775053 
0.437722087 1.2354455 0.732424557 0.850192547 -0.0244918205 -0.525892735 0.868895233 0.696256638 
0.456588626 1.2046988 0.772606492 0.374435246 0.513845325 0.771821618 0.875000119 0.70003432 
0.450299799 1.20469892 0.76002878 0.790602624 0.454934597 -0.409825921 0.872965157 0.698775113 
0.456588745 1.21335113 0.76904124 0.983936071 0.0817737356 0.158596322 0.875000119 0.70003432 
0.444010973 1.20469892 0.747451127 0.77780503 0.482079506 -0.403180212 0.870930135 0.697515845 
0.437722147 1.20469892 0.734873414 0.763545752 0.510205686 -0.395783722 0.868895233 0.696256638 
0.456588686 1.2354455 0.762811363 0.987267137 0.0413880497 0.153491899 0.875 0.700034261 
0.456588745 1.22320092 0.765701175 0.986106455 0.0618082844 0.153957099 0.875000119 0.70003432 
-0.803958237 1.21335101 0.722295523 0 0 -1 0.86686033 0.568359613 
-0.875291228 1.21335125 0.722295702 0 0 -1 0.866860271 0.561044693 
-0.875291228 1.2232008 0.722295702 0 0 -1 0.866860271 0.561044693 
-0.803958297 1.2232008 0.722295642 0 0 -1 0.866860271 0.568359613 
-0.93036139 1.21335125 0.722295702 0 0 -1 0.866860271 0.555394232 
-0.93036139 1.2232008 0.722295702 0 0 -1 0.866860271 0.555394232 
-0.875291228 1.2354455 0.722295702 0 0 -1 0.86686033 0.561044693 
-0.803958297 1.2354455 0.722295523 0 0 -1 0.86686033 0.568359613 
-0.93036139 1.2354455 0.722295702 0 0 -1 0.866860271 0.555394173 
-0.708231032 1.21335113 0.722295642 0 0 -1 0.86686033 0.578171372 
-0.977300107 1.21335113 0.722295702 -0.617731273 -0.0155477077 -0.786203444 0.86686033 0.550576031 
-0.977300107 1.2232008 0.722295761 -0.59708643 -0.0123554952 -0.802062273 0.86686033 0.550576031 
-0.977300107 1.2354455 0.722295702 -0.577334821 -0.00835185032 -0.816446245 0.866860271 0.550576031 
-0.708231091 1.2354455 0.722295702 0 0 -1 0.86686033 0.578171372 
-0.708231032 1.22320092 0.722295702 0 0 -1 0.86686033 0.578171313 
-0.983588934 1.21335101 0.733982086 -0.879823983 -0.0441334993 -0.473194927 0.868895233 0.550051212 
-0.98987782 1.21335125 0.745668471 -0.877252221 -0.0880268514 -0.471824735 0.870930254 0.549526393 
-0.98987782 1.22320092 0.743998349 -0.863428056 -0.071165435 -0.499414414 0.870930195 0.549526393 
-0.983588934 1.2232008 0.733147085 -0.865079343 -0.0356373228 -0.500337541 0.868895233 0.550051212 
-0.996166587 1.21335101 0.757354856 -0.873016775 -0.131427899 -0.469585091 0.872965097 0.549001575 
-0.996166587 1.2232008 0.754849732 -0.860689104 -0.106401078 -0.49784717 0.872965097 0.549001634 
-0.98987782 1.2354455 0.742553413 -0.849408567 -0.0489327796 -0.525422692 0.870930076 0.549526334 
-0.983588874 1.2354455 0.732424617 -0.850192547 -0.0244918205 -0.525892735 0.868895173 0.550051212 
-0.996166587 1.2354455 0.752682388 -0.848135173 -0.0732700601 -0.524653435 0.872965038 0.549001575 
-1.00245559 1.21335113 0.76904124 -0.983936071 0.0817737356 0.158596322 0.875000119 0.548476756 
-1.00245559 1.22320092 0.765701175 -0.986106455 0.0618082844 0.153957099 0.875000119 0.548476696 
-1.00245559 1.2354455 0.762811363 -0.987267137 0.0413880497 0.153491899 0.87500006 0.548476756 
-0.279144287 1.21335113 0.722295702 0 0 -1 0.866860271 0.622135103 
-0.436482698 1.21335125 0.722295702 0 0 -1 0.866860271 0.606014132 
-0.436482698 1.2232008 0.722295523 0 0 -1 0.86686033 0.606014013 
-0.279144287 1.2232008 0.722295702 0 0 -0.999969482 0.86686033 0.622135162 
-0.583154857 1.21335113 0.722295702 0 0 -1 0.866860271 0.590986967 
-0.583154857 1.2232008 0.722295642 0 0 -1 0.86686033 0.590987027 
-0.436482728 1.2354455 0.722295702 0 0 -1 0.86686039 0.606014073 
-0.279144317 1.2354455 0.722295642 0 0 -1 0.866860271 0.622135103 
-0.583154857 1.2354455 0.722295582 0 0 -1 0.866860271 0.590986967 
-1.16340864 0.0937549174 -0.0414776728 -0.895349503 -0.115512811 -0.430099219 0.259047687 0.530902922 
-1.16340864 0.147684157 -0.0568257384 -0.886997759 -0.172608554 -0.428258359 0.261070102 0.531085372 
-1.16340864 0.212228686 -0.092731677 -0.720649481 -0.68583554 -0.101294391 0.929691732 1 
-1.16340864 0.217324048 -0.0831989124 -0.883284271 -0.43313086 0.179404825 0.9375 1 
-1.24695802 0.217324018 -0.083198905 -0.189596772 -0.94789356 -0.255916506 0.93749994 0.844517469 
-1.24209225 0.216733396 -0.0843038931 -0.14234294 -0.975624502 -0.166904658 0.936594725 0.853572547 
-1.17009103 0.212421596 -0.0923707485 -0.0587634407 -0.986908853 -0.150108904 0.929987311 0.987564266 
-1.16340864 0.0516319275 -0.0309603307 -0.883530617 -0.168894097 -0.436774731 0.258755445 0.530789435 
-1.16340864 0.0169787407 -8.16664181e-10 -0.850978494 -0.525162756 -0 0 0 
-1.16340864 0.0256902575 -0.0169348624 -0.866751313 -0.35548377 -0.349737167 0 0 
-1.16340864 0.025690347 0.0169348605 -0.866751313 -0.35548377 0.349737167 0 0 
-1.23813486 0.217324167 0.085698761 -0.0795856565 -0.966597319 0.243506521 0.0625 0.860937178 
-1.16340864 0.217324167 0.085698761 -0.883284271 -0.43313086 -0.179404825 0.0625 1 
-1.16340864 0.213093281 0.0936141983 -0.721028805 -0.685439765 0.101308256 0.0689834729 1 
-1.17010868 0.213290095 0.093245998 -0.0588242449 -0.98690623 0.150108501 0.0686818883 0.987531483 
-1.16340864 0.0516319275 0.0309603252 -0.883557737 -0.168891773 0.436768711 0 0 
-1.33511341 0.229881704 -0.0418016426 -0.470688105 -0.833750546 -0.288599521 0.96875 0.680463314 
-1.16340864 0.229881763 -0.0418016426 -0.883282542 -0.459803849 0.0914614946 0.96875 1 
-1.16340864 0.234121978 0.00125007634 -0.883279264 -0.468804747 -0 1 1 
-1.34927738 0.234121948 0.00125007646 -0.708910525 -0.680990577 0.183442771 1 0.65410459 
-1.34950364 0.233998805 -8.23529078e-10 -0.813118756 -0.58174634 0.0187646132 0.999092698 0.653683603 
-1.33844459 0.230419487 -0.0363415182 -0.626816869 -0.739462435 -0.245487884 0.972713292 0.674264073 
-1.34927738 0.234121948 0.00125007646 -0.708910525 -0.680990577 0.183442771 0 0.65410459 
-1.16340864 0.234121978 0.00125007634 -0.883279264 -0.468804747 -0 0 1 
-1.16340864 0.229881823 0.0443014614 -0.883282542 -0.459803849 -0.0914614946 0.03125 1 
-1.33369243 0.229881793 0.0443014614 -0.473284543 -0.831490993 0.290785223 0.03125 0.683107674 
-1.3385154 0.230660379 0.0363961123 -0.628186107 -0.737988055 0.246363074 0.0255116951 0.674132347 
-1.16340864 0.0516319275 -0.0309603307 -0.883530617 -0.168894097 -0.436774731 0 0 
-1.30210555 0.222180635 -0.0671888515 -0.333814442 -0.902549446 -0.271877944 0.949585557 0.741889656 
-1.24215329 0.217521816 0.085047029 -0.13457872 -0.955569386 0.262185991 0.0620080307 0.85345912 
-1.30227733 0.222805649 0.0676285475 -0.334082782 -0.902718842 0.271069795 0.0488591529 0.741570115 
7 5 6 7 8 9 10 11 
4 18 19 20 21 
4 19 22 23 20 
4 21 20 24 25 
4 20 23 26 24 
4 27 28 18 29 
4 28 30 19 18 
4 30 31 22 19 
4 31 32 33 22 
4 22 33 34 23 
4 23 34 35 26 
4 26 35 36 37 
4 24 26 37 38 
4 25 24 38 39 
4 40 25 39 41 
4 42 21 25 40 
4 29 18 21 42 
4 43 44 45 46 
4 44 47 48 45 
4 46 45 49 50 
4 45 48 51 49 
4 52 53 43 54 
4 53 55 44 43 
4 55 56 47 44 
4 56 57 58 47 
4 47 58 59 48 
4 48 59 60 51 
4 51 60 61 62 
4 49 51 62 63 
4 50 49 63 64 
4 65 50 64 66 
4 67 46 50 65 
4 54 43 46 67 
4 68 69 70 71 
4 69 72 73 70 
4 71 70 74 75 
4 70 73 76 74 
4 77 78 68 79 
4 78 80 69 68 
4 80 81 72 69 
4 81 82 83 72 
4 72 83 84 73 
4 73 84 85 76 
4 76 85 86 87 
4 74 76 87 88 
4 75 74 88 89 
4 90 75 89 91 
4 92 71 75 90 
4 79 68 71 92 
4 93 94 95 96 
4 94 97 98 95 
4 96 95 99 100 
4 95 98 101 99 
4 102 103 93 104 
4 103 105 94 93 
4 105 106 97 94 
4 106 107 108 97 
4 97 108 109 98 
4 98 109 110 101 
4 101 110 111 112 
4 99 101 112 113 
4 100 99 113 114 
4 115 100 114 116 
4 117 96 100 115 
4 104 93 96 117 
4 118 119 120 121 
4 119 122 123 120 
4 121 120 124 125 
4 120 123 126 124 
4 127 128 118 129 
4 128 130 119 118 
4 130 131 122 119 
4 131 132 133 122 
4 122 133 134 123 
4 123 134 135 126 
4 126 135 57 136 
4 124 126 136 137 
4 125 124 137 138 
4 139 125 138 140 
4 141 121 125 139 
4 129 118 121 141 
4 142 143 144 145 
4 143 146 147 144 
4 145 144 148 149 
4 144 147 150 148 
4 151 152 142 153 
4 152 154 143 142 
4 154 155 146 143 
4 155 156 157 146 
4 146 157 158 147 
4 147 158 159 150 
4 150 159 160 161 
4 148 150 161 162 
4 149 148 162 163 
4 164 149 163 165 
4 166 145 149 164 
4 153 142 145 166 
4 167 168 169 170 
4 168 171 172 169 
4 170 169 173 174 
4 169 172 175 173 
4 176 177 167 178 
4 177 179 168 167 
4 179 180 171 168 
4 180 181 182 171 
4 171 182 183 172 
4 172 183 184 175 
4 175 184 185 186 
4 173 175 186 187 
4 174 173 187 188 
4 189 174 188 190 
4 191 170 174 189 
4 178 167 170 191 
4 192 193 194 195 
4 193 196 197 194 
4 195 194 198 199 
4 194 197 200 198 
4 201 202 192 203 
4 202 204 193 192 
4 204 205 196 193 
4 205 206 207 196 
4 196 207 208 197 
4 197 208 209 200 
4 200 209 27 210 
4 198 200 210 211 
4 199 198 211 212 
4 213 199 212 214 
4 215 195 199 213 
4 203 192 195 215 
4 216 217 218 219 
4 217 220 221 218 
4 219 218 222 223 
4 218 221 224 222 
4 140 138 216 225 
4 138 137 217 216 
4 137 136 220 217 
4 136 57 56 220 
4 220 56 55 221 
4 221 55 53 224 
4 224 53 52 226 
4 222 224 226 227 
4 223 222 227 228 
4 229 223 228 230 
4 231 219 223 229 
4 225 216 219 231 
4 232 233 234 235 
4 233 236 237 234 
4 235 234 238 239 
4 234 237 240 238 
4 241 242 232 243 
4 242 244 233 232 
4 244 245 236 233 
4 245 246 247 236 
4 236 247 248 237 
4 237 248 249 240 
4 240 249 250 251 
4 238 240 251 252 
4 239 238 252 253 
4 254 239 253 255 
4 256 235 239 254 
4 243 232 235 256 
4 257 258 259 260 
4 258 261 262 259 
4 260 259 263 264 
4 259 262 265 263 
4 266 267 257 268 
4 267 269 258 257 
4 269 270 261 258 
4 270 271 272 261 
4 261 272 273 262 
4 262 273 274 265 
4 265 274 275 276 
4 263 265 276 277 
4 264 263 277 278 
4 279 264 278 280 
4 281 260 264 279 
4 268 257 260 281 
4 282 283 284 285 
4 283 286 287 284 
4 285 284 288 289 
4 284 287 290 288 
4 291 292 282 293 
4 292 294 283 282 
4 294 295 286 283 
4 295 296 297 286 
4 286 297 298 287 
4 287 298 299 290 
4 290 299 300 301 
4 288 290 301 302 
4 289 288 302 303 
4 304 289 303 305 
4 306 285 289 304 
4 293 282 285 306 
4 307 308 309 310 
4 308 311 312 309 
4 310 309 313 314 
4 309 312 315 313 
4 316 317 307 318 
4 317 319 308 307 
4 319 320 311 308 
4 320 321 322 311 
4 311 322 323 312 
4 312 323 324 315 
4 315 324 325 326 
4 313 315 326 327 
4 314 313 327 328 
4 329 314 328 330 
4 331 310 314 329 
4 318 307 310 331 
4 332 333 334 335 
4 333 336 337 334 
4 335 334 338 339 
4 334 337 340 338 
4 206 341 332 207 
4 341 342 333 332 
4 342 343 336 333 
4 343 127 129 336 
4 336 129 141 337 
4 337 141 139 340 
4 340 139 140 344 
4 338 340 344 345 
4 339 338 345 346 
4 209 339 346 27 
4 208 335 339 209 
4 207 332 335 208 
4 347 348 349 350 
4 348 351 352 349 
4 350 349 353 354 
4 349 352 355 353 
4 356 357 347 358 
4 357 359 348 347 
4 359 360 351 348 
4 360 77 79 351 
4 351 79 92 352 
4 352 92 90 355 
4 355 90 91 361 
4 353 355 361 362 
4 354 353 362 363 
4 364 354 363 365 
4 366 350 354 364 
4 358 347 350 366 
4 367 368 369 370 
4 368 371 372 369 
4 370 369 373 374 
4 369 372 375 373 
4 376 377 367 378 
4 377 379 368 367 
4 379 380 371 368 
4 380 381 382 371 
4 371 382 383 372 
4 372 383 384 375 
4 375 384 385 386 
4 373 375 386 387 
4 374 373 387 388 
4 389 374 388 390 
4 391 370 374 389 
4 378 367 370 391 
4 392 393 394 395 
4 393 396 397 394 
4 395 394 398 399 
4 394 397 400 398 
4 401 402 392 403 
4 402 404 393 392 
4 404 405 396 393 
4 405 406 407 396 
4 396 407 408 397 
4 397 408 409 400 
4 400 409 410 411 
4 398 400 411 412 
4 399 398 412 413 
4 414 399 413 415 
4 416 395 399 414 
4 403 392 395 416 
4 417 418 419 420 
4 418 421 422 419 
4 420 419 423 424 
4 419 422 425 423 
4 426 427 417 428 
4 427 429 418 417 
4 429 430 421 418 
4 430 431 432 421 
4 421 432 433 422 
4 422 433 434 425 
4 425 434 435 436 
4 423 425 436 437 
4 424 423 437 438 
4 439 424 438 440 
4 441 420 424 439 
4 428 417 420 441 
4 442 443 444 445 
4 443 446 447 444 
4 445 444 448 449 
4 444 447 450 448 
4 116 114 442 451 
4 114 113 443 442 
4 113 112 446 443 
4 112 111 452 446 
4 446 452 453 447 
4 447 453 454 450 
4 450 454 440 455 
4 448 450 455 456 
4 449 448 456 457 
4 458 449 457 459 
4 460 445 449 458 
4 451 442 445 460 
4 461 462 463 464 
4 462 465 466 463 
4 464 463 467 468 
4 463 466 469 467 
4 470 471 461 472 
4 471 473 462 461 
4 473 474 465 462 
4 474 475 476 465 
4 465 476 477 466 
4 466 477 478 469 
4 469 478 431 430 
4 467 469 430 429 
4 468 467 429 427 
4 479 468 427 426 
4 480 464 468 479 
4 472 461 464 480 
4 481 482 483 484 
4 485 486 487 482 
4 488 484 487 486 
4 316 489 481 490 
4 489 491 482 481 
4 490 481 484 492 
4 493 494 485 495 
4 494 496 486 485 
4 495 485 482 491 
4 230 497 488 498 
4 497 492 484 488 
4 498 488 486 496 
4 499 500 501 502 
4 500 503 504 501 
4 502 501 505 506 
4 501 504 507 505 
4 181 508 499 182 
4 508 509 500 499 
4 509 510 503 500 
4 510 511 512 503 
4 503 512 513 504 
4 504 513 514 507 
4 507 514 515 516 
4 505 507 516 517 
4 506 505 517 518 
4 184 506 518 185 
4 183 502 506 184 
4 182 499 502 183 
4 519 520 521 522 
4 520 523 524 521 
4 522 521 525 526 
4 521 524 527 525 
4 528 529 519 530 
4 529 531 520 519 
4 531 532 523 520 
4 532 533 534 523 
4 523 534 535 524 
4 524 535 536 527 
4 527 536 537 538 
4 525 527 538 539 
4 526 525 539 540 
4 541 526 540 542 
4 543 522 526 541 
4 530 519 522 543 
4 544 545 546 547 
4 545 548 549 546 
4 547 546 550 551 
4 546 549 552 550 
4 511 553 544 554 
4 553 555 545 544 
4 555 556 548 545 
4 556 557 558 548 
4 548 558 559 549 
4 549 559 560 552 
4 552 560 561 562 
4 550 552 562 563 
4 551 550 563 564 
4 514 551 564 515 
4 513 547 551 514 
4 554 544 547 513 
4 565 566 567 568 
4 566 569 570 567 
4 568 567 571 572 
4 567 570 573 571 
4 574 575 565 576 
4 575 577 566 565 
4 577 578 569 566 
4 578 579 580 569 
4 569 580 581 570 
4 570 581 582 573 
4 573 582 583 584 
4 571 573 584 585 
4 572 571 585 586 
4 587 572 586 588 
4 589 568 572 587 
4 576 565 568 589 
4 590 591 592 593 
4 591 594 595 592 
4 593 592 596 597 
4 592 595 598 596 
4 406 599 590 407 
4 599 600 591 590 
4 600 601 594 591 
4 601 602 603 594 
4 594 603 604 595 
4 595 604 605 598 
4 598 605 606 607 
4 596 598 607 608 
4 597 596 608 609 
4 409 597 609 410 
4 408 593 597 409 
4 407 590 593 408 
4 610 611 612 613 
4 611 614 615 612 
4 613 612 616 617 
4 612 615 618 616 
4 619 620 610 621 
4 620 622 611 610 
4 622 623 614 611 
4 623 376 378 614 
4 614 378 391 615 
4 615 391 389 618 
4 618 389 390 624 
4 616 618 624 625 
4 617 616 625 626 
4 627 617 626 628 
4 629 613 617 627 
4 621 610 613 629 
4 630 631 632 633 
4 631 634 635 632 
4 633 632 636 637 
4 632 635 638 636 
4 296 639 630 297 
4 639 640 631 630 
4 640 641 634 631 
4 641 619 621 634 
4 634 621 629 635 
4 635 629 627 638 
4 638 627 628 642 
4 636 638 642 643 
4 637 636 643 644 
4 299 637 644 300 
4 298 633 637 299 
4 297 630 633 298 
4 645 646 647 648 
4 646 649 650 647 
4 648 647 651 652 
4 647 650 653 651 
4 654 655 645 656 
4 655 657 646 645 
4 657 658 649 646 
4 658 659 660 649 
4 649 660 661 650 
4 650 661 662 653 
4 653 662 77 360 
4 651 653 360 359 
4 652 651 359 357 
4 663 652 357 356 
4 664 648 652 663 
4 656 645 648 664 
4 665 666 667 668 
4 666 669 670 667 
4 668 667 671 672 
4 667 670 673 671 
4 659 674 665 660 
4 674 675 666 665 
4 675 676 669 666 
4 676 677 678 669 
4 669 678 679 670 
4 670 679 680 673 
4 673 680 82 81 
4 671 673 81 80 
4 672 671 80 78 
4 662 672 78 77 
4 661 668 672 662 
4 660 665 668 661 
4 681 682 683 684 
4 682 685 686 683 
4 684 683 687 688 
4 683 686 689 687 
4 431 478 681 690 
4 478 477 682 681 
4 477 476 685 682 
4 476 475 691 685 
4 685 691 692 686 
4 686 692 693 689 
4 689 693 694 695 
4 687 689 695 696 
4 688 687 696 697 
4 698 688 697 699 
4 700 684 688 698 
4 690 681 684 700 
4 701 702 703 704 
4 702 705 706 703 
4 704 703 707 708 
4 703 706 709 707 
4 57 135 701 58 
4 135 134 702 701 
4 134 133 705 702 
4 133 132 710 705 
4 705 710 711 706 
4 706 711 712 709 
4 709 712 713 714 
4 707 709 714 715 
4 708 707 715 716 
4 60 708 716 61 
4 59 704 708 60 
4 58 701 704 59 
4 717 718 719 720 
4 718 721 722 719 
4 720 719 723 724 
4 719 722 725 723 
4 726 727 717 728 
4 727 729 718 717 
4 729 730 721 718 
4 730 731 732 721 
4 721 732 733 722 
4 722 733 734 725 
4 725 734 735 736 
4 723 725 736 737 
4 724 723 737 738 
4 739 724 738 740 
4 741 720 724 739 
4 728 717 720 741 
4 742 743 744 745 
4 743 746 747 744 
4 745 744 748 749 
4 744 747 750 748 
4 435 434 742 751 
4 434 433 743 742 
4 433 432 746 743 
4 432 431 690 746 
4 746 690 700 747 
4 747 700 698 750 
4 750 698 699 752 
4 748 750 752 753 
4 749 748 753 754 
4 755 749 754 756 
4 757 745 749 755 
4 751 742 745 757 
4 758 759 760 761 
4 759 762 763 760 
4 761 760 764 765 
4 760 763 766 764 
4 767 768 758 769 
4 768 770 759 758 
4 770 771 762 759 
4 771 772 773 762 
4 762 773 774 763 
4 763 774 775 766 
4 766 775 776 777 
4 764 766 777 778 
4 765 764 778 779 
4 780 765 779 781 
4 782 761 765 780 
4 769 758 761 782 
4 783 784 785 786 
4 784 787 788 785 
4 786 785 789 790 
4 785 788 791 789 
4 792 793 783 794 
4 793 795 784 783 
4 795 796 787 784 
4 796 797 798 787 
4 787 798 799 788 
4 788 799 800 791 
4 791 800 801 802 
4 789 791 802 803 
4 790 789 803 804 
4 805 790 804 806 
4 807 786 790 805 
4 794 783 786 807 
4 808 809 810 811 
4 809 812 813 810 
4 811 810 814 815 
4 810 813 816 814 
4 781 779 808 817 
4 779 778 809 808 
4 778 777 812 809 
4 777 776 818 812 
4 812 818 819 813 
4 813 819 820 816 
4 816 820 731 730 
4 814 816 730 729 
4 815 814 729 727 
4 821 815 727 726 
4 822 811 815 821 
4 817 808 811 822 
4 823 824 825 826 
4 824 827 828 825 
4 826 825 829 830 
4 825 828 831 829 
4 410 609 823 832 
4 609 608 824 823 
4 608 607 827 824 
4 607 606 833 827 
4 827 833 834 828 
4 828 834 835 831 
4 831 835 836 837 
4 829 831 837 838 
4 830 829 838 839 
4 840 830 839 841 
4 842 826 830 840 
4 832 823 826 842 
4 843 844 845 846 
4 844 847 848 845 
4 846 845 849 850 
4 845 848 851 849 
4 415 413 843 852 
4 413 412 844 843 
4 412 411 847 844 
4 411 410 832 847 
4 847 832 842 848 
4 848 842 840 851 
4 851 840 841 853 
4 849 851 853 854 
4 850 849 854 855 
4 856 850 855 857 
4 858 846 850 856 
4 852 843 846 858 
4 859 860 861 862 
4 860 863 864 861 
4 862 861 865 866 
4 861 864 867 865 
4 868 869 859 870 
4 869 871 860 859 
4 871 872 863 860 
4 872 873 874 863 
4 863 874 875 864 
4 864 875 876 867 
4 867 876 797 796 
4 865 867 796 795 
4 866 865 795 793 
4 877 866 793 792 
4 878 862 866 877 
4 870 859 862 878 
4 879 880 881 882 
4 880 883 884 881 
4 882 881 885 886 
4 881 884 887 885 
4 888 889 879 890 
4 889 891 880 879 
4 891 892 883 880 
4 892 893 894 883 
4 883 894 895 884 
4 884 895 896 887 
4 887 896 557 556 
4 885 887 556 555 
4 886 885 555 553 
4 897 886 553 511 
4 898 882 886 897 
4 890 879 882 898 
4 899 900 901 902 
4 900 903 904 901 
4 902 901 905 906 
4 901 904 907 905 
4 542 540 899 908 
4 540 539 900 899 
4 539 538 903 900 
4 538 537 909 903 
4 903 909 910 904 
4 904 910 911 907 
4 907 911 181 180 
4 905 907 180 179 
4 906 905 179 177 
4 912 906 177 176 
4 913 902 906 912 
4 908 899 902 913 
4 914 915 916 917 
4 915 918 919 916 
4 917 916 920 921 
4 916 919 922 920 
4 537 923 914 909 
4 923 924 915 914 
4 924 925 918 915 
4 925 888 890 918 
4 918 890 898 919 
4 919 898 897 922 
4 922 897 511 510 
4 920 922 510 509 
4 921 920 509 508 
4 911 921 508 181 
4 910 917 921 911 
4 909 914 917 910 
4 926 927 928 929 
4 927 930 931 928 
4 929 928 932 933 
4 928 931 934 932 
4 533 935 926 534 
4 935 936 927 926 
4 936 937 930 927 
4 937 938 939 930 
4 930 939 940 931 
4 931 940 941 934 
4 934 941 888 925 
4 932 934 925 924 
4 933 932 924 923 
4 536 933 923 537 
4 535 929 933 536 
4 534 926 929 535 
4 942 943 944 945 
4 943 946 947 944 
4 945 944 948 949 
4 944 947 950 948 
4 132 951 942 710 
4 951 952 943 942 
4 952 953 946 943 
4 953 241 243 946 
4 946 243 256 947 
4 947 256 254 950 
4 950 254 255 954 
4 948 950 954 955 
4 949 948 955 956 
4 712 949 956 713 
4 711 945 949 712 
4 710 942 945 711 
4 957 958 959 960 
4 958 961 962 959 
4 960 959 963 964 
4 959 962 965 963 
4 938 966 957 939 
4 966 967 958 957 
4 967 968 961 958 
4 968 969 970 961 
4 961 970 971 962 
4 962 971 972 965 
4 965 972 893 892 
4 963 965 892 891 
4 964 963 891 889 
4 941 964 889 888 
4 940 960 964 941 
4 939 957 960 940 
4 973 974 975 976 
4 974 977 978 975 
4 976 975 979 980 
4 975 978 981 979 
4 982 983 973 984 
4 983 985 974 973 
4 985 986 977 974 
4 986 987 988 977 
4 977 988 989 978 
4 978 989 990 981 
4 981 990 991 992 
4 979 981 992 993 
4 980 979 993 994 
4 995 980 994 996 
4 997 976 980 995 
4 984 973 976 997 
4 998 999 1000 1001 
4 999 1002 1003 1000 
4 1001 1000 1004 1005 
4 1000 1003 1006 1004 
4 996 994 998 1007 
4 994 993 999 998 
4 993 992 1002 999 
4 992 991 1008 1002 
4 1002 1008 1009 1003 
4 1003 1009 1010 1006 
4 1006 1010 579 578 
4 1004 1006 578 577 
4 1005 1004 577 575 
4 1011 1005 575 574 
4 1012 1001 1005 1011 
4 1007 998 1001 1012 
4 1013 1014 1015 1016 
4 1014 1017 1018 1015 
4 1016 1015 1019 1020 
4 1015 1018 1021 1019 
4 1022 1023 1013 1024 
4 1023 1025 1014 1013 
4 1025 1026 1017 1014 
4 1026 1027 1028 1017 
4 1017 1028 1029 1018 
4 1018 1029 1030 1021 
4 1021 1030 873 872 
4 1019 1021 872 871 
4 1020 1019 871 869 
4 1031 1020 869 868 
4 1032 1016 1020 1031 
4 1024 1013 1016 1032 
4 1033 1034 1035 1036 
4 1034 1037 1038 1035 
4 1036 1035 1039 1040 
4 1035 1038 1041 1039 
4 841 839 1033 1042 
4 839 838 1034 1033 
4 838 837 1037 1034 
4 837 836 1043 1037 
4 1037 1043 1044 1038 
4 1038 1044 1045 1041 
4 1041 1045 1046 1047 
4 1039 1041 1047 1048 
4 1040 1039 1048 1049 
4 1050 1040 1049 1051 
4 1052 1036 1040 1050 
4 1042 1033 1036 1052 
4 1053 1054 1055 1056 
4 1054 1057 1058 1055 
4 1056 1055 1059 1060 
4 1055 1058 1061 1059 
4 857 855 1053 1062 
4 855 854 1054 1053 
4 854 853 1057 1054 
4 853 841 1042 1057 
4 1057 1042 1052 1058 
4 1058 1052 1050 1061 
4 1061 1050 1051 1063 
4 1059 1061 1063 1064 
4 1060 1059 1064 1065 
4 1066 1060 1065 1067 
4 1068 1056 1060 1066 
4 1062 1053 1056 1068 
4 1069 1070 1071 1072 
4 1070 1073 1074 1071 
4 1072 1071 1075 1076 
4 1071 1074 1077 1075 
4 1078 1079 1069 1080 
4 1079 1081 1070 1069 
4 1081 1082 1073 1070 
4 1082 1083 1084 1073 
4 1073 1084 1085 1074 
4 1074 1085 1086 1077 
4 1077 1086 1087 1088 
4 1075 1077 1088 1089 
4 1076 1075 1089 1090 
4 1091 1076 1090 1092 
4 1093 1072 1076 1091 
4 1080 1069 1072 1093 
4 1094 1095 1096 1097 
4 1095 1098 1099 1096 
4 1097 1096 1100 1101 
4 1096 1099 1102 1100 
4 470 1103 1094 1104 
4 1103 1105 1095 1094 
4 1105 1106 1098 1095 
4 1106 107 1107 1098 
4 1098 1107 1108 1099 
4 1099 1108 1109 1102 
4 1102 1109 36 1110 
4 1100 1102 1110 1111 
4 1101 1100 1111 1112 
4 1113 1101 1112 330 
4 1114 1097 1101 1113 
4 1104 1094 1097 1114 
4 1115 1116 1117 1118 
4 1116 1119 1120 1117 
4 1118 1117 1121 1122 
4 1117 1120 1123 1121 
4 475 1124 1115 691 
4 1124 1125 1116 1115 
4 1125 1126 1119 1116 
4 1126 325 1127 1119 
4 1119 1127 1128 1120 
4 1120 1128 1129 1123 
4 1123 1129 1130 1131 
4 1121 1123 1131 1132 
4 1122 1121 1132 1133 
4 693 1122 1133 694 
4 692 1118 1122 693 
4 691 1115 1118 692 
4 1134 1135 1136 1137 
4 1135 1138 1139 1136 
4 1137 1136 1140 1141 
4 1136 1139 1142 1140 
4 475 474 1134 1124 
4 474 473 1135 1134 
4 473 471 1138 1135 
4 471 470 1104 1138 
4 1138 1104 1114 1139 
4 1139 1114 1113 1142 
4 1142 1113 330 328 
4 1140 1142 328 1143 
4 1141 1140 1143 1144 
4 1126 1141 1144 325 
4 1125 1137 1141 1126 
4 1124 1134 1137 1125 
4 1145 1146 1147 1148 
4 1146 1149 1150 1147 
4 1148 1147 1151 1152 
4 1147 1150 1153 1151 
4 291 293 1145 1154 
4 293 306 1146 1145 
4 306 304 1149 1146 
4 304 305 1155 1149 
4 1149 1155 1156 1150 
4 1150 1156 1157 1153 
4 1153 1157 1158 1159 
4 1151 1153 1159 1160 
4 1152 1151 1160 1161 
4 1162 1152 1161 1163 
4 1164 1148 1152 1162 
4 1154 1145 1148 1164 
4 1165 1166 1167 1168 
4 1166 1169 1170 1167 
4 1168 1167 1171 1172 
4 1167 1170 1173 1171 
4 602 1174 1165 1175 
4 1174 1176 1166 1165 
4 1176 1177 1169 1166 
4 1177 1178 1179 1169 
4 1169 1179 1180 1170 
4 1170 1180 1181 1173 
4 1173 1181 1182 1183 
4 1171 1173 1183 1184 
4 1172 1171 1184 1185 
4 1186 1172 1185 1187 
4 1188 1168 1172 1186 
4 1175 1165 1168 1188 
4 1189 1190 1191 1192 
4 1190 1193 1194 1191 
4 1192 1191 1195 1196 
4 1191 1194 1197 1195 
4 1198 1199 1189 1200 
4 1199 1201 1190 1189 
4 1201 1202 1193 1190 
4 1202 435 751 1193 
4 1193 751 757 1194 
4 1194 757 755 1197 
4 1197 755 756 1203 
4 1195 1197 1203 1204 
4 1196 1195 1204 1205 
4 1206 1196 1205 1207 
4 1208 1192 1196 1206 
4 1200 1189 1192 1208 
4 1209 1210 1211 1212 
4 1210 1213 1214 1211 
4 1212 1211 1215 1216 
4 1211 1214 1217 1215 
4 1218 1219 1209 1220 
4 1219 1221 1210 1209 
4 1221 1222 1213 1210 
4 1222 1223 1224 1213 
4 1213 1224 1225 1214 
4 1214 1225 1226 1217 
4 1217 1226 1227 1228 
4 1215 1217 1228 1229 
4 1216 1215 1229 1230 
4 1231 1216 1230 1232 
4 1233 1212 1216 1231 
4 1220 1209 1212 1233 
4 1234 1235 1236 1237 
4 1235 1238 1239 1236 
4 1237 1236 1240 1241 
4 1236 1239 1242 1240 
4 151 153 1234 1243 
4 153 166 1235 1234 
4 166 164 1238 1235 
4 164 165 1244 1238 
4 1238 1244 1245 1239 
4 1239 1245 1246 1242 
4 1242 1246 1247 384 
4 1240 1242 384 383 
4 1241 1240 383 382 
4 1248 1241 382 381 
4 1249 1237 1241 1248 
4 1243 1234 1237 1249 
4 1250 1251 1252 1253 
4 1251 1254 1255 1252 
4 1253 1252 1256 1257 
4 1252 1255 1258 1256 
4 868 870 1250 1259 
4 870 878 1251 1250 
4 878 877 1254 1251 
4 877 792 1260 1254 
4 1254 1260 1261 1255 
4 1255 1261 1262 1258 
4 1258 1262 731 820 
4 1256 1258 820 819 
4 1257 1256 819 818 
4 1263 1257 818 776 
4 1264 1253 1257 1263 
4 1259 1250 1253 1264 
4 1265 1266 1267 1268 
4 1266 1269 1270 1267 
4 1268 1267 1271 1272 
4 1267 1270 1273 1271 
4 1022 1024 1265 1274 
4 1024 1032 1266 1265 
4 1032 1031 1269 1266 
4 1031 868 1259 1269 
4 1269 1259 1264 1270 
4 1270 1264 1263 1273 
4 1273 1263 776 775 
4 1271 1273 775 774 
4 1272 1271 774 773 
4 1275 1272 773 772 
4 1276 1268 1272 1275 
4 1274 1265 1268 1276 
4 1277 1278 1279 1280 
4 1278 1281 1282 1279 
4 1280 1279 1283 1284 
4 1279 1282 1285 1283 
4 1286 1287 1277 1288 
4 1287 1289 1278 1277 
4 1289 1290 1281 1278 
4 1290 1163 1161 1281 
4 1281 1161 1160 1282 
4 1282 1160 1159 1285 
4 1285 1159 1158 1291 
4 1283 1285 1291 1292 
4 1284 1283 1292 1293 
4 1294 1284 1293 1295 
4 1296 1280 1284 1294 
4 1288 1277 1280 1296 
4 1297 1298 1299 1300 
4 1298 1301 1302 1299 
4 1300 1299 1303 1304 
4 1299 1302 1305 1303 
4 230 228 1297 497 
4 228 227 1298 1297 
4 227 226 1301 1298 
4 226 52 1306 1301 
4 1301 1306 1307 1302 
4 1302 1307 1308 1305 
4 1305 1308 321 320 
4 1303 1305 320 319 
4 1304 1303 319 317 
4 490 1304 317 316 
4 492 1300 1304 490 
4 497 1297 1300 492 
4 1309 1310 1311 1312 
4 1310 1313 1314 1311 
4 1312 1311 1315 1316 
4 1311 1314 1317 1315 
4 230 498 1309 229 
4 498 496 1310 1309 
4 496 494 1313 1310 
4 494 493 31 1313 
4 1313 31 30 1314 
4 1314 30 28 1317 
4 1317 28 27 346 
4 1315 1317 346 345 
4 1316 1315 345 344 
4 225 1316 344 140 
4 231 1312 1316 225 
4 229 1309 1312 231 
4 1318 1319 1320 1321 
4 1319 1322 1323 1320 
4 1321 1320 1324 1325 
4 1320 1323 1326 1324 
4 36 35 1318 1110 
4 35 34 1319 1318 
4 34 33 1322 1319 
4 33 493 495 1322 
4 1322 495 491 1323 
4 1323 491 489 1326 
4 1326 489 316 318 
4 1324 1326 318 331 
4 1325 1324 331 329 
4 1112 1325 329 330 
4 1111 1321 1325 1112 
4 1110 1318 1321 1111 
4 1327 1328 1329 1330 
4 1328 1331 1332 1329 
4 1330 1329 1333 1334 
4 1329 1332 1335 1333 
4 271 1336 1327 1337 
4 1336 1338 1328 1327 
4 1338 1339 1331 1328 
4 1339 583 1340 1331 
4 1331 1340 1341 1332 
4 1332 1341 1342 1335 
4 1335 1342 1343 1344 
4 1333 1335 1344 1345 
4 1334 1333 1345 1346 
4 1347 1334 1346 1348 
4 1349 1330 1334 1347 
4 1337 1327 1330 1349 
4 1350 1351 1352 1353 
4 1351 1354 1355 1352 
4 1353 1352 1356 1357 
4 1352 1355 1358 1356 
4 111 110 1350 1359 
4 110 109 1351 1350 
4 109 108 1354 1351 
4 108 107 1106 1354 
4 1354 1106 1105 1355 
4 1355 1105 1103 1358 
4 1358 1103 470 472 
4 1356 1358 472 480 
4 1357 1356 480 479 
4 1360 1357 479 426 
4 1361 1353 1357 1360 
4 1359 1350 1353 1361 
4 1362 1363 1364 1365 
4 1366 1367 1368 1363 
4 1369 1365 1364 1367 
4 440 454 1362 439 
4 454 453 1363 1362 
4 439 1362 1365 441 
4 111 1359 1366 452 
4 1359 1361 1367 1366 
4 452 1366 1363 453 
4 426 428 1369 1360 
4 428 441 1365 1369 
4 1360 1369 1367 1361 
4 1370 1371 1372 1373 
4 1371 1374 1375 1372 
4 1373 1372 1376 1377 
4 1372 1375 1378 1376 
4 440 438 1370 455 
4 438 437 1371 1370 
4 437 436 1374 1371 
4 436 435 1379 1374 
4 1374 1379 1201 1375 
4 1375 1201 1199 1378 
4 1378 1199 1198 1380 
4 1376 1378 1380 1381 
4 1377 1376 1381 1382 
4 457 1377 1382 459 
4 456 1373 1377 457 
4 455 1370 1373 456 
4 1383 1384 1385 1386 
4 1384 1387 1388 1385 
4 1386 1385 1389 1390 
4 1385 1388 1391 1389 
4 176 1392 1383 1393 
4 1392 191 1384 1383 
4 191 189 1387 1384 
4 189 190 1394 1387 
4 1387 1394 1395 1388 
4 1388 1395 1396 1391 
4 1391 1396 1397 1398 
4 1389 1391 1398 1399 
4 1390 1389 1399 1400 
4 1401 1390 1400 1402 
4 1403 1386 1390 1401 
4 1393 1383 1386 1403 
4 1404 1405 1406 1407 
4 1405 1408 1409 1406 
4 1407 1406 1410 1411 
4 1406 1409 1412 1410 
4 542 908 1404 1413 
4 908 913 1405 1404 
4 913 912 1408 1405 
4 912 176 1393 1408 
4 1408 1393 1403 1409 
4 1409 1403 1401 1412 
4 1412 1401 1402 1414 
4 1410 1412 1414 1415 
4 1411 1410 1415 1416 
4 1417 1411 1416 1418 
4 1419 1407 1411 1417 
4 1413 1404 1407 1419 
4 1420 1421 1422 1423 
4 1421 1424 1425 1422 
4 1423 1422 1426 1427 
4 1422 1425 1428 1426 
4 1429 1430 1420 1431 
4 1430 1432 1421 1420 
4 1432 1433 1424 1421 
4 1433 1434 1435 1424 
4 1424 1435 1436 1425 
4 1425 1436 1437 1428 
4 1428 1437 1438 1439 
4 1426 1428 1439 1440 
4 1427 1426 1440 1441 
4 1442 1427 1441 1443 
4 1444 1423 1427 1442 
4 1431 1420 1423 1444 
4 1445 1446 1447 1448 
4 1446 1449 1450 1447 
4 1448 1447 1451 1452 
4 1447 1450 1453 1451 
4 1454 1455 1445 1456 
4 1455 1457 1446 1445 
4 1457 1458 1449 1446 
4 1458 1459 1460 1449 
4 1449 1460 1461 1450 
4 1450 1461 1462 1453 
4 1453 1462 1463 1464 
4 1451 1453 1464 1465 
4 1452 1451 1465 1466 
4 1467 1452 1466 1468 
4 1469 1448 1452 1467 
4 1456 1445 1448 1469 
4 1470 1471 1472 1473 
4 1471 1474 1475 1472 
4 1473 1472 1476 1477 
4 1472 1475 1478 1476 
4 1479 1480 1470 1481 
4 1480 1482 1471 1470 
4 1482 1483 1474 1471 
4 1483 1454 1456 1474 
4 1474 1456 1469 1475 
4 1475 1469 1467 1478 
4 1478 1467 1468 1484 
4 1476 1478 1484 1485 
4 1477 1476 1485 1486 
4 1487 1477 1486 1488 
4 1489 1473 1477 1487 
4 1481 1470 1473 1489 
4 1490 1491 1492 1493 
4 1491 1494 1495 1492 
4 1493 1492 1496 1497 
4 1492 1495 1498 1496 
4 1499 1500 1490 1501 
4 1500 1502 1491 1490 
4 1502 1503 1494 1491 
4 1503 1479 1481 1494 
4 1494 1481 1489 1495 
4 1495 1489 1487 1498 
4 1498 1487 1488 1504 
4 1496 1498 1504 1505 
4 1497 1496 1505 1506 
4 1507 1497 1506 1508 
4 1509 1493 1497 1507 
4 1501 1490 1493 1509 
4 1510 1511 1512 1513 
4 1511 1514 1515 1512 
4 1513 1512 1516 1517 
4 1512 1515 1518 1516 
4 579 1519 1510 1520 
4 1519 1009 1511 1510 
4 1009 1521 1514 1511 
4 1521 991 1522 1514 
4 1514 1522 1523 1515 
4 1515 1523 1524 1518 
4 1518 1524 1525 1526 
4 1516 1518 1526 1527 
4 1517 1516 1527 1528 
4 1529 1517 1528 1530 
4 1531 1513 1517 1529 
4 1520 1510 1513 1531 
4 1532 1533 1534 1535 
4 1533 1536 1537 1534 
4 1535 1534 1538 1539 
4 1534 1537 1540 1538 
4 583 582 1532 1340 
4 582 581 1533 1532 
4 581 1541 1536 1533 
4 1541 579 1520 1536 
4 1536 1520 1531 1537 
4 1537 1531 1529 1540 
4 1540 1529 1530 1542 
4 1538 1540 1542 1543 
4 1539 1538 1543 1544 
4 1342 1539 1544 1343 
4 1341 1535 1539 1342 
4 1340 1532 1535 1341 
4 1545 1546 1547 1548 
4 1546 1549 1550 1547 
4 1548 1547 1551 1552 
4 1547 1550 1553 1551 
4 1554 1555 1545 1556 
4 1555 1557 1546 1545 
4 1557 1558 1549 1546 
4 1558 1559 1560 1549 
4 1549 1560 1561 1550 
4 1550 1561 1562 1553 
4 1553 1562 1563 1564 
4 1551 1553 1564 1565 
4 1552 1551 1565 1566 
4 1567 1552 1566 1568 
4 1569 1548 1552 1567 
4 1556 1545 1548 1569 
4 1570 1571 1572 1573 
4 1571 1574 1575 1572 
4 1573 1572 1576 1577 
4 1572 1575 1578 1576 
4 528 530 1570 1579 
4 530 543 1571 1570 
4 543 541 1574 1571 
4 541 542 1413 1574 
4 1574 1413 1419 1575 
4 1575 1419 1417 1578 
4 1578 1417 1418 1580 
4 1576 1578 1580 1581 
4 1577 1576 1581 1582 
4 1583 1577 1582 1584 
4 1585 1573 1577 1583 
4 1579 1570 1573 1585 
4 1586 1587 1588 1589 
4 1587 1590 1591 1588 
4 1589 1588 1592 1593 
4 1588 1591 1594 1592 
4 201 203 1586 1595 
4 203 215 1587 1586 
4 215 213 1590 1587 
4 213 214 1596 1590 
4 1590 1596 1597 1591 
4 1591 1597 1598 1594 
4 1594 1598 1599 1600 
4 1592 1594 1600 1601 
4 1593 1592 1601 1602 
4 1603 1593 1602 1604 
4 1605 1589 1593 1603 
4 1595 1586 1589 1605 
4 1606 1607 1608 1609 
4 1609 1608 1610 1611 
4 987 1612 1606 1613 
4 1612 1614 1615 1616 
4 1614 1617 1618 1619 
4 1617 1158 1620 1618 
4 1611 1610 1621 1622 
4 1623 1611 1622 1624 
4 1625 1609 1611 1623 
4 1613 1606 1609 1625 
4 1158 1157 1626 1627 
4 1157 1156 1628 1629 
4 1156 1155 1630 1628 
3 305 1631 1632 
4 1633 1634 1635 1636 
4 1634 1637 1638 1635 
4 1636 1635 1639 1640 
4 1635 1638 1641 1639 
4 991 990 1633 1522 
4 990 989 1634 1633 
4 989 988 1637 1634 
4 988 987 1613 1637 
4 1637 1613 1625 1638 
4 1638 1625 1623 1641 
4 1641 1623 1624 1642 
4 1639 1641 1642 1643 
4 1640 1639 1643 1644 
4 1524 1640 1644 1525 
4 1523 1636 1640 1524 
4 1522 1633 1636 1523 
3 1646 1647 1648 
4 1646 1649 1650 1647 
4 1651 1652 1653 1654 
4 1651 528 1579 1652 
4 1652 1579 1585 1655 
4 1655 1585 1583 1656 
4 1656 1583 1584 1657 
4 1658 1499 1501 1659 
4 1659 1501 1509 1660 
4 1660 1509 1507 1661 
4 1661 1507 1508 1662 
4 1663 1664 1665 1666 
4 1664 1667 1668 1665 
4 1666 1665 1669 1670 
4 1665 1668 1671 1669 
4 165 1672 1663 1244 
4 1672 1673 1664 1663 
4 1673 1674 1667 1664 
4 1674 1675 1676 1667 
4 1667 1676 1677 1668 
4 1668 1677 1678 1671 
4 1671 1678 1679 1680 
4 1669 1671 1680 1681 
4 1670 1669 1681 1682 
4 1246 1670 1682 1247 
4 1245 1666 1670 1246 
4 1244 1663 1666 1245 
4 1683 1684 1685 1686 
4 1684 1687 1688 1685 
4 1686 1685 1689 1690 
4 1685 1688 1691 1689 
4 165 163 1683 1672 
4 163 162 1684 1683 
4 162 161 1687 1684 
4 161 160 1692 1687 
4 1687 1692 1693 1688 
4 1688 1693 1694 1691 
4 1691 1694 1695 1696 
4 1689 1691 1696 1697 
4 1690 1689 1697 1698 
4 1674 1690 1698 1675 
4 1673 1686 1690 1674 
4 1672 1683 1686 1673 
4 1699 1700 1701 1702 
4 1700 1703 1704 1701 
4 1702 1701 1705 1706 
4 1701 1704 1707 1705 
4 1295 1293 1699 1708 
4 1293 1292 1700 1699 
4 1292 1291 1703 1700 
4 1291 1158 1617 1703 
4 1703 1617 1614 1704 
4 1704 1614 1612 1707 
4 1707 1612 987 986 
4 1705 1707 986 985 
4 1706 1705 985 983 
4 1709 1706 983 982 
4 1710 1702 1706 1709 
4 1708 1699 1702 1710 
4 1711 1712 1713 1714 
4 1712 1715 1716 1713 
4 1714 1713 1717 1718 
4 1713 1716 1719 1717 
4 628 626 1711 1720 
4 626 625 1712 1711 
4 625 624 1715 1712 
4 624 390 1721 1715 
4 1715 1721 1722 1716 
4 1716 1722 1723 1719 
4 1719 1723 969 968 
4 1717 1719 968 967 
4 1718 1717 967 966 
4 1724 1718 966 938 
4 1725 1714 1718 1724 
4 1720 1711 1714 1725 
4 1726 1727 1728 1729 
4 1727 1730 1731 1728 
4 1729 1728 1732 1733 
4 1728 1731 1734 1732 
4 300 644 1726 1735 
4 644 643 1727 1726 
4 643 642 1730 1727 
4 642 628 1720 1730 
4 1730 1720 1725 1731 
4 1731 1725 1724 1734 
4 1734 1724 938 937 
4 1732 1734 937 936 
4 1733 1732 936 935 
4 1736 1733 935 533 
4 1737 1729 1733 1736 
4 1735 1726 1729 1737 
4 1738 1739 1740 1741 
4 1739 1742 1743 1740 
4 1741 1740 1744 1745 
4 1740 1743 1746 1744 
4 390 388 1738 1721 
4 388 387 1739 1738 
4 387 386 1742 1739 
4 386 385 1682 1742 
4 1742 1682 1681 1743 
4 1743 1681 1680 1746 
4 1746 1680 1679 1747 
4 1744 1746 1747 1748 
4 1745 1744 1748 1749 
4 1723 1745 1749 969 
4 1722 1741 1745 1723 
4 1721 1738 1741 1722 
4 1750 1751 1752 1753 
4 1751 1754 1755 1752 
4 1753 1752 1756 1757 
4 1752 1755 1758 1756 
4 1051 1049 1750 1759 
4 1049 1048 1751 1750 
4 1048 1047 1754 1751 
4 1047 1046 1760 1754 
4 1754 1760 1761 1755 
4 1755 1761 1762 1758 
4 1758 1762 677 676 
4 1756 1758 676 675 
4 1757 1756 675 674 
4 1763 1757 674 659 
4 1764 1753 1757 1763 
4 1759 1750 1753 1764 
4 1765 1766 1767 1768 
4 1766 1769 1770 1767 
4 1768 1767 1771 1772 
4 1767 1770 1773 1771 
4 1067 1065 1765 1774 
4 1065 1064 1766 1765 
4 1064 1063 1769 1766 
4 1063 1051 1759 1769 
4 1769 1759 1764 1770 
4 1770 1764 1763 1773 
4 1773 1763 659 658 
4 1771 1773 658 657 
4 1772 1771 657 655 
4 1775 1772 655 654 
4 1776 1768 1772 1775 
4 1774 1765 1768 1776 
4 1777 1778 1779 1780 
4 1778 1781 1782 1779 
4 1780 1779 1783 1784 
4 1779 1782 1785 1783 
4 305 303 1777 1646 
4 303 302 1778 1777 
4 302 301 1781 1778 
4 301 300 1735 1781 
4 1781 1735 1737 1782 
4 1782 1737 1786 1785 
4 1785 1786 533 532 
4 1783 1785 532 531 
4 1784 1783 531 529 
4 1787 1784 529 528 
4 1649 1780 1784 1787 
4 1646 1777 1780 1649 
4 1788 1789 1790 1791 
4 1789 1792 1793 1790 
4 1791 1790 1794 1795 
4 1790 1793 1796 1794 
4 190 1797 1788 1394 
4 1797 1798 1789 1788 
4 1798 1799 1792 1789 
4 1799 201 1595 1792 
4 1792 1595 1605 1793 
4 1793 1605 1603 1796 
4 1796 1603 1604 1800 
4 1794 1796 1800 1801 
4 1795 1794 1801 1802 
4 1396 1795 1802 1397 
4 1395 1791 1795 1396 
4 1394 1788 1791 1395 
4 1803 1804 1805 1806 
4 1804 1807 1808 1805 
4 1806 1805 1809 1810 
4 1805 1808 1811 1809 
4 1459 1812 1803 1460 
4 1812 1813 1804 1803 
4 1813 1814 1807 1804 
4 1814 1429 1431 1807 
4 1807 1431 1444 1808 
4 1808 1444 1442 1811 
4 1811 1442 1443 1815 
4 1809 1811 1815 1816 
4 1810 1809 1816 1817 
4 1462 1810 1817 1463 
4 1461 1806 1810 1462 
4 1460 1803 1806 1461 
4 1818 1819 1820 1821 
4 1819 1822 1823 1820 
4 1821 1820 1824 1825 
4 1820 1823 1826 1824 
4 275 274 1818 1827 
4 274 273 1819 1818 
4 273 272 1822 1819 
4 272 271 1337 1822 
4 1822 1337 1349 1823 
4 1823 1349 1347 1826 
4 1826 1347 1348 1828 
4 1824 1826 1828 1829 
4 1825 1824 1829 1830 
4 1831 1825 1830 1832 
4 1833 1821 1825 1831 
4 1827 1818 1821 1833 
4 1834 1835 1836 1837 
4 1835 1838 1839 1836 
4 1837 1836 1840 1841 
4 1836 1839 1842 1840 
4 1223 1843 1834 1224 
4 1843 1844 1835 1834 
4 1844 1845 1838 1835 
4 1845 246 245 1838 
4 1838 245 244 1839 
4 1839 244 242 1842 
4 1842 242 241 1846 
4 1840 1842 1846 1847 
4 1841 1840 1847 1848 
4 1226 1841 1848 1227 
4 1225 1837 1841 1226 
4 1224 1834 1837 1225 
4 1849 1850 1851 1852 
4 1850 1853 1854 1851 
4 1852 1851 1855 1856 
4 1851 1854 1857 1855 
4 1223 1858 1849 1843 
4 1858 1859 1850 1849 
4 1859 1860 1853 1850 
4 1860 1861 1862 1853 
4 1853 1862 1863 1854 
4 1854 1863 1864 1857 
4 1857 1864 1865 1866 
4 1855 1857 1866 1867 
4 1856 1855 1867 1868 
4 1845 1856 1868 246 
4 1869 1852 1856 1845 
4 1843 1849 1852 1869 
4 1870 1871 1872 1873 
4 1871 1874 1875 1872 
4 1873 1872 1876 1877 
4 1872 1875 1878 1876 
4 561 1879 1870 1880 
4 1879 1881 1871 1870 
4 1881 1882 1874 1871 
4 1882 1227 1848 1874 
4 1874 1848 1847 1875 
4 1875 1847 1846 1878 
4 1878 1846 241 953 
4 1876 1878 953 952 
4 1877 1876 952 951 
4 1883 1877 951 132 
4 1884 1873 1877 1883 
4 1880 1870 1873 1884 
4 1885 1886 1887 1888 
4 1886 1889 1890 1887 
4 1888 1887 1891 1892 
4 1887 1890 1893 1891 
4 1894 1895 1885 1896 
4 1895 1897 1886 1885 
4 1897 1898 1889 1886 
4 1898 1178 1177 1889 
4 1889 1177 1176 1890 
4 1890 1176 1174 1893 
4 1893 1174 602 601 
4 1891 1893 601 600 
4 1892 1891 600 599 
4 1899 1892 599 406 
4 1900 1888 1892 1899 
4 1896 1885 1888 1900 
4 1901 1902 1903 1904 
4 1902 1905 1906 1903 
4 1904 1903 1907 1908 
4 1903 1906 1909 1907 
4 1910 1911 1901 1912 
4 1911 1913 1902 1901 
4 1913 1914 1905 1902 
4 1914 1894 1896 1905 
4 1905 1896 1900 1906 
4 1906 1900 1899 1909 
4 1909 1899 406 405 
4 1907 1909 405 404 
4 1908 1907 404 402 
4 1915 1908 402 401 
4 1916 1904 1908 1915 
4 1912 1901 1904 1916 
4 1917 1918 1919 1920 
4 1918 1921 1922 1919 
4 1920 1919 1923 1924 
4 1919 1922 1925 1923 
4 185 518 1917 1926 
4 518 517 1918 1917 
4 517 516 1921 1918 
4 516 515 1927 1921 
4 1921 1927 1928 1922 
4 1922 1928 1929 1925 
4 1925 1929 127 343 
4 1923 1925 343 342 
4 1924 1923 342 341 
4 1930 1924 341 206 
4 1931 1920 1924 1930 
4 1926 1917 1920 1931 
4 1932 1933 1934 1935 
4 1933 1936 1937 1934 
4 1935 1934 1938 1939 
4 1934 1937 1940 1938 
4 588 586 1932 1941 
4 586 585 1933 1932 
4 585 584 1936 1933 
4 584 583 1339 1936 
4 1936 1339 1338 1937 
4 1937 1338 1336 1940 
4 1940 1336 271 270 
4 1938 1940 270 269 
4 1939 1938 269 267 
4 1942 1939 267 266 
4 1943 1935 1939 1942 
4 1941 1932 1935 1943 
4 1944 1945 1946 1947 
4 1945 1948 1949 1946 
4 1947 1946 1950 1951 
4 1946 1949 1952 1950 
4 190 188 1944 1797 
4 188 187 1945 1944 
4 187 186 1948 1945 
4 186 185 1926 1948 
4 1948 1926 1931 1949 
4 1949 1931 1930 1952 
4 1952 1930 206 205 
4 1950 1952 205 204 
4 1951 1950 204 202 
4 1799 1951 202 201 
4 1798 1947 1951 1799 
4 1797 1944 1947 1798 
4 1953 1954 1955 1956 
4 1954 1957 1958 1955 
4 1956 1955 1959 1960 
4 1955 1958 1961 1959 
4 515 564 1953 1927 
4 564 563 1954 1953 
4 563 562 1957 1954 
4 562 561 1880 1957 
4 1957 1880 1884 1958 
4 1958 1884 1883 1961 
4 1961 1883 132 131 
4 1959 1961 131 130 
4 1960 1959 130 128 
4 1929 1960 128 127 
4 1928 1956 1960 1929 
4 1927 1953 1956 1928 
4 1962 1963 1964 1965 
4 1966 1967 1964 1963 
4 1968 1965 1964 1967 
4 1969 1970 1962 1971 
4 1970 1972 1963 1962 
4 1971 1962 1965 1973 
4 1974 1975 1966 1976 
4 1975 1977 1967 1966 
4 1976 1966 1963 1972 
4 1978 1979 1968 1980 
4 1979 1981 1965 1968 
4 1980 1968 1967 1977 
4 1982 1983 1984 1985 
4 1986 1987 1984 1983 
4 1988 1985 1984 1987 
4 1989 1990 1982 1991 
4 1990 1992 1983 1982 
4 1991 1982 1985 1993 
4 1994 1995 1986 1996 
4 1995 1997 1987 1986 
4 1996 1986 1983 1992 
4 1998 1999 1988 2000 
4 1999 1993 1985 1988 
4 2000 1988 1987 1997 
4 2001 2002 2003 2004 
4 2002 2005 2006 2003 
4 2004 2003 2007 2008 
4 2003 2006 2009 2007 
4 2010 2011 2001 2012 
4 2011 2013 2002 2001 
4 2013 2014 2005 2002 
4 2014 2015 2016 2005 
4 2005 2016 2017 2006 
4 2006 2017 2018 2009 
4 2009 2018 2019 2020 
4 2007 2009 2020 2021 
4 2008 2007 2021 2022 
4 2023 2008 2022 2024 
4 2025 2004 2008 2023 
4 2012 2001 2004 2025 
4 2026 2027 2028 2029 
4 2030 2031 2032 2033 
4 2034 2035 2032 2031 
4 2036 2037 2032 2035 
4 2038 2029 2032 2039 
4 2024 2022 2026 2040 
4 2022 2021 2027 2026 
4 2040 2026 2029 2041 
4 2019 2042 2030 2020 
4 2042 2043 2031 2030 
4 2020 2030 2033 2021 
4 1974 2044 2034 2045 
4 2044 1972 2035 2034 
4 2045 2034 2031 2043 
4 1969 2046 2036 1970 
4 2046 2047 2037 2036 
4 1970 2036 2035 1972 
4 2048 2049 2038 2050 
4 2049 2041 2029 2038 
4 2050 2038 2039 2047 
4 2051 2052 2053 2054 
4 2052 2055 2056 2053 
4 2054 2053 2057 2058 
4 2053 2056 2059 2057 
4 2060 2061 2051 2062 
4 2061 2063 2052 2051 
4 2063 2064 2055 2052 
4 2064 2065 2066 2055 
4 2055 2066 2067 2056 
4 2056 2067 2068 2059 
4 2059 2068 2069 2070 
4 2057 2059 2070 2071 
4 2058 2057 2071 2072 
4 2073 2058 2072 2074 
4 2075 2054 2058 2073 
4 2062 2051 2054 2075 
4 2076 2077 2078 2079 
4 2080 2081 2078 2077 
4 2082 2083 2078 2081 
4 2084 2085 2078 2083 
4 2086 2079 2078 2085 
4 2074 2072 2076 2087 
4 2072 2071 2077 2076 
4 2087 2076 2079 2088 
4 2069 2089 2080 2070 
4 2089 2090 2081 2080 
4 2070 2080 2077 2071 
4 2091 2092 2082 2093 
4 2092 2094 2083 2082 
4 2093 2082 2081 2095 
4 1994 1996 2084 2096 
4 1996 1992 2085 2084 
4 2096 2084 2083 2094 
4 1989 2097 2086 1990 
4 2097 2088 2079 2086 
4 1990 2086 2085 1992 
4 2098 2099 2100 2101 
4 2099 2102 2103 2100 
4 2101 2100 2104 2105 
4 2100 2103 2106 2104 
4 1989 1991 2098 2107 
4 1991 1993 2099 2098 
4 1993 1999 2102 2099 
4 1999 1998 2108 2102 
4 2102 2108 2109 2103 
4 2103 2109 2110 2106 
4 2106 2110 1978 1980 
4 2104 2106 1980 1977 
4 2105 2104 1977 1975 
4 2111 2105 1975 1974 
4 2112 2101 2105 2111 
4 2107 2098 2101 2112 
4 2113 2114 2115 2116 
4 2114 2117 2118 2115 
4 2116 2115 2119 2120 
4 2115 2118 2121 2119 
4 2074 2087 2113 2122 
4 2087 2088 2114 2113 
4 2088 2097 2117 2114 
4 2097 1989 2107 2117 
4 2117 2107 2112 2118 
4 2118 2112 2111 2121 
4 2121 2111 1974 2045 
4 2119 2121 2045 2043 
4 2120 2119 2043 2042 
4 2123 2120 2042 2019 
4 2124 2116 2120 2123 
4 2122 2113 2116 2124 
4 2125 2126 2127 2128 
4 2126 2129 2130 2127 
4 2128 2127 2131 2132 
4 2127 2130 2133 2131 
4 2060 2062 2125 2134 
4 2062 2075 2126 2125 
4 2075 2073 2129 2126 
4 2073 2074 2122 2129 
4 2129 2122 2124 2130 
4 2130 2124 2123 2133 
4 2133 2123 2019 2018 
4 2131 2133 2018 2017 
4 2132 2131 2017 2016 
4 2135 2132 2016 2015 
4 2136 2128 2132 2135 
4 2134 2125 2128 2136 
4 2137 2138 2139 2140 
4 2138 2141 2142 2139 
4 2140 2139 2143 2144 
4 2139 2142 2145 2143 
4 325 2146 2137 1127 
4 2146 323 2138 2137 
4 323 322 2141 2138 
4 322 321 2147 2141 
4 2141 2147 2148 2142 
4 2142 2148 2149 2145 
4 2145 2149 2150 2151 
4 2143 2145 2151 2152 
4 2144 2143 2152 2153 
4 1129 2144 2153 1130 
4 1128 2140 2144 1129 
4 1127 2137 2140 1128 
4 2154 2155 2156 2157 
4 2155 2158 2159 2156 
4 2157 2156 2160 2161 
4 2156 2159 2162 2160 
4 321 1308 2154 2147 
4 1308 1307 2155 2154 
4 1307 1306 2158 2155 
4 1306 52 54 2158 
4 2158 54 67 2159 
4 2159 67 65 2162 
4 2162 65 66 2163 
4 2160 2162 2163 2164 
4 2161 2160 2164 2165 
4 2149 2161 2165 2150 
4 2148 2157 2161 2149 
4 2147 2154 2157 2148 
4 2166 2167 2168 2169 
4 2167 2170 2171 2168 
4 2169 2168 2172 2173 
4 2168 2171 2174 2172 
4 246 1868 2166 247 
4 1868 1867 2167 2166 
4 1867 1866 2170 2167 
4 1866 1865 2175 2170 
4 2170 2175 2176 2171 
4 2171 2176 2177 2174 
4 2174 2177 2178 2179 
4 2172 2174 2179 2180 
4 2173 2172 2180 2181 
4 249 2173 2181 250 
4 248 2169 2173 249 
4 247 2166 2169 248 
4 2182 2183 2184 2185 
4 2183 2186 2187 2184 
4 2185 2184 2188 2189 
4 2184 2187 2190 2188 
4 376 623 2182 2191 
4 623 622 2183 2182 
4 622 620 2186 2183 
4 620 619 2192 2186 
4 2186 2192 2193 2187 
4 2187 2193 2194 2190 
4 2190 2194 1083 1082 
4 2188 2190 1082 1081 
4 2189 2188 1081 1079 
4 2195 2189 1079 1078 
4 2196 2185 2189 2195 
4 2191 2182 2185 2196 
4 2197 2198 2199 2200 
4 2198 2201 2202 2199 
4 2200 2199 2203 2204 
4 2199 2202 2205 2203 
4 1087 2206 2197 2207 
4 2206 2208 2198 2197 
4 2208 2209 2201 2198 
4 2209 91 89 2201 
4 2201 89 88 2202 
4 2202 88 87 2205 
4 2205 87 86 2210 
4 2203 2205 2210 2211 
4 2204 2203 2211 2212 
4 1090 2204 2212 1092 
4 1089 2200 2204 1090 
4 2207 2197 2200 1089 
4 2213 2214 2215 2216 
4 2214 2217 2218 2215 
4 2216 2215 2219 2220 
4 2215 2218 2221 2219 
4 1083 2194 2213 2222 
4 2194 2193 2214 2213 
4 2193 2192 2217 2214 
4 2192 619 641 2217 
4 2217 641 640 2218 
4 2218 640 639 2221 
4 2221 639 296 2223 
4 2219 2221 2223 2224 
4 2220 2219 2224 2225 
4 2226 2220 2225 2227 
4 2228 2216 2220 2226 
4 2222 2213 2216 2228 
4 2229 2230 2231 2232 
4 2230 2233 2234 2231 
4 2232 2231 2235 2236 
4 2231 2234 2237 2235 
4 1434 2238 2229 1435 
4 2238 2239 2230 2229 
4 2239 2240 2233 2230 
4 2240 1554 1556 2233 
4 2233 1556 1569 2234 
4 2234 1569 1567 2237 
4 2237 1567 1568 2241 
4 2235 2237 2241 2242 
4 2236 2235 2242 2243 
4 1437 2236 2243 1438 
4 1436 2232 2236 1437 
4 1435 2229 2232 1436 
4 2244 2245 2246 2247 
4 2245 2248 2249 2246 
4 2247 2246 2250 2251 
4 2246 2249 2252 2250 
4 2024 2040 2244 2253 
4 2040 2041 2245 2244 
4 2041 2049 2248 2245 
4 2049 2048 2254 2248 
4 2248 2254 2255 2249 
4 2249 2255 2256 2252 
4 2252 2256 2257 2258 
4 2250 2252 2258 2259 
4 2251 2250 2259 2260 
4 2261 2251 2260 2262 
4 2263 2247 2251 2261 
4 2253 2244 2247 2263 
4 2264 2265 2266 2267 
4 2265 2268 2269 2266 
4 2267 2266 2270 2271 
4 2266 2269 2272 2270 
4 2150 2165 2264 2273 
4 2165 2164 2265 2264 
4 2164 2163 2268 2265 
4 2163 66 2274 2268 
4 2268 2274 2275 2269 
4 2269 2275 2276 2272 
4 2272 2276 2277 2278 
4 2270 2272 2278 2279 
4 2271 2270 2279 2280 
4 2281 2271 2280 2282 
4 2283 2267 2271 2281 
4 2273 2264 2267 2283 
4 2284 2285 2286 2287 
4 2285 2288 2289 2286 
4 2287 2286 2290 2291 
4 2286 2289 2292 2290 
4 1994 2096 2284 2293 
4 2096 2094 2285 2284 
4 2094 2092 2288 2285 
4 2092 2091 2294 2288 
4 2288 2294 2295 2289 
4 2289 2295 2296 2292 
4 2292 2296 2297 2298 
4 2290 2292 2298 2299 
4 2291 2290 2299 2300 
4 2301 2291 2300 2302 
4 2303 2287 2291 2301 
4 2293 2284 2287 2303 
4 2304 2305 2306 2307 
4 2305 2308 2309 2306 
4 2307 2306 2310 2311 
4 2306 2309 2312 2310 
4 61 716 2304 2313 
4 716 715 2305 2304 
4 715 714 2308 2305 
4 714 713 2314 2308 
4 2308 2314 2315 2309 
4 2309 2315 2316 2312 
4 2312 2316 2317 2318 
4 2310 2312 2318 2319 
4 2311 2310 2319 2320 
4 2321 2311 2320 2322 
4 2323 2307 2311 2321 
4 2313 2304 2307 2323 
4 2324 2325 2326 2327 
4 2325 2328 2329 2326 
4 2327 2326 2330 2331 
4 2326 2329 2332 2330 
4 2048 2050 2324 2254 
4 2050 2047 2325 2324 
4 2047 2046 2328 2325 
4 2046 1969 2333 2328 
4 2328 2333 2334 2329 
4 2329 2334 2335 2332 
4 2332 2335 2336 2337 
4 2330 2332 2337 2338 
4 2331 2330 2338 2339 
4 2256 2331 2339 2257 
4 2255 2327 2331 2256 
4 2254 2324 2327 2255 
4 2340 2341 2342 2343 
4 2341 2344 2345 2342 
4 2343 2342 2346 2347 
4 2342 2345 2348 2346 
4 1207 1205 2340 2349 
4 1205 1204 2341 2340 
4 1204 1203 2344 2341 
4 1203 756 2350 2344 
4 2344 2350 2351 2345 
4 2345 2351 2352 2348 
4 2348 2352 2353 2354 
4 2346 2348 2354 2355 
4 2347 2346 2355 2356 
4 2357 2347 2356 2358 
4 2359 2343 2347 2357 
4 2349 2340 2343 2359 
4 2360 2361 2362 2363 
4 2361 2364 2365 2362 
4 2363 2362 2366 2367 
4 2362 2365 2368 2366 
4 694 1133 2360 2369 
4 1133 1132 2361 2360 
4 1132 1131 2364 2361 
4 1131 1130 2370 2364 
4 2364 2370 2371 2365 
4 2365 2371 2372 2368 
4 2368 2372 2373 2374 
4 2366 2368 2374 2375 
4 2367 2366 2375 2376 
4 2377 2367 2376 2378 
4 2379 2363 2367 2377 
4 2369 2360 2363 2379 
4 2380 2381 2382 2383 
4 2381 2384 2385 2382 
4 2383 2382 2386 2387 
4 2382 2385 2388 2386 
4 2010 2012 2380 2389 
4 2012 2025 2381 2380 
4 2025 2023 2384 2381 
4 2023 2024 2253 2384 
4 2384 2253 2263 2385 
4 2385 2263 2261 2388 
4 2388 2261 2262 2390 
4 2386 2388 2390 2391 
4 2387 2386 2391 2392 
4 2393 2387 2392 2394 
4 2395 2383 2387 2393 
4 2389 2380 2383 2395 
4 2396 2397 2398 2399 
4 2397 2400 2401 2398 
4 2399 2398 2402 2403 
4 2398 2401 2404 2402 
4 699 697 2396 2405 
4 697 696 2397 2396 
4 696 695 2400 2397 
4 695 694 2369 2400 
4 2400 2369 2379 2401 
4 2401 2379 2377 2404 
4 2404 2377 2378 2406 
4 2402 2404 2406 2407 
4 2403 2402 2407 2408 
4 2409 2403 2408 2410 
4 2411 2399 2403 2409 
4 2405 2396 2399 2411 
4 2412 2413 2414 2415 
4 2413 2416 2417 2414 
4 2415 2414 2418 2419 
4 2414 2417 2420 2418 
4 2060 2134 2412 2421 
4 2134 2136 2413 2412 
4 2136 2135 2416 2413 
4 2135 2422 2423 2416 
4 2416 2423 2424 2417 
4 2417 2424 2425 2420 
4 2420 2425 255 253 
4 2418 2420 253 252 
4 2419 2418 252 251 
4 2426 2419 251 250 
4 2427 2415 2419 2426 
4 2421 2412 2415 2427 
4 2428 2429 2430 2431 
4 2429 2432 2433 2430 
4 2431 2430 2434 2435 
4 2430 2433 2436 2434 
4 2065 2064 2428 2437 
4 2064 2063 2429 2428 
4 2063 2061 2432 2429 
4 2061 2060 2438 2432 
4 2432 2438 2427 2433 
4 2433 2427 2426 2436 
4 2436 2426 250 2181 
4 2434 2436 2181 2180 
4 2435 2434 2180 2179 
4 2439 2435 2179 2178 
4 2440 2431 2435 2439 
4 2437 2428 2431 2440 
4 2441 2442 2443 2444 
4 2442 2445 2446 2443 
4 2444 2443 2447 2448 
4 2443 2446 2449 2447 
4 2422 2014 2441 2423 
4 2014 2013 2442 2441 
4 2013 2011 2445 2442 
4 2011 2010 2450 2445 
4 2445 2450 2451 2446 
4 2446 2451 2452 2449 
4 2449 2452 713 956 
4 2447 2449 956 955 
4 2448 2447 955 2453 
4 2425 2448 2453 255 
4 2424 2444 2448 2425 
4 2423 2441 2444 2424 
4 2454 2455 2456 2457 
4 2455 2458 2459 2456 
4 2457 2456 2460 2461 
4 2456 2459 2462 2460 
4 2297 2463 2454 2464 
4 2463 2465 2455 2454 
4 2465 2466 2458 2455 
4 2466 2467 2468 2458 
4 2458 2468 2469 2459 
4 2459 2469 2470 2462 
4 2462 2470 2471 2472 
4 2460 2462 2472 2473 
4 2461 2460 2473 2474 
4 2475 2461 2474 2476 
4 2477 2457 2461 2475 
4 2464 2454 2457 2477 
4 2478 2479 2480 2481 
4 2479 2482 2483 2480 
4 2481 2480 2484 2485 
4 2480 2483 2486 2484 
4 2394 2392 2478 2487 
4 2392 2391 2479 2478 
4 2391 2390 2482 2479 
4 2390 2262 2488 2482 
4 2482 2488 2489 2483 
4 2483 2489 2490 2486 
4 2486 2490 2322 2491 
4 2484 2486 2491 2319 
4 2485 2484 2319 2318 
4 2492 2485 2318 2317 
4 2493 2481 2485 2492 
4 2487 2478 2481 2493 
4 2494 2495 2496 2497 
4 2495 2498 2499 2496 
4 2497 2496 2500 2501 
4 2496 2499 2502 2500 
4 2257 2339 2494 2503 
4 2339 2338 2495 2494 
4 2338 2337 2498 2495 
4 2337 2336 2504 2498 
4 2498 2504 2505 2499 
4 2499 2505 2506 2502 
4 2502 2506 2507 2508 
4 2500 2502 2508 2509 
4 2501 2500 2509 2510 
4 2511 2501 2510 2512 
4 2513 2497 2501 2511 
4 2503 2494 2497 2513 
4 2514 2515 2516 2517 
4 2515 2518 2519 2516 
4 2517 2516 2520 2521 
4 2516 2519 2522 2520 
4 2302 2300 2514 2523 
4 2300 2299 2515 2514 
4 2299 2298 2518 2515 
4 2298 2297 2464 2518 
4 2518 2464 2524 2519 
4 2519 2524 2475 2522 
4 2522 2475 2476 2525 
4 2520 2522 2525 2526 
4 2521 2520 2526 2527 
4 2528 2521 2527 2529 
4 2530 2517 2521 2528 
4 2523 2514 2517 2530 
4 2531 2532 2533 2534 
4 2532 2535 2536 2533 
4 2534 2533 2537 2538 
4 2533 2536 2539 2537 
4 2262 2260 2531 2488 
4 2260 2259 2532 2531 
4 2259 2258 2535 2532 
4 2258 2257 2503 2535 
4 2535 2503 2513 2536 
4 2536 2513 2511 2539 
4 2539 2511 2512 2540 
4 2537 2539 2540 2541 
4 2538 2537 2541 2542 
4 2490 2538 2542 2322 
4 2489 2534 2538 2490 
4 2488 2531 2534 2489 
4 2543 2544 2545 2546 
4 2544 2547 2548 2545 
4 2546 2545 2549 2550 
4 2545 2548 2551 2549 
4 2552 2553 2543 2554 
4 2553 2555 2544 2543 
4 2555 2556 2547 2544 
4 2556 2557 2558 2547 
4 2547 2558 2559 2548 
4 2548 2559 2560 2551 
4 2551 2560 2561 2562 
4 2549 2551 2562 2563 
4 2550 2549 2563 2564 
4 2565 2550 2564 2566 
4 2567 2546 2550 2565 
4 2554 2543 2546 2567 
4 2568 2569 2570 2571 
4 2569 2572 2573 2570 
4 2571 2570 2574 2575 
4 2570 2573 2576 2574 
4 2336 2577 2568 2504 
4 2577 2578 2569 2568 
4 2578 2579 2572 2569 
4 2579 2552 2554 2572 
4 2572 2554 2567 2573 
4 2573 2567 2565 2576 
4 2576 2565 2566 2580 
4 2574 2576 2580 2581 
4 2575 2574 2581 2582 
4 2506 2575 2582 2507 
4 2505 2571 2575 2506 
4 2504 2568 2571 2505 
4 2583 2584 2585 2586 
4 2584 2587 2588 2585 
4 2586 2585 2589 2590 
4 2585 2588 2591 2589 
4 2557 2592 2583 2558 
4 2592 2593 2584 2583 
4 2593 2594 2587 2584 
4 2594 2595 2523 2587 
4 2587 2523 2530 2588 
4 2588 2530 2528 2591 
4 2591 2528 2529 2596 
4 2589 2591 2596 2597 
4 2590 2589 2597 2598 
4 2560 2590 2598 2561 
4 2559 2586 2590 2560 
4 2558 2583 2586 2559 
4 2599 2600 2601 2602 
4 2600 2603 2604 2601 
4 2602 2601 2605 2606 
4 2601 2604 2607 2605 
4 2467 2608 2599 2468 
4 2608 2609 2600 2599 
4 2609 2610 2603 2600 
4 2610 2611 2612 2603 
4 2603 2612 2613 2604 
4 2604 2613 2614 2607 
4 2607 2614 2615 2616 
4 2605 2607 2616 2617 
4 2606 2605 2617 2618 
4 2470 2606 2618 2471 
4 2619 2602 2606 2470 
4 2468 2599 2602 2619 
4 2620 2621 2622 2623 
4 2621 2624 2625 2622 
4 2623 2622 2626 2627 
4 2622 2625 2628 2626 
4 756 754 2620 2350 
4 754 753 2621 2620 
4 753 752 2624 2621 
4 752 699 2405 2624 
4 2624 2405 2411 2625 
4 2625 2411 2409 2628 
4 2628 2409 2410 2629 
4 2626 2628 2629 2630 
4 2627 2626 2630 2631 
4 2352 2627 2631 2353 
4 2351 2623 2627 2352 
4 2350 2620 2623 2351 
4 2632 2633 2634 2635 
4 2633 2636 2637 2634 
4 2635 2634 2638 2639 
4 2634 2637 2640 2638 
4 1978 2110 2632 2641 
4 2110 2109 2633 2632 
4 2109 2642 2636 2633 
4 2642 1998 2643 2636 
4 2636 2643 2644 2637 
4 2637 2644 2645 2640 
4 2640 2645 2557 2556 
4 2638 2640 2556 2555 
4 2639 2638 2555 2553 
4 2646 2639 2553 2552 
4 2647 2635 2639 2646 
4 2641 2632 2635 2647 
4 2648 2649 2650 2651 
4 2649 2652 2653 2650 
4 2651 2650 2654 2655 
4 2650 2653 2656 2654 
4 66 64 2648 2274 
4 64 2657 2649 2648 
4 2657 62 2652 2649 
4 62 61 2313 2652 
4 2652 2313 2323 2653 
4 2653 2323 2321 2656 
4 2656 2321 2322 2658 
4 2654 2656 2658 2659 
4 2655 2654 2659 2660 
4 2276 2655 2660 2277 
4 2275 2651 2655 2276 
4 2274 2648 2651 2275 
4 2661 2662 2663 2664 
4 2662 2665 2666 2663 
4 2664 2663 2667 2668 
4 2663 2666 2669 2667 
4 1969 1971 2661 2333 
4 1971 1973 2662 2661 
4 1973 1979 2665 2662 
4 1979 1978 2641 2665 
4 2665 2641 2647 2666 
4 2666 2647 2646 2669 
4 2669 2646 2552 2579 
4 2667 2669 2579 2578 
4 2668 2667 2578 2577 
4 2335 2668 2577 2336 
4 2334 2664 2668 2335 
4 2333 2661 2664 2334 
4 2670 2671 2672 2673 
4 2671 2674 2675 2672 
4 2673 2672 2676 2677 
4 2672 2675 2678 2676 
4 1187 1185 2670 2679 
4 1185 1184 2671 2670 
4 1184 1183 2674 2671 
4 1183 1182 2680 2674 
4 2674 2680 2681 2675 
4 2675 2681 2682 2678 
4 2678 2682 2683 2684 
4 2676 2678 2684 2685 
4 2677 2676 2685 2686 
4 2687 2677 2686 2688 
4 2689 2673 2677 2687 
4 2679 2670 2673 2689 
4 2690 2691 2692 2693 
4 2691 2694 2695 2692 
4 2693 2692 2696 2697 
4 2692 2695 2698 2696 
4 2065 2437 2690 2699 
4 2437 2440 2691 2690 
4 2440 2439 2694 2691 
4 2439 2178 2700 2694 
4 2694 2700 2701 2695 
4 2695 2701 2702 2698 
4 2698 2702 2615 2614 
4 2696 2698 2614 2613 
4 2697 2696 2613 2612 
4 2703 2697 2612 2611 
4 2704 2693 2697 2703 
4 2699 2690 2693 2704 
4 2705 2706 2707 2708 
4 2706 2709 2710 2707 
4 2708 2707 2711 2712 
4 2707 2710 2713 2711 
4 713 2452 2705 2314 
4 2452 2451 2706 2705 
4 2451 2450 2709 2706 
4 2450 2010 2389 2709 
4 2709 2389 2395 2710 
4 2710 2395 2393 2713 
4 2713 2393 2394 2487 
4 2711 2713 2487 2493 
4 2712 2711 2493 2492 
4 2316 2712 2492 2317 
4 2315 2708 2712 2316 
4 2314 2705 2708 2315 
4 2714 2715 2716 2717 
4 2715 2718 2719 2716 
4 2717 2716 2720 2721 
4 2716 2719 2722 2720 
4 1998 2000 2714 2643 
4 2000 1997 2715 2714 
4 1997 1995 2718 2715 
4 1995 1994 2293 2718 
4 2718 2293 2303 2719 
4 2719 2303 2301 2722 
4 2722 2301 2302 2594 
4 2720 2722 2594 2593 
4 2721 2720 2593 2592 
4 2645 2721 2592 2557 
4 2644 2717 2721 2645 
4 2643 2714 2717 2644 
4 2723 2724 2725 2726 
4 2724 2727 2728 2725 
4 2726 2725 2729 2730 
4 2725 2728 2731 2729 
4 1130 2153 2723 2370 
4 2153 2152 2724 2723 
4 2152 2151 2727 2724 
4 2151 2150 2273 2727 
4 2727 2273 2283 2728 
4 2728 2283 2281 2731 
4 2731 2281 2282 2732 
4 2729 2731 2732 2733 
4 2730 2729 2733 2734 
4 2372 2730 2734 2373 
4 2371 2726 2730 2372 
4 2370 2723 2726 2371 
4 2735 2736 2737 2738 
4 2736 2739 2740 2737 
4 2738 2737 2741 2742 
4 2737 2740 2743 2741 
4 2091 2093 2735 2294 
4 2093 2090 2736 2735 
4 2090 2089 2739 2736 
4 2089 2069 2744 2739 
4 2739 2744 2745 2740 
4 2740 2745 2746 2743 
4 2743 2746 2467 2466 
4 2741 2743 2466 2465 
4 2742 2741 2465 2463 
4 2296 2742 2463 2297 
4 2295 2738 2742 2296 
4 2294 2735 2738 2295 
4 2747 2748 2749 2750 
4 2748 2751 2752 2749 
4 2750 2749 2753 2754 
4 2749 2752 2755 2753 
4 2069 2068 2747 2744 
4 2068 2067 2748 2747 
4 2067 2066 2751 2748 
4 2066 2065 2699 2751 
4 2751 2699 2704 2752 
4 2752 2704 2703 2755 
4 2755 2703 2611 2610 
4 2753 2755 2610 2609 
4 2754 2753 2609 2608 
4 2746 2754 2608 2467 
4 2745 2750 2754 2746 
4 2744 2747 2750 2745 
4 2756 2757 2758 2759 
4 2757 2760 2761 2758 
4 2759 2758 2762 2763 
4 2758 2761 2764 2762 
4 2765 2766 2756 2767 
4 2766 2768 2757 2756 
4 2768 2769 2760 2757 
4 2769 2770 2771 2760 
4 2760 2771 2772 2761 
4 2761 2772 2773 2764 
4 2764 2773 2774 2775 
4 2762 2764 2775 2776 
4 2763 2762 2776 2777 
4 2778 2763 2777 2779 
4 2780 2759 2763 2778 
4 2767 2756 2759 2780 
4 2781 2782 2783 2784 
4 2782 2785 2786 2783 
4 2784 2783 2787 2788 
4 2783 2786 2789 2787 
4 2790 2791 2781 2792 
4 2791 2793 2782 2781 
4 2793 2794 2785 2782 
4 2794 2795 2796 2785 
4 2785 2796 2797 2786 
4 2786 2797 2798 2789 
4 2789 2798 2799 2800 
4 2787 2789 2800 2801 
4 2788 2787 2801 2802 
4 2803 2788 2802 2804 
4 2805 2784 2788 2803 
4 2792 2781 2784 2805 
4 2806 2807 2808 2809 
4 2807 2810 2811 2808 
4 2809 2808 2812 2813 
4 2808 2811 2814 2812 
4 2815 2816 2806 2817 
4 2816 2818 2807 2806 
4 2818 2819 2810 2807 
4 2819 2820 2821 2810 
4 2810 2821 2822 2811 
4 2811 2822 2823 2814 
4 2814 2823 2824 2825 
4 2812 2814 2825 2826 
4 2813 2812 2826 2827 
4 2828 2813 2827 2829 
4 2830 2809 2813 2828 
4 2817 2806 2809 2830 
4 2831 2832 2833 2834 
4 2832 2835 2836 2833 
4 2834 2833 2837 2838 
4 2833 2836 2839 2837 
4 2770 2840 2831 2771 
4 2840 2841 2832 2831 
4 2841 2842 2835 2832 
4 2842 2815 2817 2835 
4 2835 2817 2830 2836 
4 2836 2830 2828 2839 
4 2839 2828 2829 2843 
4 2837 2839 2843 2844 
4 2838 2837 2844 2845 
4 2773 2838 2845 2774 
4 2772 2834 2838 2773 
4 2771 2831 2834 2772 
4 2846 2847 2848 2849 
4 2847 2850 2851 2848 
4 2849 2848 2852 2853 
4 2848 2851 2854 2852 
4 2855 2856 2846 2857 
4 2856 2858 2847 2846 
4 2858 2859 2850 2847 
4 2859 2860 2861 2850 
4 2850 2861 2862 2851 
4 2851 2862 2863 2854 
4 2854 2863 2864 2865 
4 2852 2854 2865 2866 
4 2853 2852 2866 2867 
4 2868 2853 2867 2869 
4 2870 2849 2853 2868 
4 2857 2846 2849 2870 
4 2871 2872 2873 2874 
4 2872 2875 2876 2873 
4 2874 2873 2877 2878 
4 2873 2876 2879 2877 
4 731 1262 2871 2880 
4 1262 1261 2872 2871 
4 1261 1260 2875 2872 
4 1260 792 2881 2875 
4 2875 2881 2882 2876 
4 2876 2882 2883 2879 
4 2879 2883 1218 1220 
4 2877 2879 1220 1233 
4 2878 2877 1233 1231 
4 2884 2878 1231 1232 
4 2885 2874 2878 2884 
4 2880 2871 2874 2885 
4 2886 2887 2888 2889 
4 2887 2890 2891 2888 
4 2889 2888 2892 2893 
4 2888 2891 2894 2892 
4 792 794 2886 2881 
4 794 807 2887 2886 
4 807 805 2890 2887 
4 805 2895 2896 2890 
4 2890 2896 2897 2891 
4 2891 2897 2898 2894 
4 2894 2898 1223 1222 
4 2892 2894 1222 1221 
4 2893 2892 1221 1219 
4 2883 2893 1219 1218 
4 2882 2889 2893 2883 
4 2881 2886 2889 2882 
4 2899 2900 2901 2902 
4 2900 2903 2904 2901 
4 2902 2901 2905 2906 
4 2901 2904 2907 2905 
4 735 734 2899 2908 
4 734 733 2900 2899 
4 733 732 2903 2900 
4 732 731 2880 2903 
4 2903 2880 2885 2904 
4 2904 2885 2884 2907 
4 2907 2884 1232 1230 
4 2905 2907 1230 1229 
4 2906 2905 1229 1228 
4 2909 2906 1228 1227 
4 2910 2902 2906 2909 
4 2908 2899 2902 2910 
4 2911 2912 2913 2914 
4 2912 2915 2916 2913 
4 2914 2913 2917 2918 
4 2913 2916 2919 2917 
4 740 738 2911 2920 
4 738 737 2912 2911 
4 737 736 2915 2912 
4 736 735 2908 2915 
4 2915 2908 2910 2916 
4 2916 2910 2909 2919 
4 2919 2909 1227 1882 
4 2917 2919 1882 1881 
4 2918 2917 1881 1879 
4 2921 2918 1879 561 
4 2922 2914 2918 2921 
4 2920 2911 2914 2922 
4 2923 2924 2925 2926 
4 2924 2927 2928 2925 
4 2926 2925 2929 2930 
4 2925 2928 2931 2929 
4 806 804 2923 2896 
4 804 803 2924 2923 
4 803 802 2927 2924 
4 802 801 2932 2927 
4 2927 2932 2933 2928 
4 2928 2933 2934 2931 
4 2931 2934 1861 1860 
4 2929 2931 1860 1859 
4 2930 2929 1859 1858 
4 2898 2930 1858 1223 
4 2897 2926 2930 2898 
4 2896 2923 2926 2897 
4 2935 2936 2937 2938 
4 2936 2939 2940 2937 
4 2938 2937 2941 2942 
4 2937 2940 2943 2941 
4 2860 2944 2935 2861 
4 2944 2945 2936 2935 
4 2945 2946 2939 2936 
4 2946 2765 2767 2939 
4 2939 2767 2780 2940 
4 2940 2780 2778 2943 
4 2943 2778 2779 2947 
4 2941 2943 2947 2948 
4 2942 2941 2948 2949 
4 2863 2942 2949 2864 
4 2862 2938 2942 2863 
4 2861 2935 2938 2862 
4 2950 2951 2952 2953 
4 2951 2954 2955 2952 
4 2953 2952 2956 2957 
4 2952 2955 2958 2956 
4 1022 1274 2950 2959 
4 1274 1276 2951 2950 
4 1276 1275 2954 2951 
4 1275 772 2960 2954 
4 2954 2960 2961 2955 
4 2955 2961 2962 2958 
4 2958 2962 1679 1678 
4 2956 2958 1678 2963 
4 2957 2956 2963 1676 
4 2964 2957 1676 1675 
4 2965 2953 2957 2964 
4 2959 2950 2953 2965 
4 2966 2967 2968 2969 
4 2967 2970 2971 2968 
4 2969 2968 2972 2973 
4 2968 2971 2974 2972 
4 1027 1026 2966 2975 
4 1026 1025 2967 2966 
4 1025 1023 2970 2967 
4 1023 1022 2959 2970 
4 2970 2959 2965 2971 
4 2971 2965 2964 2974 
4 2974 2964 1675 1698 
4 2972 2974 1698 1697 
4 2973 2972 1697 1696 
4 2976 2973 1696 1695 
4 2977 2969 2973 2976 
4 2975 2966 2969 2977 
4 2978 2979 2980 2981 
4 2979 2982 2983 2980 
4 2981 2980 2984 2985 
4 2980 2983 2986 2984 
4 772 771 2978 2960 
4 771 770 2979 2978 
4 770 768 2982 2979 
4 768 767 2987 2982 
4 2982 2987 2988 2983 
4 2983 2988 2989 2986 
4 2986 2989 969 1749 
4 2984 2986 1749 1748 
4 2985 2984 1748 1747 
4 2962 2985 1747 1679 
4 2990 2981 2985 2962 
4 2960 2978 2981 2990 
4 2991 2992 2993 2994 
4 2992 2995 2996 2993 
4 2994 2993 2997 2998 
4 2993 2996 2999 2997 
4 3000 3001 2991 3002 
4 3001 3003 2992 2991 
4 3003 3004 2995 2992 
4 3004 3005 3006 2995 
4 2995 3006 3007 2996 
4 2996 3007 3008 2999 
4 2999 3008 3009 3010 
4 2997 2999 3010 3011 
4 2998 2997 3011 3012 
4 3013 2998 3012 3014 
4 3015 2994 2998 3013 
4 3002 2991 2994 3015 
4 3016 3017 3018 3019 
4 3017 3020 3021 3018 
4 3019 3018 3022 3023 
4 3018 3021 3024 3022 
4 3025 3026 3016 3027 
4 3026 3028 3017 3016 
4 3028 3029 3020 3017 
4 3029 3000 3002 3020 
4 3020 3002 3015 3021 
4 3021 3015 3013 3024 
4 3024 3013 3014 3030 
4 3022 3024 3030 3031 
4 3023 3022 3031 3032 
4 3033 3023 3032 2804 
4 3034 3019 3023 3033 
4 3027 3016 3019 3034 
4 3035 3036 3037 3038 
4 3036 3039 3040 3037 
4 3038 3037 3041 3042 
4 3037 3040 3043 3041 
4 2864 2949 3035 2865 
4 2949 2948 3036 3035 
4 2948 2947 3039 3036 
4 2947 2779 3044 3039 
4 3039 3044 3045 3040 
4 3040 3045 3046 3043 
4 3043 3046 3047 3048 
4 3041 3043 3048 3049 
4 3042 3041 3049 3050 
4 2867 3042 3050 2869 
4 2866 3038 3042 2867 
4 2865 3035 3038 2866 
4 3051 3052 3053 3054 
4 3052 3055 3056 3053 
4 3054 3053 3057 3058 
4 3053 3056 3059 3057 
4 2779 2777 3051 3044 
4 2777 2776 3052 3051 
4 2776 2775 3055 3052 
4 2775 2774 3060 3055 
4 3055 3060 3061 3056 
4 3056 3061 3062 3059 
4 3059 3062 3063 3064 
4 3057 3059 3064 3065 
4 3058 3057 3065 3066 
4 3046 3058 3066 3047 
4 3045 3054 3058 3046 
4 3044 3051 3054 3045 
4 3067 3068 3069 3070 
4 3068 3071 3072 3069 
4 3070 3069 3073 3074 
4 3069 3072 3075 3073 
4 3076 3077 3067 3078 
4 3077 3079 3068 3067 
4 3079 3080 3071 3068 
4 3080 3025 3027 3071 
4 3071 3027 3034 3072 
4 3072 3034 3033 3075 
4 3075 3033 2804 3081 
4 3073 3075 3081 2801 
4 3074 3073 2801 2800 
4 3082 3074 2800 2799 
4 3083 3070 3074 3082 
4 3078 3067 3070 3083 
4 3084 3085 3086 3087 
4 3085 3088 3089 3086 
4 3087 3086 3090 3091 
4 3086 3089 3092 3090 
4 2774 2845 3084 3060 
4 2845 2844 3085 3084 
4 2844 2843 3088 3085 
4 2843 2829 2827 3088 
4 3088 2827 2826 3089 
4 3089 2826 2825 3092 
4 3092 2825 2824 3093 
4 3090 3092 3093 3094 
4 3091 3090 3094 3095 
4 3062 3091 3095 3063 
4 3061 3087 3091 3062 
4 3060 3084 3087 3061 
4 3096 3097 3098 3099 
4 3097 3100 3101 3098 
4 3099 3098 3102 3103 
4 3098 3101 3104 3102 
4 3105 3106 3096 3107 
4 3106 3108 3097 3096 
4 3108 3109 3100 3097 
4 3109 3110 3111 3100 
4 3100 3111 3112 3101 
4 3101 3112 3113 3104 
4 3104 3113 3025 3080 
4 3102 3104 3080 3079 
4 3103 3102 3079 3077 
4 3114 3103 3077 3076 
4 3115 3099 3103 3114 
4 3107 3096 3099 3115 
4 3116 3117 3118 3119 
4 3117 3120 3121 3118 
4 3119 3118 3122 3123 
4 3118 3121 3124 3122 
4 3125 3126 3116 3127 
4 3126 3128 3117 3116 
4 3128 3129 3120 3117 
4 3129 3130 3131 3120 
4 3120 3131 3132 3121 
4 3121 3132 3133 3124 
4 3124 3133 3014 3012 
4 3122 3124 3012 3011 
4 3123 3122 3011 3010 
4 3134 3123 3010 3009 
4 3135 3119 3123 3134 
4 3127 3116 3119 3135 
4 3136 3137 3138 3139 
4 3137 3140 3141 3138 
4 3139 3138 3142 3143 
4 3138 3141 3144 3142 
4 2795 3145 3136 2796 
4 3145 3146 3137 3136 
4 3146 3147 3140 3137 
4 3147 3105 3107 3140 
4 3140 3107 3115 3141 
4 3141 3115 3114 3144 
4 3144 3114 3076 3078 
4 3142 3144 3078 3083 
4 3143 3142 3083 3082 
4 2798 3143 3082 2799 
4 2797 3139 3143 2798 
4 2796 3136 3139 2797 
4 3148 3149 3150 3151 
4 3149 3152 3153 3150 
4 3151 3150 3154 3155 
4 3150 3153 3156 3154 
4 3130 3157 3148 3131 
4 3157 3158 3149 3148 
4 3158 3159 3152 3149 
4 3159 2790 2792 3152 
4 3152 2792 2805 3153 
4 3153 2805 2803 3156 
4 3156 2803 2804 3032 
4 3154 3156 3032 3031 
4 3155 3154 3031 3030 
4 3133 3155 3030 3014 
4 3132 3151 3155 3133 
4 3131 3148 3151 3132 
4 3160 3161 3162 3163 
4 3161 3164 3165 3162 
4 3163 3162 3166 3167 
4 3162 3165 3168 3166 
4 3169 3170 3160 3171 
4 3170 3172 3161 3160 
4 3172 3173 3164 3161 
4 3173 3174 3175 3164 
4 3164 3175 3176 3165 
4 3165 3176 3177 3168 
4 3168 3177 3178 3179 
4 3166 3168 3179 3180 
4 3167 3166 3180 3181 
4 3182 3167 3181 3183 
4 3184 3163 3167 3182 
4 3171 3160 3163 3184 
4 3185 3186 3187 3188 
4 3186 3189 3190 3187 
4 3188 3187 3191 3192 
4 3187 3190 3193 3191 
4 3194 3195 3185 3196 
4 3195 3197 3186 3185 
4 3197 3198 3189 3186 
4 3198 3199 3200 3189 
4 3189 3200 3201 3190 
4 3190 3201 3202 3193 
4 3193 3202 3005 3004 
4 3191 3193 3004 3003 
4 3192 3191 3003 3001 
4 3203 3192 3001 3000 
4 3204 3188 3192 3203 
4 3196 3185 3188 3204 
4 3205 3206 3207 3208 
4 3206 3209 3210 3207 
4 3208 3207 3211 3212 
4 3207 3210 3213 3211 
4 3199 3214 3205 3200 
4 3214 3215 3206 3205 
4 3215 3216 3209 3206 
4 3216 3125 3127 3209 
4 3209 3127 3135 3210 
4 3210 3135 3134 3213 
4 3213 3134 3009 3008 
4 3211 3213 3008 3007 
4 3212 3211 3007 3006 
4 3202 3212 3006 3005 
4 3201 3208 3212 3202 
4 3200 3205 3208 3201 
4 3217 3218 3219 3220 
4 3218 3221 3222 3219 
4 3220 3219 3223 3224 
4 3219 3222 3225 3223 
4 3226 3227 3217 3228 
4 3227 3229 3218 3217 
4 3229 3230 3221 3218 
4 3230 3169 3171 3221 
4 3221 3171 3184 3222 
4 3222 3184 3182 3225 
4 3225 3182 3183 3231 
4 3223 3225 3231 3232 
4 3224 3223 3232 3233 
4 3234 3224 3233 3235 
4 3236 3220 3224 3234 
4 3228 3217 3220 3236 
4 3237 3238 3239 3240 
4 3238 3241 3242 3239 
4 3240 3239 3243 3244 
4 3239 3242 3245 3243 
4 3110 3246 3237 3111 
4 3246 3247 3238 3237 
4 3247 3248 3241 3238 
4 3248 3194 3196 3241 
4 3241 3196 3204 3242 
4 3242 3204 3203 3245 
4 3245 3203 3000 3029 
4 3243 3245 3029 3028 
4 3244 3243 3028 3026 
4 3113 3244 3026 3025 
4 3112 3240 3244 3113 
4 3111 3237 3240 3112 
4 3249 3250 3251 3252 
4 3250 3253 3254 3251 
4 3252 3251 3255 3256 
4 3251 3254 3257 3255 
4 3174 3258 3249 3175 
4 3258 3259 3250 3249 
4 3259 3260 3253 3250 
4 3260 3261 3262 3253 
4 3253 3262 3263 3254 
4 3254 3263 3264 3257 
4 3257 3264 3265 3266 
4 3255 3257 3266 3267 
4 3256 3255 3267 3268 
4 3177 3256 3268 3178 
4 3176 3252 3256 3177 
4 3175 3249 3252 3176 
4 3269 3270 3271 3272 
4 3270 3273 3274 3271 
4 3272 3271 3275 3276 
4 3271 3274 3277 3275 
4 91 2209 3269 361 
4 2209 2208 3270 3269 
4 2208 2206 3273 3270 
4 2206 1087 3278 3273 
4 3273 3278 3279 3274 
4 3274 3279 3280 3277 
4 3277 3280 3281 3282 
4 3275 3277 3282 3283 
4 3276 3275 3283 3284 
4 363 3276 3284 365 
4 362 3272 3276 363 
4 361 3269 3272 362 
4 3285 3286 3287 3288 
4 3286 3289 3290 3287 
4 3288 3287 3291 3292 
4 3287 3290 3293 3291 
4 2227 3294 3285 2226 
4 3294 3295 3286 3285 
4 3295 3296 3289 3286 
4 3296 3281 3280 3289 
4 3289 3280 3279 3290 
4 3290 3279 3278 3293 
4 3293 3278 1087 1086 
4 3291 3293 1086 1085 
4 3292 3291 1085 1084 
4 2222 3292 1084 1083 
4 2228 3288 3292 2222 
4 2226 3285 3288 2228 
4 3297 3298 3299 3300 
4 3298 3301 3302 3299 
4 3300 3299 3303 3304 
4 3299 3302 3305 3303 
4 781 817 3297 3306 
4 817 822 3298 3297 
4 822 821 3301 3298 
4 821 726 3307 3301 
4 3301 3307 3308 3302 
4 3302 3308 3309 3305 
4 3305 3309 3310 3311 
4 3303 3305 3311 3312 
4 3304 3303 3312 3313 
4 3314 3304 3313 3110 
4 3315 3300 3304 3314 
4 3306 3297 3300 3315 
4 3316 3317 3318 3319 
4 3317 3320 3321 3318 
4 3319 3318 3322 3323 
4 3318 3321 3324 3322 
4 740 2920 3316 3325 
4 2920 2922 3317 3316 
4 2922 2921 3320 3317 
4 2921 561 3326 3320 
4 3320 3326 3327 3321 
4 3321 3327 3328 3324 
4 3324 3328 3125 3216 
4 3322 3324 3216 3215 
4 3323 3322 3215 3329 
4 3330 3323 3329 3199 
4 3331 3319 3323 3330 
4 3325 3316 3319 3331 
4 3332 3333 3334 3335 
4 3333 3336 3337 3334 
4 3335 3334 3338 3339 
4 3334 3337 3340 3338 
4 726 728 3332 3341 
4 728 741 3333 3332 
4 741 739 3336 3333 
4 739 740 3325 3336 
4 3336 3325 3331 3337 
4 3337 3331 3330 3340 
4 3340 3330 3199 3198 
4 3338 3340 3198 3197 
4 3339 3338 3197 3195 
4 3342 3339 3195 3194 
4 3343 3335 3339 3342 
4 3341 3332 3335 3343 
4 3344 3345 3346 3347 
4 3345 3348 3349 3346 
4 3347 3346 3350 3351 
4 3346 3349 3352 3350 
4 557 896 3344 3353 
4 896 895 3345 3344 
4 895 894 3348 3345 
4 894 893 3354 3348 
4 3348 3354 3355 3349 
4 3349 3355 3356 3352 
4 3352 3356 2790 3159 
4 3350 3352 3159 3158 
4 3351 3350 3158 3157 
4 3357 3351 3157 3130 
4 3358 3347 3351 3357 
4 3353 3344 3347 3358 
4 3359 3360 3361 3362 
4 3360 3363 3364 3361 
4 3362 3361 3365 3366 
4 3361 3364 3367 3365 
4 969 2989 3359 3368 
4 2989 2988 3360 3359 
4 2988 2987 3363 3360 
4 2987 767 3369 3363 
4 3363 3369 3370 3364 
4 3364 3370 3371 3367 
4 3367 3371 3105 3147 
4 3365 3367 3147 3146 
4 3366 3365 3146 3145 
4 3372 3366 3145 2795 
4 3373 3362 3366 3372 
4 3368 3359 3362 3373 
4 3374 3375 3376 3377 
4 3375 3378 3379 3376 
4 3377 3376 3380 3381 
4 3376 3379 3382 3380 
4 561 560 3374 3326 
4 560 3383 3375 3374 
4 3383 558 3378 3375 
4 558 557 3353 3378 
4 3378 3353 3358 3379 
4 3379 3358 3357 3382 
4 3382 3357 3130 3129 
4 3380 3382 3129 3384 
4 3381 3380 3384 3126 
4 3328 3381 3126 3125 
4 3327 3377 3381 3328 
4 3326 3374 3377 3327 
4 3385 3386 3387 3388 
4 3386 3389 3390 3387 
4 3388 3387 3391 3392 
4 3387 3390 3393 3391 
4 767 769 3385 3369 
4 769 782 3386 3385 
4 782 780 3389 3386 
4 780 781 3306 3389 
4 3389 3306 3315 3390 
4 3390 3315 3314 3393 
4 3393 3314 3110 3109 
4 3391 3393 3109 3108 
4 3392 3391 3108 3106 
4 3371 3392 3106 3105 
4 3370 3388 3392 3371 
4 3369 3385 3388 3370 
4 3394 3395 3396 3397 
4 3395 3398 3399 3396 
4 3397 3396 3400 3401 
4 3396 3399 3402 3400 
4 893 972 3394 3354 
4 972 971 3395 3394 
4 971 970 3398 3395 
4 970 969 3368 3398 
4 3398 3368 3373 3399 
4 3399 3373 3372 3402 
4 3402 3372 2795 2794 
4 3400 3402 2794 2793 
4 3401 3400 2793 2791 
4 3356 3401 2791 2790 
4 3355 3397 3401 3356 
4 3354 3394 3397 3355 
4 3403 3404 3405 3406 
4 3404 3407 3408 3405 
4 3406 3405 3409 3410 
4 3405 3408 3411 3409 
4 836 3412 3403 3413 
4 3412 3414 3404 3403 
4 3414 3415 3407 3404 
4 3415 3416 3417 3407 
4 3407 3417 3418 3408 
4 3408 3418 3419 3411 
4 3411 3419 3261 3420 
4 3409 3411 3420 3421 
4 3410 3409 3421 3422 
4 3423 3410 3422 3424 
4 3425 3406 3410 3423 
4 3413 3403 3406 3425 
4 3426 3427 3428 3429 
4 3427 3430 3431 3428 
4 3429 3428 3432 3433 
4 3428 3431 3434 3432 
4 677 1762 3426 3435 
4 1762 1761 3427 3426 
4 1761 1760 3430 3427 
4 1760 1046 3436 3430 
4 3430 3436 3437 3431 
4 3431 3437 3438 3434 
4 3434 3438 3169 3230 
4 3432 3434 3230 3229 
4 3433 3432 3229 3227 
4 3439 3433 3227 3226 
4 3440 3429 3433 3439 
4 3435 3426 3429 3440 
4 3441 3442 3443 3444 
4 3442 3445 3446 3443 
4 3444 3443 3447 3448 
4 3443 3446 3449 3447 
4 1046 1045 3441 3436 
4 1045 1044 3442 3441 
4 1044 1043 3445 3442 
4 1043 836 3450 3445 
4 3445 3450 3451 3446 
4 3446 3451 3452 3449 
4 3449 3452 3174 3173 
4 3447 3449 3173 3172 
4 3448 3447 3172 3170 
4 3438 3448 3170 3169 
4 3437 3444 3448 3438 
4 3436 3441 3444 3437 
4 3453 3454 3455 3456 
4 3454 3457 3458 3455 
4 3456 3455 3459 3460 
4 3455 3458 3461 3459 
4 801 800 3453 3462 
4 800 799 3454 3453 
4 799 798 3457 3454 
4 798 797 3463 3457 
4 3457 3463 3464 3458 
4 3458 3464 3465 3461 
4 3461 3465 2765 2946 
4 3459 3461 2946 2945 
4 3460 3459 2945 2944 
4 3466 3460 2944 2860 
4 3467 3456 3460 3466 
4 3462 3453 3456 3467 
4 3468 3469 3470 3471 
4 3469 3472 3473 3470 
4 3471 3470 3474 3475 
4 3470 3473 3476 3474 
4 3477 3478 3468 3479 
4 3478 3480 3469 3468 
4 3480 3481 3472 3469 
4 3481 801 3462 3472 
4 3472 3462 3467 3473 
4 3473 3467 3466 3476 
4 3476 3466 2860 2859 
4 3474 3476 2859 2858 
4 3475 3474 2858 2856 
4 3482 3475 2856 2855 
4 3483 3471 3475 3482 
4 3479 3468 3471 3483 
4 3484 3485 3486 3487 
4 3485 3488 3489 3486 
4 3487 3486 3490 3491 
4 3486 3489 3492 3490 
4 873 1030 3484 3493 
4 1030 1029 3485 3484 
4 1029 1028 3488 3485 
4 1028 1027 3494 3488 
4 3488 3494 3495 3489 
4 3489 3495 3496 3492 
4 3492 3496 2815 2842 
4 3490 3492 2842 2841 
4 3491 3490 2841 2840 
4 3497 3491 2840 2770 
4 3498 3487 3491 3497 
4 3493 3484 3487 3498 
4 3499 3500 3501 3502 
4 3500 3503 3504 3501 
4 3502 3501 3505 3506 
4 3501 3504 3507 3505 
4 1027 2975 3499 3494 
4 2975 2977 3500 3499 
4 2977 2976 3503 3500 
4 2976 1695 3508 3503 
4 3503 3508 3509 3504 
4 3504 3509 3510 3507 
4 3507 3510 2820 2819 
4 3505 3507 2819 2818 
4 3506 3505 2818 2816 
4 3496 3506 2816 2815 
4 3495 3502 3506 3496 
4 3494 3499 3502 3495 
4 3511 3512 3513 3514 
4 3512 3515 3516 3513 
4 3514 3513 3517 3518 
4 3513 3516 3519 3517 
4 797 876 3511 3463 
4 876 875 3512 3511 
4 875 874 3515 3512 
4 874 873 3493 3515 
4 3515 3493 3498 3516 
4 3516 3498 3497 3519 
4 3519 3497 2770 2769 
4 3517 3519 2769 2768 
4 3518 3517 2768 2766 
4 3465 3518 2766 2765 
4 3464 3514 3518 3465 
4 3463 3511 3514 3464 
4 3520 3521 1655 1656 
5 3522 3523 3524 3525 3526 
4 3521 1653 1652 1655 
4 3527 3520 1656 1657 
4 3528 3529 1659 1660 
4 3530 3528 1660 1661 
4 3531 3532 3533 3534 
4 3535 3530 1661 1662 
6 3536 3537 3538 3539 3540 3541 
5 3542 3543 3544 3545 3546 
4 3529 3547 1658 1659 
5 3524 3523 3537 3536 3548 
6 3545 3544 3532 3531 3549 3550 
4 1649 1651 1654 1650 
4 1645 1646 1648 1631 
4 1155 305 1632 1630 
3 1157 1629 1626 
3 1158 1627 1620 
3 1614 1619 1615 
4 1612 1616 1607 1606 
9 0 1 2 3 13 14 15 16 17 
4 3 4 12 13 
4 4 5 11 12 
